audio_path,species,duration_s,has_annotation
/home/fcandia/tesis-primate/data/raw/bolivian_squirrel_monkey__SB/20231218.wav,sb,37.04163265306122,True
/home/fcandia/tesis-primate/data/raw/bolivian_squirrel_monkey__SB/20231227_0708.wav,sb,90.67102040816326,True
/home/fcandia/tesis-primate/data/raw/bolivian_squirrel_monkey__SB/20231227_0712.wav,sb,92.44734693877551,True
/home/fcandia/tesis-primate/data/raw/bolivian_squirrel_monkey__SB/20231227_0713.wav,sb,60.81306122448979,True
/home/fcandia/tesis-primate/data/raw/bolivian_squirrel_monkey__SB/20231227_0824.wav,sb,62.04081632653061,True
/home/fcandia/tesis-primate/data/raw/bolivian_squirrel_monkey__SB/20231227_0831.wav,sb,76.09469387755102,True
/home/fcandia/tesis-primate/data/raw/bolivian_squirrel_monkey__SB/20231228_080933.wav,sb,90.85968253968254,True
/home/fcandia/tesis-primate/data/raw/bolivian_squirrel_monkey__SB/20231228_081246.wav,sb,71.21560090702948,True
/home/fcandia/tesis-primate/data/raw/bolivian_squirrel_monkey__SB/20231228_081503.wav,sb,59.65206349206349,True
/home/fcandia/tesis-primate/data/raw/bolivian_squirrel_monkey__SB/20231228_081821.wav,sb,8.266303854875284,True
/home/fcandia/tesis-primate/data/raw/bolivian_squirrel_monkey__SB/20231228_081843.wav,sb,63.947755102040816,True
/home/fcandia/tesis-primate/data/raw/bolivian_squirrel_monkey__SB/20231230_170543.wav,sb,41.07609977324263,True
/home/fcandia/tesis-primate/data/raw/bolivian_squirrel_monkey__SB/20231230_170639.wav,sb,48.77351473922902,True
/home/fcandia/tesis-primate/data/raw/bolivian_squirrel_monkey__SB/20231230_170743.wav,sb,162.63256235827666,True
/home/fcandia/tesis-primate/data/raw/bolivian_squirrel_monkey__SB/20231230_171036.wav,sb,80.67773242630385,True
/home/fcandia/tesis-primate/data/raw/bolivian_squirrel_monkey__SB/20231230_171342.wav,sb,90.26757369614512,True
/home/fcandia/tesis-primate/data/raw/bolivian_squirrel_monkey__SB/20231230_171528.wav,sb,226.89378684807255,True
/home/fcandia/tesis-primate/data/raw/bolivian_squirrel_monkey__SB/20231230_172132.wav,sb,135.41877551020409,True
/home/fcandia/tesis-primate/data/raw/bolivian_squirrel_monkey__SB/20231230_172433.wav,sb,90.92934240362811,True
/home/fcandia/tesis-primate/data/raw/bolivian_squirrel_monkey__SB/20231230_172844.wav,sb,110.60825396825396,True
/home/fcandia/tesis-primate/data/raw/bolivian_squirrel_monkey__SB/20231230_173419.wav,sb,44.66358276643991,True
/home/fcandia/tesis-primate/data/raw/bolivian_squirrel_monkey__SB/20240119_072245.wav,sb,25.56517006802721,True
/home/fcandia/tesis-primate/data/raw/bolivian_squirrel_monkey__SB/20240119_072523.wav,sb,26.482358276643993,True
/home/fcandia/tesis-primate/data/raw/bolivian_squirrel_monkey__SB/20240119_072812.wav,sb,8.835192743764173,True
/home/fcandia/tesis-primate/data/raw/bolivian_squirrel_monkey__SB/20240119_072904.wav,sb,16.54421768707483,True
/home/fcandia/tesis-primate/data/raw/bolivian_squirrel_monkey__SB/20240123_115756.wav,sb,57.13269841269841,True
/home/fcandia/tesis-primate/data/raw/bolivian_squirrel_monkey__SB/20240123_120555.wav,sb,22.871655328798187,True
/home/fcandia/tesis-primate/data/raw/bolivian_squirrel_monkey__SB/20240202_161447.wav,sb,61.11492063492064,True
/home/fcandia/tesis-primate/data/raw/bolivian_squirrel_monkey__SB/20240202_161604.wav,sb,61.648979591836735,True
/home/fcandia/tesis-primate/data/raw/bolivian_squirrel_monkey__SB/20240202_161704.wav,sb,60.26739229024943,True
/home/fcandia/tesis-primate/data/raw/bolivian_squirrel_monkey__SB/20240202_161835.wav,sb,49.08698412698413,True
/home/fcandia/tesis-primate/data/raw/bolivian_squirrel_monkey__SB/20240202_161953.wav,sb,32.64725623582766,True
/home/fcandia/tesis-primate/data/raw/bolivian_squirrel_monkey__SB/20240202_162028.wav,sb,14.535691609977324,True
/home/fcandia/tesis-primate/data/raw/bolivian_squirrel_monkey__SB/20240202_162050.wav,sb,36.594648526077094,True
/home/fcandia/tesis-primate/data/raw/bolivian_squirrel_monkey__SB/20240202_162219.wav,sb,61.13814058956916,True
/home/fcandia/tesis-primate/data/raw/bolivian_squirrel_monkey__SB/20240202_163158.wav,sb,66.03755102040816,True
/home/fcandia/tesis-primate/data/raw/bolivian_squirrel_monkey__SB/20240202_164202.wav,sb,62.5081179138322,True
/home/fcandia/tesis-primate/data/raw/bolivian_squirrel_monkey__SB/20240202_165203.wav,sb,63.36725623582767,True
/home/fcandia/tesis-primate/data/raw/bolivian_squirrel_monkey__SB/20240202_165553.wav,sb,70.49578231292517,True
/home/fcandia/tesis-primate/data/raw/bolivian_squirrel_monkey__SB/20240202_165702.wav,sb,38.75410430839002,True
/home/fcandia/tesis-primate/data/raw/bolivian_squirrel_monkey__SB/20240202_165826.wav,sb,61.85795918367347,True
/home/fcandia/tesis-primate/data/raw/bolivian_squirrel_monkey__SB/20240219_103213.wav,sb,17.182766439909297,True
/home/fcandia/tesis-primate/data/raw/bolivian_squirrel_monkey__SB/20240219_103241.wav,sb,12.805804988662132,True
/home/fcandia/tesis-primate/data/raw/bolivian_squirrel_monkey__SB/20240219_103301.wav,sb,22.27954648526077,True
/home/fcandia/tesis-primate/data/raw/bolivian_squirrel_monkey__SB/20240219_103531.wav,sb,25.054331065759637,True
/home/fcandia/tesis-primate/data/raw/bolivian_squirrel_monkey__SB/20240219_103626.wav,sb,76.09179138321996,True
/home/fcandia/tesis-primate/data/raw/bolivian_squirrel_monkey__SB/20240219_103813.wav,sb,11.784126984126985,True
/home/fcandia/tesis-primate/data/raw/bolivian_squirrel_monkey__SB/20240219_103845.wav,sb,40.41433106575964,True
/home/fcandia/tesis-primate/data/raw/bolivian_squirrel_monkey__SB/20240219_103940.wav,sb,52.41904761904762,True
/home/fcandia/tesis-primate/data/raw/bolivian_squirrel_monkey__SB/20240219_104053.wav,sb,93.49514739229025,True
/home/fcandia/tesis-primate/data/raw/bolivian_squirrel_monkey__SB/20240219_104418.wav,sb,15.696689342403628,True
/home/fcandia/tesis-primate/data/raw/bolivian_squirrel_monkey__SB/20240219_104508.wav,sb,34.586122448979594,True
/home/fcandia/tesis-primate/data/raw/bolivian_squirrel_monkey__SB/20240222_070217.wav,sb,61.916009070294784,True
/home/fcandia/tesis-primate/data/raw/bolivian_squirrel_monkey__SB/20240420_065840.wav,sb,52.465487528344674,True
/home/fcandia/tesis-primate/data/raw/bolivian_squirrel_monkey__SB/20240420_065937.wav,sb,31.79972789115646,True
/home/fcandia/tesis-primate/data/raw/bolivian_squirrel_monkey__SB/20240420_070019.wav,sb,61.40517006802721,True
/home/fcandia/tesis-primate/data/raw/bolivian_squirrel_monkey__SB/20240420_070332.wav,sb,45.61560090702948,True
/home/fcandia/tesis-primate/data/raw/bolivian_squirrel_monkey__SB/20240420_070418.wav,sb,65.85179138321996,True
/home/fcandia/tesis-primate/data/raw/bolivian_squirrel_monkey__SB/20240420_070524.wav,sb,47.217777777777776,True
/home/fcandia/tesis-primate/data/raw/bolivian_squirrel_monkey__SB/20240420_070612.wav,sb,53.057596371882084,True
/home/fcandia/tesis-primate/data/raw/bolivian_squirrel_monkey__SB/20240420_070704.wav,sb,43.59546485260771,True
/home/fcandia/tesis-primate/data/raw/bolivian_squirrel_monkey__SB/20240420_070813.wav,sb,58.53750566893424,True
/home/fcandia/tesis-primate/data/raw/bolivian_squirrel_monkey__SB/20240420_070950.wav,sb,97.26839002267573,True
/home/fcandia/tesis-primate/data/raw/bolivian_squirrel_monkey__SB/20240420_071136.wav,sb,25.518730158730158,True
/home/fcandia/tesis-primate/data/raw/bolivian_squirrel_monkey__SB/20240420_071523.wav,sb,45.94068027210884,True
/home/fcandia/tesis-primate/data/raw/bolivian_squirrel_monkey__SB/20240430_165406.wav,sb,34.80671201814059,True
/home/fcandia/tesis-primate/data/raw/bolivian_squirrel_monkey__SB/20240430_165443.wav,sb,25.588390022675735,True
/home/fcandia/tesis-primate/data/raw/bolivian_squirrel_monkey__SB/20240430_165509.wav,sb,30.127891156462585,True
/home/fcandia/tesis-primate/data/raw/bolivian_squirrel_monkey__SB/20240430_165557.wav,sb,35.131791383219955,True
/home/fcandia/tesis-primate/data/raw/bolivian_squirrel_monkey__SB/20240430_165630.wav,sb,34.17977324263038,True
/home/fcandia/tesis-primate/data/raw/bolivian_squirrel_monkey__SB/20240430_165704.wav,sb,31.927437641723355,True
/home/fcandia/tesis-primate/data/raw/bolivian_squirrel_monkey__SB/20240430_165736.wav,sb,42.71310657596372,True
/home/fcandia/tesis-primate/data/raw/bolivian_squirrel_monkey__SB/20240430_165922.wav,sb,36.548208616780045,True
/home/fcandia/tesis-primate/data/raw/bolivian_squirrel_monkey__SB/20240430_165957.wav,sb,48.692244897959185,True
/home/fcandia/tesis-primate/data/raw/bolivian_squirrel_monkey__SB/20240430_170148.wav,sb,32.03192743764173,True
/home/fcandia/tesis-primate/data/raw/bolivian_squirrel_monkey__SB/20240430_170220.wav,sb,33.274195011337866,True
/home/fcandia/tesis-primate/data/raw/bolivian_squirrel_monkey__SB/20240430_170253.wav,sb,53.336235827664396,True
/home/fcandia/tesis-primate/data/raw/bolivian_squirrel_monkey__SB/20240430_170345.wav,sb,32.8562358276644,True
/home/fcandia/tesis-primate/data/raw/bolivian_squirrel_monkey__SB/20240430_170419.wav,sb,43.32843537414966,True
/home/fcandia/tesis-primate/data/raw/bolivian_squirrel_monkey__SB/20240516_082044.wav,sb,22.360816326530614,True
/home/fcandia/tesis-primate/data/raw/bolivian_squirrel_monkey__SB/20240516_082136.wav,sb,35.65424036281179,True
/home/fcandia/tesis-primate/data/raw/bolivian_squirrel_monkey__SB/20240516_082323.wav,sb,28.003265306122447,True
/home/fcandia/tesis-primate/data/raw/bolivian_squirrel_monkey__SB/20240516_082542.wav,sb,42.22548752834467,True
/home/fcandia/tesis-primate/data/raw/bolivian_squirrel_monkey__SB/20240516_082623.wav,sb,51.478639455782314,True
/home/fcandia/tesis-primate/data/raw/bolivian_squirrel_monkey__SB/20240516_082715.wav,sb,25.797369614512473,True
/home/fcandia/tesis-primate/data/raw/bolivian_squirrel_monkey__SB/20240516_082740.wav,sb,39.77578231292517,True
/home/fcandia/tesis-primate/data/raw/bolivian_squirrel_monkey__SB/20240516_082820.wav,sb,38.91664399092971,True
/home/fcandia/tesis-primate/data/raw/bolivian_squirrel_monkey__SB/20240516_082900.wav,sb,31.741678004535146,True
/home/fcandia/tesis-primate/data/raw/bolivian_squirrel_monkey__SB/20240516_083013.wav,sb,44.51265306122449,True
/home/fcandia/tesis-primate/data/raw/bolivian_squirrel_monkey__SB/20240516_083055.wav,sb,35.22467120181406,True
/home/fcandia/tesis-primate/data/raw/bolivian_squirrel_monkey__SB/20240516_083134.wav,sb,39.613242630385486,True
/home/fcandia/tesis-primate/data/raw/bolivian_squirrel_monkey__SB/20240516_083217.wav,sb,45.41823129251701,True
/home/fcandia/tesis-primate/data/raw/bolivian_squirrel_monkey__SB/20240516_083301.wav,sb,28.096145124716553,True
/home/fcandia/tesis-primate/data/raw/bolivian_squirrel_monkey__SB/20240516_083349.wav,sb,38.47546485260771,True
/home/fcandia/tesis-primate/data/raw/bolivian_squirrel_monkey__SB/20240521_074519.wav,sb,31.695238095238096,True
/home/fcandia/tesis-primate/data/raw/bolivian_squirrel_monkey__SB/20240521_074550.wav,sb,30.232380952380954,True
/home/fcandia/tesis-primate/data/raw/bolivian_squirrel_monkey__SB/20240521_074626.wav,sb,31.463038548752834,True
/home/fcandia/tesis-primate/data/raw/bolivian_squirrel_monkey__SB/20240521_074715.wav,sb,36.10702947845805,True
/home/fcandia/tesis-primate/data/raw/bolivian_squirrel_monkey__SB/20240521_074749.wav,sb,31.30049886621315,True
/home/fcandia/tesis-primate/data/raw/bolivian_squirrel_monkey__SB/20240521_074836.wav,sb,40.751020408163264,True
/home/fcandia/tesis-primate/data/raw/bolivian_squirrel_monkey__SB/20240521_074914.wav,sb,30.511020408163265,True
/home/fcandia/tesis-primate/data/raw/bolivian_squirrel_monkey__SB/20240521_075031.wav,sb,22.31437641723356,True
/home/fcandia/tesis-primate/data/raw/bolivian_squirrel_monkey__SB/20240521_075140.wav,sb,30.394920634920634,True
/home/fcandia/tesis-primate/data/raw/bolivian_squirrel_monkey__SB/20240521_075210.wav,sb,40.58848072562358,True
/home/fcandia/tesis-primate/data/raw/bolivian_squirrel_monkey__SB/20240521_075416.wav,sb,31.277278911564625,True
/home/fcandia/tesis-primate/data/raw/bolivian_squirrel_monkey__SB/20240521_075505.wav,sb,26.02956916099773,True
/home/fcandia/tesis-primate/data/raw/bolivian_squirrel_monkey__SB/20240521_075603.wav,sb,47.69378684807256,True
/home/fcandia/tesis-primate/data/raw/bolivian_squirrel_monkey__SB/20240521_075650.wav,sb,32.69369614512472,True
/home/fcandia/tesis-primate/data/raw/bolivian_squirrel_monkey__SB/20240521_075722.wav,sb,30.603900226757368,True
/home/fcandia/tesis-primate/data/raw/bolivian_squirrel_monkey__SB/20240521_075813.wav,sb,36.060589569160996,True
/home/fcandia/tesis-primate/data/raw/bolivian_squirrel_monkey__SB/20240521_075850.wav,sb,31.463038548752834,True
/home/fcandia/tesis-primate/data/raw/bolivian_squirrel_monkey__SB/20240521_075919.wav,sb,30.325260770975056,True
/home/fcandia/tesis-primate/data/raw/bolivian_squirrel_monkey__SB/20240521_080011.wav,sb,30.905759637188208,True
/home/fcandia/tesis-primate/data/raw/bolivian_squirrel_monkey__SB/20240521_080056.wav,sb,31.60235827664399,True
/home/fcandia/tesis-primate/data/raw/bolivian_squirrel_monkey__SB/20240521_080125.wav,sb,30.37170068027211,True
/home/fcandia/tesis-primate/data/raw/bolivian_squirrel_monkey__SB/20240521_080157.wav,sb,30.139501133786847,True
/home/fcandia/tesis-primate/data/raw/bolivian_squirrel_monkey__SB/20240521_080227.wav,sb,30.511020408163265,True
/home/fcandia/tesis-primate/data/raw/bolivian_squirrel_monkey__SB/20240521_080301.wav,sb,36.52498866213152,True
/home/fcandia/tesis-primate/data/raw/bolivian_squirrel_monkey__SB/20240521_080348.wav,sb,31.184399092970523,True
/home/fcandia/tesis-primate/data/raw/bolivian_squirrel_monkey__SB/20240521_080418.wav,sb,29.95374149659864,True
/home/fcandia/tesis-primate/data/raw/bolivian_squirrel_monkey__SB/20240522_071103.wav,sb,51.55990929705215,True
/home/fcandia/tesis-primate/data/raw/bolivian_squirrel_monkey__SB/20240522_071154.wav,sb,35.31755102040816,True
/home/fcandia/tesis-primate/data/raw/bolivian_squirrel_monkey__SB/20240522_071230.wav,sb,39.21850340136054,True
/home/fcandia/tesis-primate/data/raw/bolivian_squirrel_monkey__SB/20240522_071313.wav,sb,46.672108843537416,True
/home/fcandia/tesis-primate/data/raw/bolivian_squirrel_monkey__SB/20240522_071357.wav,sb,39.9847619047619,True
/home/fcandia/tesis-primate/data/raw/bolivian_squirrel_monkey__SB/20240522_071437.wav,sb,39.77578231292517,True
/home/fcandia/tesis-primate/data/raw/bolivian_squirrel_monkey__SB/20240522_071528.wav,sb,58.212426303854876,True
/home/fcandia/tesis-primate/data/raw/bolivian_squirrel_monkey__SB/20240522_071623.wav,sb,33.78503401360544,True
/home/fcandia/tesis-primate/data/raw/bolivian_squirrel_monkey__SB/20240522_071702.wav,sb,42.53895691609977,True
/home/fcandia/tesis-primate/data/raw/bolivian_squirrel_monkey__SB/20240522_071743.wav,sb,50.80526077097505,True
/home/fcandia/tesis-primate/data/raw/bolivian_squirrel_monkey__SB/20240522_071833.wav,sb,35.48009070294785,True
/home/fcandia/tesis-primate/data/raw/bolivian_squirrel_monkey__SB/20240522_071921.wav,sb,44.18757369614512,True
/home/fcandia/tesis-primate/data/raw/bolivian_squirrel_monkey__SB/20240522_072004.wav,sb,43.885714285714286,True
/home/fcandia/tesis-primate/data/raw/bolivian_squirrel_monkey__SB/20240522_072050.wav,sb,31.834557823129252,True
/home/fcandia/tesis-primate/data/raw/bolivian_squirrel_monkey__SB/20240522_072126.wav,sb,36.73396825396826,True
/home/fcandia/tesis-primate/data/raw/bolivian_squirrel_monkey__SB/20240522_072208.wav,sb,36.02575963718821,True
/home/fcandia/tesis-primate/data/raw/bolivian_squirrel_monkey__SB/20240522_072256.wav,sb,38.568344671201814,True
/home/fcandia/tesis-primate/data/raw/bolivian_squirrel_monkey__SB/20240522_072333.wav,sb,33.28580498866213,True
/home/fcandia/tesis-primate/data/raw/bolivian_squirrel_monkey__SB/20240522_072411.wav,sb,55.93687074829932,True
/home/fcandia/tesis-primate/data/raw/bolivian_squirrel_monkey__SB/20240522_072513.wav,sb,51.316099773242634,True
/home/fcandia/tesis-primate/data/raw/bolivian_squirrel_monkey__SB/20240522_072605.wav,sb,33.041995464852604,True
/home/fcandia/tesis-primate/data/raw/bolivian_squirrel_monkey__SB/20240522_072648.wav,sb,55.77433106575964,True
/home/fcandia/tesis-primate/data/raw/bolivian_squirrel_monkey__SB/20240522_072748.wav,sb,30.905759637188208,True
/home/fcandia/tesis-primate/data/raw/bolivian_squirrel_monkey__SB/20240522_073224.wav,sb,35.72390022675737,True
/home/fcandia/tesis-primate/data/raw/bolivian_squirrel_monkey__SB/20240528_161508.wav,sb,75.51129251700681,True
/home/fcandia/tesis-primate/data/raw/bolivian_squirrel_monkey__SB/20240529_090212.wav,sb,34.49324263038549,True
/home/fcandia/tesis-primate/data/raw/bolivian_squirrel_monkey__SB/20240529_090246.wav,sb,37.6627664399093,True
/home/fcandia/tesis-primate/data/raw/bolivian_squirrel_monkey__SB/20240529_090324.wav,sb,41.703038548752836,True
/home/fcandia/tesis-primate/data/raw/bolivian_squirrel_monkey__SB/20240529_090405.wav,sb,35.75873015873016,True
/home/fcandia/tesis-primate/data/raw/bolivian_squirrel_monkey__SB/20240529_090441.wav,sb,62.09015873015873,True
/home/fcandia/tesis-primate/data/raw/bolivian_squirrel_monkey__SB/20240529_090545.wav,sb,44.76807256235828,True
/home/fcandia/tesis-primate/data/raw/bolivian_squirrel_monkey__SB/20240529_090706.wav,sb,31.428208616780044,True
/home/fcandia/tesis-primate/data/raw/bolivian_squirrel_monkey__SB/20240529_090737.wav,sb,31.230839002267572,True
/home/fcandia/tesis-primate/data/raw/bolivian_squirrel_monkey__SB/20240529_090808.wav,sb,30.67356009070295,True
/home/fcandia/tesis-primate/data/raw/bolivian_squirrel_monkey__SB/20240531_115455.wav,sb,31.068299319727892,True
/home/fcandia/tesis-primate/data/raw/bolivian_squirrel_monkey__SB/20240531_115533.wav,sb,30.882539682539683,True
/home/fcandia/tesis-primate/data/raw/bolivian_squirrel_monkey__SB/20240531_115602.wav,sb,33.3902947845805,True
/home/fcandia/tesis-primate/data/raw/bolivian_squirrel_monkey__SB/20240531_115635.wav,sb,32.90267573696145,True
/home/fcandia/tesis-primate/data/raw/bolivian_squirrel_monkey__SB/20240531_115709.wav,sb,36.22312925170068,True
/home/fcandia/tesis-primate/data/raw/bolivian_squirrel_monkey__SB/20240601_063312.wav,sb,29.76798185941043,True
/home/fcandia/tesis-primate/data/raw/bolivian_squirrel_monkey__SB/20240601_063336.wav,sb,30.511020408163265,True
/home/fcandia/tesis-primate/data/raw/bolivian_squirrel_monkey__SB/20240601_063339.wav,sb,33.90113378684807,True
/home/fcandia/tesis-primate/data/raw/bolivian_squirrel_monkey__SB/20240601_063416.wav,sb,25.68126984126984,True
/home/fcandia/tesis-primate/data/raw/bolivian_squirrel_monkey__SB/20240601_063509.wav,sb,29.6518820861678,True
/home/fcandia/tesis-primate/data/raw/bolivian_squirrel_monkey__SB/20240601_063554.wav,sb,31.068299319727892,True
/home/fcandia/tesis-primate/data/raw/bolivian_squirrel_monkey__SB/20240601_063604.wav,sb,34.92281179138322,True
/home/fcandia/tesis-primate/data/raw/bolivian_squirrel_monkey__SB/20240601_063639.wav,sb,28.490884353741496,True
/home/fcandia/tesis-primate/data/raw/bolivian_squirrel_monkey__SB/20240601_063641.wav,sb,31.695238095238096,True
/home/fcandia/tesis-primate/data/raw/bolivian_squirrel_monkey__SB/20240601_063823.wav,sb,31.13795918367347,True
/home/fcandia/tesis-primate/data/raw/bolivian_squirrel_monkey__SB/20240601_063824.wav,sb,33.0768253968254,True
/home/fcandia/tesis-primate/data/raw/bolivian_squirrel_monkey__SB/20240609_071626.wav,sb,36.29278911564626,True
/home/fcandia/tesis-primate/data/raw/bolivian_squirrel_monkey__SB/20240615_120225.wav,sb,31.13795918367347,True
/home/fcandia/tesis-primate/data/raw/bolivian_squirrel_monkey__SB/20240615_120254.wav,sb,23.127074829931974,True
/home/fcandia/tesis-primate/data/raw/bolivian_squirrel_monkey__SB/20240615_120326.wav,sb,16.648707482993196,True
/home/fcandia/tesis-primate/data/raw/bolivian_squirrel_monkey__SB/20240615_120341.wav,sb,31.950657596371883,True
/home/fcandia/tesis-primate/data/raw/bolivian_squirrel_monkey__SB/20240615_120412.wav,sb,25.21687074829932,True
/home/fcandia/tesis-primate/data/raw/bolivian_squirrel_monkey__SB/20240615_120621.wav,sb,31.579138321995465,True
/home/fcandia/tesis-primate/data/raw/bolivian_squirrel_monkey__SB/20240615_121122.wav,sb,30.278820861678003,True
/home/fcandia/tesis-primate/data/raw/bolivian_squirrel_monkey__SB/20240615_121321.wav,sb,31.045079365079363,True
/home/fcandia/tesis-primate/data/raw/bolivian_squirrel_monkey__SB/20240615_121412.wav,sb,30.812879818594105,True
/home/fcandia/tesis-primate/data/raw/bolivian_squirrel_monkey__SB/20240615_121441.wav,sb,30.093061224489794,True
/home/fcandia/tesis-primate/data/raw/bolivian_squirrel_monkey__SB/20240615_121510.wav,sb,30.37170068027211,True
/home/fcandia/tesis-primate/data/raw/bolivian_squirrel_monkey__SB/20240615_121616.wav,sb,29.90730158730159,True
/home/fcandia/tesis-primate/data/raw/bolivian_squirrel_monkey__SB/20240615_121646.wav,sb,30.046621315192745,True
/home/fcandia/tesis-primate/data/raw/bolivian_squirrel_monkey__SB/20240615_121716.wav,sb,30.232380952380954,True
/home/fcandia/tesis-primate/data/raw/bolivian_squirrel_monkey__SB/20240615_121819.wav,sb,30.162721088435376,True
/home/fcandia/tesis-primate/data/raw/bolivian_squirrel_monkey__SB/20240618_065834.wav,sb,30.522630385487528,True
/home/fcandia/tesis-primate/data/raw/bolivian_squirrel_monkey__SB/20240805_154812.wav,sb,5.317369614512471,True
/home/fcandia/tesis-primate/data/raw/bolivian_squirrel_monkey__SB/20240805_155025.wav,sb,18.738503401360543,True
/home/fcandia/tesis-primate/data/raw/bolivian_squirrel_monkey__SB/20240818_062108.wav,sb,42.44607709750567,True
/home/fcandia/tesis-primate/data/raw/bolivian_squirrel_monkey__SB/20240818_062153.wav,sb,18.808163265306124,True
/home/fcandia/tesis-primate/data/raw/bolivian_squirrel_monkey__SB/20240818_062219.wav,sb,43.90893424036281,True
/home/fcandia/tesis-primate/data/raw/bolivian_squirrel_monkey__SB/20240818_062300.wav,sb,42.48090702947846,True
/home/fcandia/tesis-primate/data/raw/bolivian_squirrel_monkey__SB/20240818_062343.wav,sb,38.33614512471655,True
/home/fcandia/tesis-primate/data/raw/bolivian_squirrel_monkey__SB/20240818_062423.wav,sb,42.6550566893424,True
/home/fcandia/tesis-primate/data/raw/bolivian_squirrel_monkey__SB/20240818_062504.wav,sb,21.687437641723356,True
/home/fcandia/tesis-primate/data/raw/bolivian_squirrel_monkey__SB/20240818_062628.wav,sb,40.4259410430839,True
/home/fcandia/tesis-primate/data/raw/bolivian_squirrel_monkey__SB/20240818_062706.wav,sb,33.55283446712018,True
/home/fcandia/tesis-primate/data/raw/bolivian_squirrel_monkey__SB/20240818_062748.wav,sb,45.2324716553288,True
/home/fcandia/tesis-primate/data/raw/bolivian_squirrel_monkey__SB/20240823_143826.wav,sb,28.212244897959184,True
/home/fcandia/tesis-primate/data/raw/bolivian_squirrel_monkey__SB/20240823_143853.wav,sb,28.93206349206349,True
/home/fcandia/tesis-primate/data/raw/bolivian_squirrel_monkey__SB/20240823_143921.wav,sb,22.267936507936508,True
/home/fcandia/tesis-primate/data/raw/bolivian_squirrel_monkey__SB/20240823_144108.wav,sb,37.50022675736962,True
/home/fcandia/tesis-primate/data/raw/bolivian_squirrel_monkey__SB/20240823_144208.wav,sb,32.48471655328798,True
/home/fcandia/tesis-primate/data/raw/bolivian_squirrel_monkey__SB/20240823_144618.wav,sb,38.81215419501134,True
/home/fcandia/tesis-primate/data/raw/bolivian_squirrel_monkey__SB/20240823_144656.wav,sb,22.244716553287983,True
/home/fcandia/tesis-primate/data/raw/bolivian_squirrel_monkey__SB/20240823_144720.wav,sb,27.028027210884353,True
/home/fcandia/tesis-primate/data/raw/bolivian_squirrel_monkey__SB/20240823_144950.wav,sb,22.511746031746032,True
/home/fcandia/tesis-primate/data/raw/bolivian_squirrel_monkey__SB/20240823_145303.wav,sb,39.021133786848075,True
/home/fcandia/tesis-primate/data/raw/bolivian_squirrel_monkey__SB/20240823_145345.wav,sb,25.774149659863944,True
/home/fcandia/tesis-primate/data/raw/bolivian_squirrel_monkey__SB/20240823_145427.wav,sb,21.13015873015873,True
/home/fcandia/tesis-primate/data/raw/bolivian_squirrel_monkey__SB/20240823_145454.wav,sb,10.077460317460318,True
/home/fcandia/tesis-primate/data/raw/bolivian_squirrel_monkey__SB/20240826_092839.wav,sb,29.071383219954647,True
/home/fcandia/tesis-primate/data/raw/bolivian_squirrel_monkey__SB/20240826_093354.wav,sb,26.993197278911566,True
/home/fcandia/tesis-primate/data/raw/bolivian_squirrel_monkey__SB/20240827_094220.wav,sb,19.957551020408165,True
/home/fcandia/tesis-primate/data/raw/bolivian_squirrel_monkey__SB/20240827_094515.wav,sb,19.922721088435374,True
/home/fcandia/tesis-primate/data/raw/bolivian_squirrel_monkey__SB/20240827_094658.wav,sb,40.41433106575964,True
/home/fcandia/tesis-primate/data/raw/bolivian_squirrel_monkey__SB/20240902_102839.wav,sb,35.03891156462585,True
/home/fcandia/tesis-primate/data/raw/bolivian_squirrel_monkey__SB/20240902_103107.wav,sb,43.58385487528345,True
/home/fcandia/tesis-primate/data/raw/bolivian_squirrel_monkey__SB/20240902_103151.wav,sb,40.89034013605442,True
/home/fcandia/tesis-primate/data/raw/bolivian_squirrel_monkey__SB/20240902_103244.wav,sb,40.30984126984127,True
/home/fcandia/tesis-primate/data/raw/bolivian_squirrel_monkey__SB/20240902_103321.wav,sb,31.63718820861678,True
/home/fcandia/tesis-primate/data/raw/bolivian_squirrel_monkey__SB/20240902_103403.wav,sb,56.505759637188206,True
/home/fcandia/tesis-primate/data/raw/bolivian_squirrel_monkey__SB/20240902_103508.wav,sb,54.35791383219954,True
/home/fcandia/tesis-primate/data/raw/bolivian_squirrel_monkey__SB/20240902_103626.wav,sb,39.21850340136054,True
/home/fcandia/tesis-primate/data/raw/bolivian_squirrel_monkey__SB/20240916_083848.wav,sb,20.990839002267574,True
/home/fcandia/tesis-primate/data/raw/bolivian_squirrel_monkey__SB/20240916_083936.wav,sb,20.06204081632653,True
/home/fcandia/tesis-primate/data/raw/bolivian_squirrel_monkey__SB/20240916_084005.wav,sb,24.079092970521543,True
/home/fcandia/tesis-primate/data/raw/bolivian_squirrel_monkey__SB/20241030_083015.wav,sb,18.22766439909297,True
/home/fcandia/tesis-primate/data/raw/bolivian_squirrel_monkey__SB/20241030_083124.wav,sb,25.913469387755104,True
/home/fcandia/tesis-primate/data/raw/bolivian_squirrel_monkey__SB/20241030_083555.wav,sb,14.489251700680272,True
/home/fcandia/tesis-primate/data/raw/bolivian_squirrel_monkey__SB/20241030_083704.wav,sb,20.131700680272107,True
/home/fcandia/tesis-primate/data/raw/bolivian_squirrel_monkey__SB/20241030_083758.wav,sb,17.205986394557822,True
/home/fcandia/tesis-primate/data/raw/bolivian_squirrel_monkey__SB/20241030_083813.wav,sb,9.450521541950113,True
/home/fcandia/tesis-primate/data/raw/bolivian_squirrel_monkey__SB/20241030_083853.wav,sb,12.585215419501134,True
/home/fcandia/tesis-primate/data/raw/bolivian_squirrel_monkey__SB/20241113_094310.wav,sb,15.232290249433106,True
/home/fcandia/tesis-primate/data/raw/bolivian_squirrel_monkey__SB/20241113_094411.wav,sb,27.237006802721087,True
/home/fcandia/tesis-primate/data/raw/bolivian_squirrel_monkey__SB/20241113_094436.wav,sb,15.62702947845805,True
/home/fcandia/tesis-primate/data/raw/bolivian_squirrel_monkey__SB/20241113_094559.wav,sb,20.503219954648525,True
/home/fcandia/tesis-primate/data/raw/bolivian_squirrel_monkey__SB/20241113_094808.wav,sb,30.603900226757368,True
/home/fcandia/tesis-primate/data/raw/bolivian_squirrel_monkey__SB/20241113_095818.wav,sb,30.174331065759638,True
/home/fcandia/tesis-primate/data/raw/bolivian_squirrel_monkey__SB/241204_0754.wav,sb,23.232,True
/home/fcandia/tesis-primate/data/raw/bolivian_squirrel_monkey__SB/241204_0755 (2).wav,sb,26.952,True
/home/fcandia/tesis-primate/data/raw/bolivian_squirrel_monkey__SB/241204_0756.wav,sb,33.096,True
/home/fcandia/tesis-primate/data/raw/bolivian_squirrel_monkey__SB/241204_0757 (2).wav,sb,49.368,True
/home/fcandia/tesis-primate/data/raw/bolivian_squirrel_monkey__SB/241204_0758.wav,sb,23.256,True
/home/fcandia/tesis-primate/data/raw/bolivian_squirrel_monkey__SB/241204_0759.wav,sb,20.832,True
/home/fcandia/tesis-primate/data/raw/bolivian_squirrel_monkey__SB/241204_0800 (2).wav,sb,28.896,True
/home/fcandia/tesis-primate/data/raw/bolivian_squirrel_monkey__SB/241204_0801.wav,sb,30.072,True
/home/fcandia/tesis-primate/data/raw/bolivian_squirrel_monkey__SB/241204_0802 (2).wav,sb,26.28,True
/home/fcandia/tesis-primate/data/raw/bolivian_squirrel_monkey__SB/241204_0802.wav,sb,24.672,True
/home/fcandia/tesis-primate/data/raw/bolivian_squirrel_monkey__SB/241204_0804 (2).wav,sb,15.84,True
/home/fcandia/tesis-primate/data/raw/bolivian_squirrel_monkey__SB/241204_0804.wav,sb,41.4,True
/home/fcandia/tesis-primate/data/raw/bolivian_squirrel_monkey__SB/241204_0805.wav,sb,22.584,True
/home/fcandia/tesis-primate/data/raw/bolivian_squirrel_monkey__SB/241204_0813.wav,sb,41.568,True
/home/fcandia/tesis-primate/data/raw/bolivian_squirrel_monkey__SB/241204_0814.wav,sb,32.808,True
/home/fcandia/tesis-primate/data/raw/bolivian_squirrel_monkey__SB/E and lower/20231227_0829.wav,sb,39.31428571428572,False
/home/fcandia/tesis-primate/data/raw/bolivian_squirrel_monkey__SB/E and lower/20231227_0834.wav,sb,62.69387755102041,False
/home/fcandia/tesis-primate/data/raw/bolivian_squirrel_monkey__SB/E and lower/20240219_103227.wav,sb,2.9024943310657596,False
/home/fcandia/tesis-primate/data/raw/bolivian_squirrel_monkey__SB/E and lower/20240430_170110.wav,sb,35.80517006802721,False
/home/fcandia/tesis-primate/data/raw/bolivian_squirrel_monkey__SB/E and lower/20240522_073302.wav,sb,37.94140589569161,False
/home/fcandia/tesis-primate/data/raw/bolivian_squirrel_monkey__SB/E and lower/20240522_073358.wav,sb,15.74312925170068,False
/home/fcandia/tesis-primate/data/raw/bolivian_squirrel_monkey__SB/E and lower/20240609_071701.wav,sb,29.059773242630385,False
/home/fcandia/tesis-primate/data/raw/bolivian_squirrel_monkey__SB/E and lower/20240615_121037.wav,sb,45.04671201814059,False
/home/fcandia/tesis-primate/data/raw/bolivian_squirrel_monkey__SB/E and lower/20240617_153224.wav,sb,54.485623582766436,False
/home/fcandia/tesis-primate/data/raw/bolivian_squirrel_monkey__SB/E and lower/20240617_161411.wav,sb,31.0334693877551,False
/home/fcandia/tesis-primate/data/raw/bolivian_squirrel_monkey__SB/E and lower/20240617_161540.wav,sb,30.476190476190474,False
/home/fcandia/tesis-primate/data/raw/bolivian_squirrel_monkey__SB/E and lower/20240617_161705.wav,sb,38.91664399092971,False
/home/fcandia/tesis-primate/data/raw/bolivian_squirrel_monkey__SB/E and lower/20240617_161800.wav,sb,46.892698412698415,False
/home/fcandia/tesis-primate/data/raw/bolivian_squirrel_monkey__SB/E and lower/20240617_161904.wav,sb,34.37714285714286,False
/home/fcandia/tesis-primate/data/raw/bolivian_squirrel_monkey__SB/E and lower/20240617_170025.wav,sb,66.83863945578231,False
/home/fcandia/tesis-primate/data/raw/bolivian_squirrel_monkey__SB/E and lower/20240905_094116.wav,sb,32.60081632653061,False
/home/fcandia/tesis-primate/data/raw/bolivian_squirrel_monkey__SB/E and lower/20241113_094236.wav,sb,15.986938775510204,False
/home/fcandia/tesis-primate/data/raw/bolivian_squirrel_monkey__SB/E and lower/20241113_094310.wav,sb,15.232290249433106,False
/home/fcandia/tesis-primate/data/raw/bolivian_squirrel_monkey__SB/E and lower/20241113_094411.wav,sb,27.237006802721087,False
/home/fcandia/tesis-primate/data/raw/bolivian_squirrel_monkey__SB/E and lower/20241113_094436.wav,sb,15.62702947845805,False
/home/fcandia/tesis-primate/data/raw/bolivian_squirrel_monkey__SB/E and lower/20241113_094559.wav,sb,20.503219954648525,False
/home/fcandia/tesis-primate/data/raw/bolivian_squirrel_monkey__SB/E and lower/20241113_094808.wav,sb,30.603900226757368,False
/home/fcandia/tesis-primate/data/raw/bolivian_squirrel_monkey__SB/E and lower/20241113_095818.wav,sb,30.174331065759638,False
/home/fcandia/tesis-primate/data/raw/bolivian_squirrel_monkey__SB/E and lower/20241113_095956.wav,sb,31.62557823129252,False
/home/fcandia/tesis-primate/data/raw/bolivian_squirrel_monkey__SB/E and lower/20241113_100621.wav,sb,22.46530612244898,False
/home/fcandia/tesis-primate/data/raw/bolivian_squirrel_monkey__SB/NEW SOUNDS/20240219_104648.wav,sb,22.151836734693877,False
/home/fcandia/tesis-primate/data/raw/bolivian_squirrel_monkey__SB/NEW SOUNDS/20240617_162314.wav,sb,30.522630385487528,False
/home/fcandia/tesis-primate/data/raw/bolivian_squirrel_monkey__SB/NEW SOUNDS/20240617_162348.wav,sb,33.065215419501136,False
/home/fcandia/tesis-primate/data/raw/bolivian_squirrel_monkey__SB/NEW SOUNDS/20240617_162433.wav,sb,20.94439909297052,False
/home/fcandia/tesis-primate/data/raw/bolivian_squirrel_monkey__SB/NEW SOUNDS/241204_0757.wav,sb,33.432,False
/home/fcandia/tesis-primate/data/raw/bolivian_squirrel_monkey__SB/NEW SOUNDS/241204_0800.wav,sb,39.624,False
/home/fcandia/tesis-primate/data/raw/bolivian_squirrel_monkey__SB/NEW SOUNDS/241204_0801 (2).wav,sb,26.544,False
/home/fcandia/tesis-primate/data/raw/bolivian_squirrel_monkey__SB/NEW SOUNDS/241204_0818 (2).wav,sb,2.64,False
/home/fcandia/tesis-primate/data/raw/bolivian_squirrel_monkey__SB/NEW SOUNDS/241204_0818.wav,sb,14.952,False
/home/fcandia/tesis-primate/data/raw/howler_monkey__AS/20240120_053202.wav,as,60.09324263038549,True
/home/fcandia/tesis-primate/data/raw/howler_monkey__AS/20240120_053301.wav,as,61.09170068027211,True
/home/fcandia/tesis-primate/data/raw/howler_monkey__AS/20240120_053412.wav,as,106.417052154195,True
/home/fcandia/tesis-primate/data/raw/howler_monkey__AS/20240120_065845.wav,as,98.24362811791383,False
/home/fcandia/tesis-primate/data/raw/howler_monkey__AS/20240120_070021.wav,as,60.55764172335601,True
/home/fcandia/tesis-primate/data/raw/howler_monkey__AS/20240120_070122.wav,as,61.045260770975055,True
/home/fcandia/tesis-primate/data/raw/howler_monkey__AS/20240120_070223.wav,as,73.51437641723356,True
/home/fcandia/tesis-primate/data/raw/howler_monkey__AS/20240120_070326.wav,as,101.958820861678,True
/home/fcandia/tesis-primate/data/raw/howler_monkey__AS/20240120_070337.wav,as,60.41832199546485,True
/home/fcandia/tesis-primate/data/raw/howler_monkey__AS/20240120_070438.wav,as,56.86566893424036,True
/home/fcandia/tesis-primate/data/raw/howler_monkey__AS/20240120_070509.wav,as,114.00997732426303,True
/home/fcandia/tesis-primate/data/raw/howler_monkey__AS/20240120_070707.wav,as,61.486439909297054,True
/home/fcandia/tesis-primate/data/raw/howler_monkey__AS/20240120_070807.wav,as,61.811519274376415,True
/home/fcandia/tesis-primate/data/raw/howler_monkey__AS/20240120_070925.wav,as,61.09170068027211,True
/home/fcandia/tesis-primate/data/raw/howler_monkey__AS/20240131_053544.wav,as,37.9762358276644,True
/home/fcandia/tesis-primate/data/raw/howler_monkey__AS/20240203_053413.wav,as,62.70548752834467,True
/home/fcandia/tesis-primate/data/raw/howler_monkey__AS/20240203_053517.wav,as,75.78993197278912,True
/home/fcandia/tesis-primate/data/raw/howler_monkey__AS/20240404_164355.wav,as,124.69115646258503,True
/home/fcandia/tesis-primate/data/raw/howler_monkey__AS/20240404_164557.wav,as,73.07319727891156,True
/home/fcandia/tesis-primate/data/raw/howler_monkey__AS/20240404_164717.wav,as,51.40897959183673,True
/home/fcandia/tesis-primate/data/raw/howler_monkey__AS/20240405_055925.wav,as,240.75609977324262,True
/home/fcandia/tesis-primate/data/raw/howler_monkey__AS/20240407_071738.wav,as,31.13795918367347,True
/home/fcandia/tesis-primate/data/raw/howler_monkey__AS/20240407_071807.wav,as,9.752380952380953,True
/home/fcandia/tesis-primate/data/raw/howler_monkey__AS/20240409_052537.wav,as,30.30204081632653,True
/home/fcandia/tesis-primate/data/raw/howler_monkey__AS/20240410_052038.wav,as,21.28108843537415,True
/home/fcandia/tesis-primate/data/raw/howler_monkey__AS/20240410_052059.wav,as,27.028027210884353,True
/home/fcandia/tesis-primate/data/raw/howler_monkey__AS/20240410_052125.wav,as,28.897233560090704,True
/home/fcandia/tesis-primate/data/raw/howler_monkey__AS/20240410_052154.wav,as,5.5495691609977325,True
/home/fcandia/tesis-primate/data/raw/howler_monkey__AS/20240410_052341.wav,as,14.883990929705215,True
/home/fcandia/tesis-primate/data/raw/howler_monkey__AS/20240410_052355.wav,as,11.946666666666667,True
/home/fcandia/tesis-primate/data/raw/howler_monkey__AS/20240411_060408.wav,as,41.029659863945575,True
/home/fcandia/tesis-primate/data/raw/howler_monkey__AS/20240411_060806.wav,as,28.63020408163265,True
/home/fcandia/tesis-primate/data/raw/howler_monkey__AS/20240411_060923.wav,as,46.04517006802721,True
/home/fcandia/tesis-primate/data/raw/howler_monkey__AS/20240411_061021.wav,as,30.766439909297052,True
/home/fcandia/tesis-primate/data/raw/howler_monkey__AS/20240411_061105.wav,as,30.627120181405896,True
/home/fcandia/tesis-primate/data/raw/howler_monkey__AS/20240411_061204.wav,as,21.24625850340136,True
/home/fcandia/tesis-primate/data/raw/howler_monkey__AS/20240411_061235.wav,as,31.880997732426305,True
/home/fcandia/tesis-primate/data/raw/howler_monkey__AS/20240411_061331.wav,as,20.456780045351476,True
/home/fcandia/tesis-primate/data/raw/howler_monkey__AS/20240412_064731.wav,as,65.99111111111111,True
/home/fcandia/tesis-primate/data/raw/howler_monkey__AS/20240412_064835.wav,as,50.944580498866216,True
/home/fcandia/tesis-primate/data/raw/howler_monkey__AS/20240412_064926.wav,as,49.64426303854875,True
/home/fcandia/tesis-primate/data/raw/howler_monkey__AS/20240412_065017.wav,as,72.22566893424036,True
/home/fcandia/tesis-primate/data/raw/howler_monkey__AS/20240412_065135.wav,as,59.33859410430839,True
/home/fcandia/tesis-primate/data/raw/howler_monkey__AS/20240412_065235.wav,as,56.029750566893426,True
/home/fcandia/tesis-primate/data/raw/howler_monkey__AS/20240412_065411.wav,as,31.172789115646257,True
/home/fcandia/tesis-primate/data/raw/howler_monkey__AS/20240412_065440.wav,as,22.871655328798187,True
/home/fcandia/tesis-primate/data/raw/howler_monkey__AS/20240415_121450.wav,as,30.812879818594105,True
/home/fcandia/tesis-primate/data/raw/howler_monkey__AS/20240417_053825.wav,as,31.37015873015873,True
/home/fcandia/tesis-primate/data/raw/howler_monkey__AS/20240417_053856.wav,as,30.789659863945577,True
/home/fcandia/tesis-primate/data/raw/howler_monkey__AS/20240417_053933.wav,as,31.184399092970523,True
/home/fcandia/tesis-primate/data/raw/howler_monkey__AS/20240417_054007.wav,as,31.32371882086168,True
/home/fcandia/tesis-primate/data/raw/howler_monkey__AS/20240417_054035.wav,as,30.65034013605442,True
/home/fcandia/tesis-primate/data/raw/howler_monkey__AS/20240417_054154.wav,as,30.48780045351474,True
/home/fcandia/tesis-primate/data/raw/howler_monkey__AS/20240417_054224.wav,as,30.55746031746032,True
/home/fcandia/tesis-primate/data/raw/howler_monkey__AS/20240417_054300.wav,as,40.79746031746032,True
/home/fcandia/tesis-primate/data/raw/howler_monkey__AS/20240417_054338.wav,as,30.55746031746032,True
/home/fcandia/tesis-primate/data/raw/howler_monkey__AS/20240417_054409.wav,as,30.37170068027211,True
/home/fcandia/tesis-primate/data/raw/howler_monkey__AS/20240417_054439.wav,as,30.627120181405896,True
/home/fcandia/tesis-primate/data/raw/howler_monkey__AS/20240417_054522.wav,as,30.905759637188208,True
/home/fcandia/tesis-primate/data/raw/howler_monkey__AS/20240418_052229.wav,as,25.56517006802721,True
/home/fcandia/tesis-primate/data/raw/howler_monkey__AS/20240418_052311.wav,as,31.277278911564625,True
/home/fcandia/tesis-primate/data/raw/howler_monkey__AS/20240418_052341.wav,as,31.068299319727892,True
/home/fcandia/tesis-primate/data/raw/howler_monkey__AS/20240418_052412.wav,as,30.696780045351474,True
/home/fcandia/tesis-primate/data/raw/howler_monkey__AS/20240418_071538.wav,as,31.230839002267572,True
/home/fcandia/tesis-primate/data/raw/howler_monkey__AS/20240418_071608.wav,as,30.928979591836736,True
/home/fcandia/tesis-primate/data/raw/howler_monkey__AS/20240418_071709.wav,as,30.25560090702948,True
/home/fcandia/tesis-primate/data/raw/howler_monkey__AS/20240420_052340.wav,as,31.60235827664399,True
/home/fcandia/tesis-primate/data/raw/howler_monkey__AS/20240420_052425.wav,as,31.045079365079363,True
/home/fcandia/tesis-primate/data/raw/howler_monkey__AS/20240420_052513.wav,as,30.998639455782314,True
/home/fcandia/tesis-primate/data/raw/howler_monkey__AS/20240420_052542.wav,as,31.811337868480727,True
/home/fcandia/tesis-primate/data/raw/howler_monkey__AS/20240420_052616.wav,as,30.83609977324263,True
/home/fcandia/tesis-primate/data/raw/howler_monkey__AS/20240420_052645.wav,as,17.925804988662133,True
/home/fcandia/tesis-primate/data/raw/howler_monkey__AS/20240420_052705.wav,as,30.998639455782314,True
/home/fcandia/tesis-primate/data/raw/howler_monkey__AS/20240420_052742.wav,as,31.463038548752834,True
/home/fcandia/tesis-primate/data/raw/howler_monkey__AS/20240420_052810.wav,as,30.511020408163265,True
/home/fcandia/tesis-primate/data/raw/howler_monkey__AS/20240420_052841.wav,as,31.02185941043084,True
/home/fcandia/tesis-primate/data/raw/howler_monkey__AS/20240420_052912.wav,as,30.975419501133786,True
/home/fcandia/tesis-primate/data/raw/howler_monkey__AS/20240420_052944.wav,as,30.928979591836736,True
/home/fcandia/tesis-primate/data/raw/howler_monkey__AS/20240420_053014.wav,as,30.928979591836736,True
/home/fcandia/tesis-primate/data/raw/howler_monkey__AS/20240420_053105.wav,as,31.32371882086168,True
/home/fcandia/tesis-primate/data/raw/howler_monkey__AS/20240420_053134.wav,as,32.46149659863946,True
/home/fcandia/tesis-primate/data/raw/howler_monkey__AS/20240420_053207.wav,as,26.05278911564626,True
/home/fcandia/tesis-primate/data/raw/howler_monkey__AS/20240421_052850.wav,as,32.62403628117914,True
/home/fcandia/tesis-primate/data/raw/howler_monkey__AS/20240421_052924.wav,as,31.555918367346937,True
/home/fcandia/tesis-primate/data/raw/howler_monkey__AS/20240421_053008.wav,as,30.325260770975056,True
/home/fcandia/tesis-primate/data/raw/howler_monkey__AS/20240421_053036.wav,as,25.402630385487527,True
/home/fcandia/tesis-primate/data/raw/howler_monkey__AS/20240421_053104.wav,as,30.859319727891158,True
/home/fcandia/tesis-primate/data/raw/howler_monkey__AS/20240421_053142.wav,as,26.308208616780046,True
/home/fcandia/tesis-primate/data/raw/howler_monkey__AS/20240422_065425.wav,as,49.621043083900226,True
/home/fcandia/tesis-primate/data/raw/howler_monkey__AS/20240422_065546.wav,as,45.952290249433105,True
/home/fcandia/tesis-primate/data/raw/howler_monkey__AS/20240422_065719.wav,as,31.880997732426305,True
/home/fcandia/tesis-primate/data/raw/howler_monkey__AS/20240422_065835.wav,as,31.393378684807256,True
/home/fcandia/tesis-primate/data/raw/howler_monkey__AS/20240422_065921.wav,as,32.995555555555555,True
/home/fcandia/tesis-primate/data/raw/howler_monkey__AS/20240422_070026.wav,as,42.53895691609977,True
/home/fcandia/tesis-primate/data/raw/howler_monkey__AS/20240423_055155.wav,as,47.11328798185941,True
/home/fcandia/tesis-primate/data/raw/howler_monkey__AS/20240423_055301.wav,as,41.40117913832199,True
/home/fcandia/tesis-primate/data/raw/howler_monkey__AS/20240423_055639.wav,as,31.37015873015873,True
/home/fcandia/tesis-primate/data/raw/howler_monkey__AS/20240423_055714.wav,as,45.7665306122449,True
/home/fcandia/tesis-primate/data/raw/howler_monkey__AS/20240423_055804.wav,as,36.24634920634921,True
/home/fcandia/tesis-primate/data/raw/howler_monkey__AS/20240423_055841.wav,as,45.7665306122449,True
/home/fcandia/tesis-primate/data/raw/howler_monkey__AS/20240426_082832.wav,as,27.794285714285714,True
/home/fcandia/tesis-primate/data/raw/howler_monkey__AS/20240426_082909.wav,as,52.50031746031746,True
/home/fcandia/tesis-primate/data/raw/howler_monkey__AS/20240426_083020.wav,as,41.84235827664399,True
/home/fcandia/tesis-primate/data/raw/howler_monkey__AS/20240426_083203.wav,as,18.784943310657596,True
/home/fcandia/tesis-primate/data/raw/howler_monkey__AS/20240427_052823.wav,as,28.409614512471656,True
/home/fcandia/tesis-primate/data/raw/howler_monkey__AS/20240427_052853.wav,as,29.00172335600907,True
/home/fcandia/tesis-primate/data/raw/howler_monkey__AS/20240428_162517.wav,as,21.966077097505668,True
/home/fcandia/tesis-primate/data/raw/howler_monkey__AS/20240429_053420.wav,as,25.414240362811793,True
/home/fcandia/tesis-primate/data/raw/howler_monkey__AS/20240429_053445.wav,as,30.67356009070295,True
/home/fcandia/tesis-primate/data/raw/howler_monkey__AS/20240429_053515.wav,as,33.34385487528345,True
/home/fcandia/tesis-primate/data/raw/howler_monkey__AS/20240429_053549.wav,as,30.603900226757368,True
/home/fcandia/tesis-primate/data/raw/howler_monkey__AS/20240429_053619.wav,as,30.441360544217687,True
/home/fcandia/tesis-primate/data/raw/howler_monkey__AS/20240429_053701.wav,as,47.53124716553288,True
/home/fcandia/tesis-primate/data/raw/howler_monkey__AS/20240429_053807.wav,as,62.04371882086168,True
/home/fcandia/tesis-primate/data/raw/howler_monkey__AS/20240429_053940.wav,as,57.84090702947846,True
/home/fcandia/tesis-primate/data/raw/howler_monkey__AS/20240429_054309.wav,as,30.998639455782314,True
/home/fcandia/tesis-primate/data/raw/howler_monkey__AS/20240429_054403.wav,as,25.518730158730158,True
/home/fcandia/tesis-primate/data/raw/howler_monkey__AS/20240430_164657.wav,as,44.698412698412696,True
/home/fcandia/tesis-primate/data/raw/howler_monkey__AS/20240430_164740.wav,as,37.70920634920635,True
/home/fcandia/tesis-primate/data/raw/howler_monkey__AS/20240430_164818.wav,as,50.43374149659864,True
/home/fcandia/tesis-primate/data/raw/howler_monkey__AS/20240430_164909.wav,as,54.00961451247166,True
/home/fcandia/tesis-primate/data/raw/howler_monkey__AS/20240430_165003.wav,as,51.037460317460315,True
/home/fcandia/tesis-primate/data/raw/howler_monkey__AS/20240430_165054.wav,as,34.08689342403628,True
/home/fcandia/tesis-primate/data/raw/howler_monkey__AS/20240430_165128.wav,as,57.91056689342403,True
/home/fcandia/tesis-primate/data/raw/howler_monkey__AS/20240430_165236.wav,as,56.401269841269844,True
/home/fcandia/tesis-primate/data/raw/howler_monkey__AS/20240430_165330.wav,as,19.52798185941043,True
/home/fcandia/tesis-primate/data/raw/howler_monkey__AS/20240501_052053.wav,as,30.30204081632653,True
/home/fcandia/tesis-primate/data/raw/howler_monkey__AS/20240501_052543.wav,as,30.859319727891158,True
/home/fcandia/tesis-primate/data/raw/howler_monkey__AS/20240501_052721.wav,as,18.06512471655329,True
/home/fcandia/tesis-primate/data/raw/howler_monkey__AS/20240501_053006.wav,as,26.308208616780046,True
/home/fcandia/tesis-primate/data/raw/howler_monkey__AS/20240501_053149.wav,as,26.447528344671202,True
/home/fcandia/tesis-primate/data/raw/howler_monkey__AS/20240501_053331.wav,as,30.72,True
/home/fcandia/tesis-primate/data/raw/howler_monkey__AS/20240501_053409.wav,as,26.540408163265305,True
/home/fcandia/tesis-primate/data/raw/howler_monkey__AS/20240501_053530.wav,as,26.81904761904762,True
/home/fcandia/tesis-primate/data/raw/howler_monkey__AS/20240501_053600.wav,as,30.859319727891158,True
/home/fcandia/tesis-primate/data/raw/howler_monkey__AS/20240501_053742.wav,as,45.88263038548753,True
/home/fcandia/tesis-primate/data/raw/howler_monkey__AS/20240501_054533.wav,as,45.627210884353744,True
/home/fcandia/tesis-primate/data/raw/howler_monkey__AS/20240501_054806.wav,as,31.13795918367347,True
/home/fcandia/tesis-primate/data/raw/howler_monkey__AS/20240501_054835.wav,as,30.55746031746032,True
/home/fcandia/tesis-primate/data/raw/howler_monkey__AS/20240502_053512.wav,as,26.308208616780046,True
/home/fcandia/tesis-primate/data/raw/howler_monkey__AS/20240503_110006.wav,as,25.25170068027211,True
/home/fcandia/tesis-primate/data/raw/howler_monkey__AS/20240503_110030.wav,as,28.81596371882086,True
/home/fcandia/tesis-primate/data/raw/howler_monkey__AS/20240503_110059.wav,as,31.184399092970523,True
/home/fcandia/tesis-primate/data/raw/howler_monkey__AS/20240503_110132.wav,as,34.08689342403628,True
/home/fcandia/tesis-primate/data/raw/howler_monkey__AS/20240503_110205.wav,as,31.555918367346937,True
/home/fcandia/tesis-primate/data/raw/howler_monkey__AS/20240504_053800.wav,as,31.02185941043084,True
/home/fcandia/tesis-primate/data/raw/howler_monkey__AS/20240504_053831.wav,as,33.94757369614513,True
/home/fcandia/tesis-primate/data/raw/howler_monkey__AS/20240504_053923.wav,as,39.84544217687075,True
/home/fcandia/tesis-primate/data/raw/howler_monkey__AS/20240504_054001.wav,as,33.97079365079365,True
/home/fcandia/tesis-primate/data/raw/howler_monkey__AS/20240504_054037.wav,as,41.21541950113379,True
/home/fcandia/tesis-primate/data/raw/howler_monkey__AS/20240504_054116.wav,as,30.34848072562358,True
/home/fcandia/tesis-primate/data/raw/howler_monkey__AS/20240504_054229.wav,as,27.00480725623583,True
/home/fcandia/tesis-primate/data/raw/howler_monkey__AS/20240504_054259.wav,as,58.83936507936508,True
/home/fcandia/tesis-primate/data/raw/howler_monkey__AS/20240505_094124.wav,as,26.05278911564626,True
/home/fcandia/tesis-primate/data/raw/howler_monkey__AS/20240505_094148.wav,as,16.219138321995466,True
/home/fcandia/tesis-primate/data/raw/howler_monkey__AS/20240505_094216.wav,as,30.83609977324263,True
/home/fcandia/tesis-primate/data/raw/howler_monkey__AS/20240505_094244.wav,as,34.249433106575964,True
/home/fcandia/tesis-primate/data/raw/howler_monkey__AS/20240505_094318.wav,as,35.80517006802721,True
/home/fcandia/tesis-primate/data/raw/howler_monkey__AS/20240505_094354.wav,as,30.232380952380954,True
/home/fcandia/tesis-primate/data/raw/howler_monkey__AS/20240505_094533.wav,as,37.68598639455782,True
/home/fcandia/tesis-primate/data/raw/howler_monkey__AS/20240505_094608.wav,as,39.24172335600907,True
/home/fcandia/tesis-primate/data/raw/howler_monkey__AS/20240505_094647.wav,as,40.216961451247165,True
/home/fcandia/tesis-primate/data/raw/howler_monkey__AS/20240505_094727.wav,as,33.73859410430839,True
/home/fcandia/tesis-primate/data/raw/howler_monkey__AS/20240505_094804.wav,as,43.53741496598639,True
/home/fcandia/tesis-primate/data/raw/howler_monkey__AS/20240505_094848.wav,as,35.36399092970522,True
/home/fcandia/tesis-primate/data/raw/howler_monkey__AS/20240506_074008.wav,as,4.9806802721088435,True
/home/fcandia/tesis-primate/data/raw/howler_monkey__AS/20240506_074043.wav,as,38.49868480725623,True
/home/fcandia/tesis-primate/data/raw/howler_monkey__AS/20240506_074120.wav,as,37.63954648526077,True
/home/fcandia/tesis-primate/data/raw/howler_monkey__AS/20240506_074218.wav,as,48.59936507936508,True
/home/fcandia/tesis-primate/data/raw/howler_monkey__AS/20240506_074305.wav,as,37.40734693877551,True
/home/fcandia/tesis-primate/data/raw/howler_monkey__AS/20240506_074401.wav,as,38.11555555555555,True
/home/fcandia/tesis-primate/data/raw/howler_monkey__AS/20240507_054015.wav,as,33.52961451247165,True
/home/fcandia/tesis-primate/data/raw/howler_monkey__AS/20240507_054304.wav,as,31.312108843537416,True
/home/fcandia/tesis-primate/data/raw/howler_monkey__AS/20240507_054335.wav,as,34.08689342403628,True
/home/fcandia/tesis-primate/data/raw/howler_monkey__AS/20240507_054442.wav,as,17.08988662131519,True
/home/fcandia/tesis-primate/data/raw/howler_monkey__AS/20240507_060009.wav,as,45.39501133786848,True
/home/fcandia/tesis-primate/data/raw/howler_monkey__AS/20240507_060155.wav,as,31.02185941043084,True
/home/fcandia/tesis-primate/data/raw/howler_monkey__AS/20240507_060257.wav,as,17.438185941043084,True
/home/fcandia/tesis-primate/data/raw/howler_monkey__AS/20240507_060319.wav,as,25.704489795918366,True
/home/fcandia/tesis-primate/data/raw/howler_monkey__AS/20240507_061738.wav,as,26.540408163265305,True
/home/fcandia/tesis-primate/data/raw/howler_monkey__AS/20240507_061929.wav,as,41.35473922902494,True
/home/fcandia/tesis-primate/data/raw/howler_monkey__AS/20240507_062013.wav,as,32.995555555555555,True
/home/fcandia/tesis-primate/data/raw/howler_monkey__AS/20240507_062049.wav,as,30.95219954648526,True
/home/fcandia/tesis-primate/data/raw/howler_monkey__AS/20240507_065439.wav,as,30.766439909297052,True
/home/fcandia/tesis-primate/data/raw/howler_monkey__AS/20240508_091332.wav,as,31.10312925170068,True
/home/fcandia/tesis-primate/data/raw/howler_monkey__AS/20240508_091403.wav,as,26.679727891156464,True
/home/fcandia/tesis-primate/data/raw/howler_monkey__AS/20240508_091434.wav,as,34.43519274376417,True
/home/fcandia/tesis-primate/data/raw/howler_monkey__AS/20240508_091507.wav,as,30.464580498866212,True
/home/fcandia/tesis-primate/data/raw/howler_monkey__AS/20240508_091537.wav,as,31.60235827664399,True
/home/fcandia/tesis-primate/data/raw/howler_monkey__AS/20240508_091616.wav,as,10.12390022675737,True
/home/fcandia/tesis-primate/data/raw/howler_monkey__AS/20240508_091630.wav,as,34.66739229024943,True
/home/fcandia/tesis-primate/data/raw/howler_monkey__AS/20240508_091702.wav,as,29.1178231292517,True
/home/fcandia/tesis-primate/data/raw/howler_monkey__AS/20240508_091759.wav,as,34.93442176870748,True
/home/fcandia/tesis-primate/data/raw/howler_monkey__AS/20240508_091833.wav,as,34.0172335600907,True
/home/fcandia/tesis-primate/data/raw/howler_monkey__AS/20240508_091907.wav,as,31.834557823129252,True
/home/fcandia/tesis-primate/data/raw/howler_monkey__AS/20240508_091947.wav,as,42.956916099773245,True
/home/fcandia/tesis-primate/data/raw/howler_monkey__AS/20240508_092028.wav,as,39.7990022675737,True
/home/fcandia/tesis-primate/data/raw/howler_monkey__AS/20240508_092109.wav,as,31.045079365079363,True
/home/fcandia/tesis-primate/data/raw/howler_monkey__AS/20240508_092147.wav,as,36.36244897959184,True
/home/fcandia/tesis-primate/data/raw/howler_monkey__AS/20240508_092242.wav,as,32.42666666666667,True
/home/fcandia/tesis-primate/data/raw/howler_monkey__AS/20240508_092314.wav,as,31.184399092970523,True
/home/fcandia/tesis-primate/data/raw/howler_monkey__AS/20240508_092352.wav,as,21.640997732426303,True
/home/fcandia/tesis-primate/data/raw/howler_monkey__AS/20240508_092413.wav,as,42.399637188208615,True
/home/fcandia/tesis-primate/data/raw/howler_monkey__AS/20240508_092545.wav,as,20.01560090702948,True
/home/fcandia/tesis-primate/data/raw/howler_monkey__AS/20240508_092605.wav,as,33.55283446712018,True
/home/fcandia/tesis-primate/data/raw/howler_monkey__AS/20240508_092637.wav,as,31.950657596371883,True
/home/fcandia/tesis-primate/data/raw/howler_monkey__AS/20240508_092813.wav,as,25.356190476190477,True
/home/fcandia/tesis-primate/data/raw/howler_monkey__AS/20240508_092901.wav,as,36.75718820861678,True
/home/fcandia/tesis-primate/data/raw/howler_monkey__AS/20240508_092935.wav,as,33.01877551020408,True
/home/fcandia/tesis-primate/data/raw/howler_monkey__AS/20240508_093205.wav,as,42.00489795918367,True
/home/fcandia/tesis-primate/data/raw/howler_monkey__AS/20240508_093245.wav,as,38.800544217687076,True
/home/fcandia/tesis-primate/data/raw/howler_monkey__AS/20240508_093355.wav,as,30.441360544217687,True
/home/fcandia/tesis-primate/data/raw/howler_monkey__AS/20240508_093424.wav,as,44.977052154195015,True
/home/fcandia/tesis-primate/data/raw/howler_monkey__AS/20240508_093510.wav,as,39.92671201814059,True
/home/fcandia/tesis-primate/data/raw/howler_monkey__AS/20240508_093609.wav,as,37.430566893424036,True
/home/fcandia/tesis-primate/data/raw/howler_monkey__AS/20240508_093644.wav,as,40.72780045351474,True
/home/fcandia/tesis-primate/data/raw/howler_monkey__AS/20240508_101253.wav,as,44.872562358276646,True
/home/fcandia/tesis-primate/data/raw/howler_monkey__AS/20240508_101340.wav,as,31.463038548752834,True
/home/fcandia/tesis-primate/data/raw/howler_monkey__AS/20240508_101423.wav,as,35.42204081632653,True
/home/fcandia/tesis-primate/data/raw/howler_monkey__AS/20240508_101524.wav,as,22.906485260770975,True
/home/fcandia/tesis-primate/data/raw/howler_monkey__AS/20240508_101650.wav,as,31.962267573696145,True
/home/fcandia/tesis-primate/data/raw/howler_monkey__AS/20240509_064948.wav,as,31.880997732426305,True
/home/fcandia/tesis-primate/data/raw/howler_monkey__AS/20240509_065021.wav,as,30.394920634920634,True
/home/fcandia/tesis-primate/data/raw/howler_monkey__AS/20240509_065058.wav,as,31.277278911564625,True
/home/fcandia/tesis-primate/data/raw/howler_monkey__AS/20240509_065134.wav,as,30.67356009070295,True
/home/fcandia/tesis-primate/data/raw/howler_monkey__AS/20240509_065207.wav,as,30.627120181405896,True
/home/fcandia/tesis-primate/data/raw/howler_monkey__AS/20240509_065237.wav,as,30.65034013605442,True
/home/fcandia/tesis-primate/data/raw/howler_monkey__AS/20240509_065439.wav,as,30.580680272108843,True
/home/fcandia/tesis-primate/data/raw/howler_monkey__AS/20240509_065508.wav,as,30.278820861678003,True
/home/fcandia/tesis-primate/data/raw/howler_monkey__AS/20240509_065704.wav,as,30.627120181405896,True
/home/fcandia/tesis-primate/data/raw/howler_monkey__AS/20240509_065746.wav,as,30.53424036281179,True
/home/fcandia/tesis-primate/data/raw/howler_monkey__AS/20240509_074412.wav,as,32.891065759637186,True
/home/fcandia/tesis-primate/data/raw/howler_monkey__AS/20240509_074444.wav,as,26.076009070294784,True
/home/fcandia/tesis-primate/data/raw/howler_monkey__AS/20240509_074516.wav,as,44.32689342403628,True
/home/fcandia/tesis-primate/data/raw/howler_monkey__AS/20240509_074558.wav,as,45.905850340136055,True
/home/fcandia/tesis-primate/data/raw/howler_monkey__AS/20240509_074644.wav,as,36.53659863945578,True
/home/fcandia/tesis-primate/data/raw/howler_monkey__AS/20240509_074723.wav,as,48.204625850340136,True
/home/fcandia/tesis-primate/data/raw/howler_monkey__AS/20240509_074809.wav,as,17.716825396825396,True
/home/fcandia/tesis-primate/data/raw/howler_monkey__AS/20240510_054244.wav,as,30.975419501133786,True
/home/fcandia/tesis-primate/data/raw/howler_monkey__AS/20240510_054313.wav,as,28.583764172335602,True
/home/fcandia/tesis-primate/data/raw/howler_monkey__AS/20240510_054445.wav,as,29.88408163265306,True
/home/fcandia/tesis-primate/data/raw/howler_monkey__AS/20240510_054910.wav,as,25.518730158730158,True
/home/fcandia/tesis-primate/data/raw/howler_monkey__AS/20240510_054936.wav,as,28.81596371882086,True
/home/fcandia/tesis-primate/data/raw/howler_monkey__AS/20240510_055007.wav,as,36.10702947845805,True
/home/fcandia/tesis-primate/data/raw/howler_monkey__AS/20240510_055250.wav,as,26.09922902494331,True
/home/fcandia/tesis-primate/data/raw/howler_monkey__AS/20240510_055316.wav,as,30.68517006802721,True
/home/fcandia/tesis-primate/data/raw/howler_monkey__AS/20240510_065630.wav,as,32.02031746031746,True
/home/fcandia/tesis-primate/data/raw/howler_monkey__AS/20240510_065700.wav,as,30.418140589569163,True
/home/fcandia/tesis-primate/data/raw/howler_monkey__AS/20240510_065739.wav,as,30.30204081632653,True
/home/fcandia/tesis-primate/data/raw/howler_monkey__AS/20240510_065807.wav,as,18.134784580498867,True
/home/fcandia/tesis-primate/data/raw/howler_monkey__AS/20240510_065936.wav,as,33.924353741496596,True
/home/fcandia/tesis-primate/data/raw/howler_monkey__AS/20240510_070008.wav,as,30.511020408163265,True
/home/fcandia/tesis-primate/data/raw/howler_monkey__AS/20240510_070038.wav,as,32.60081632653061,True
/home/fcandia/tesis-primate/data/raw/howler_monkey__AS/20240510_070111.wav,as,30.093061224489794,True
/home/fcandia/tesis-primate/data/raw/howler_monkey__AS/20240510_070141.wav,as,31.30049886621315,True
/home/fcandia/tesis-primate/data/raw/howler_monkey__AS/20240510_070212.wav,as,21.942857142857143,True
/home/fcandia/tesis-primate/data/raw/howler_monkey__AS/20240510_070256.wav,as,49.73714285714286,True
/home/fcandia/tesis-primate/data/raw/howler_monkey__AS/20240513_052111.wav,as,30.905759637188208,True
/home/fcandia/tesis-primate/data/raw/howler_monkey__AS/20240513_052141.wav,as,29.90730158730159,True
/home/fcandia/tesis-primate/data/raw/howler_monkey__AS/20240513_052225.wav,as,35.92126984126984,True
/home/fcandia/tesis-primate/data/raw/howler_monkey__AS/20240513_052343.wav,as,35.851609977324266,True
/home/fcandia/tesis-primate/data/raw/howler_monkey__AS/20240513_052456.wav,as,42.00489795918367,True
/home/fcandia/tesis-primate/data/raw/howler_monkey__AS/20240513_052537.wav,as,30.325260770975056,True
/home/fcandia/tesis-primate/data/raw/howler_monkey__AS/20240513_052606.wav,as,45.836190476190474,True
/home/fcandia/tesis-primate/data/raw/howler_monkey__AS/20240513_052656.wav,as,31.045079365079363,True
/home/fcandia/tesis-primate/data/raw/howler_monkey__AS/20240513_052726.wav,as,30.789659863945577,True
/home/fcandia/tesis-primate/data/raw/howler_monkey__AS/20240513_064519.wav,as,30.48780045351474,True
/home/fcandia/tesis-primate/data/raw/howler_monkey__AS/20240513_064612.wav,as,31.091519274376417,True
/home/fcandia/tesis-primate/data/raw/howler_monkey__AS/20240513_064846.wav,as,30.25560090702948,True
/home/fcandia/tesis-primate/data/raw/howler_monkey__AS/20240513_064915.wav,as,30.1859410430839,True
/home/fcandia/tesis-primate/data/raw/howler_monkey__AS/20240513_080728.wav,as,21.002448979591836,True
/home/fcandia/tesis-primate/data/raw/howler_monkey__AS/20240513_080845.wav,as,31.068299319727892,True
/home/fcandia/tesis-primate/data/raw/howler_monkey__AS/20240513_080927.wav,as,29.58222222222222,True
/home/fcandia/tesis-primate/data/raw/howler_monkey__AS/20240513_095129.wav,as,25.94829931972789,True
/home/fcandia/tesis-primate/data/raw/howler_monkey__AS/20240513_095158.wav,as,37.268027210884355,True
/home/fcandia/tesis-primate/data/raw/howler_monkey__AS/20240513_095252.wav,as,36.014149659863946,True
/home/fcandia/tesis-primate/data/raw/howler_monkey__AS/20240513_095327.wav,as,29.698321995464852,True
/home/fcandia/tesis-primate/data/raw/howler_monkey__AS/20240513_095408.wav,as,18.784943310657596,True
/home/fcandia/tesis-primate/data/raw/howler_monkey__AS/20240513_095429.wav,as,23.521814058956917,True
/home/fcandia/tesis-primate/data/raw/howler_monkey__AS/20240513_152517.wav,as,33.45995464852608,True
/home/fcandia/tesis-primate/data/raw/howler_monkey__AS/20240513_152607.wav,as,38.800544217687076,True
/home/fcandia/tesis-primate/data/raw/howler_monkey__AS/20240513_152643.wav,as,33.32063492063492,True
/home/fcandia/tesis-primate/data/raw/howler_monkey__AS/20240516_052051.wav,as,30.580680272108843,True
/home/fcandia/tesis-primate/data/raw/howler_monkey__AS/20240516_052125.wav,as,34.87637188208617,True
/home/fcandia/tesis-primate/data/raw/howler_monkey__AS/20240516_052158.wav,as,34.73705215419501,True
/home/fcandia/tesis-primate/data/raw/howler_monkey__AS/20240516_052233.wav,as,31.30049886621315,True
/home/fcandia/tesis-primate/data/raw/howler_monkey__AS/20240516_052315.wav,as,40.518820861678,True
/home/fcandia/tesis-primate/data/raw/howler_monkey__AS/20240516_052355.wav,as,36.385668934240364,True
/home/fcandia/tesis-primate/data/raw/howler_monkey__AS/20240516_052508.wav,as,30.83609977324263,True
/home/fcandia/tesis-primate/data/raw/howler_monkey__AS/20240516_052539.wav,as,34.0172335600907,True
/home/fcandia/tesis-primate/data/raw/howler_monkey__AS/20240516_052615.wav,as,32.949115646258505,True
/home/fcandia/tesis-primate/data/raw/howler_monkey__AS/20240516_052647.wav,as,31.2540589569161,True
/home/fcandia/tesis-primate/data/raw/howler_monkey__AS/20240516_052757.wav,as,51.57151927437642,True
/home/fcandia/tesis-primate/data/raw/howler_monkey__AS/20240516_052925.wav,as,40.216961451247165,True
/home/fcandia/tesis-primate/data/raw/howler_monkey__AS/20240516_053011.wav,as,61.92761904761905,True
/home/fcandia/tesis-primate/data/raw/howler_monkey__AS/20240516_053134.wav,as,47.600907029478456,True
/home/fcandia/tesis-primate/data/raw/howler_monkey__AS/20240516_053247.wav,as,53.939954648526076,True
/home/fcandia/tesis-primate/data/raw/howler_monkey__AS/20240518_053638.wav,as,61.045260770975055,True
/home/fcandia/tesis-primate/data/raw/howler_monkey__AS/20240518_053738.wav,as,60.60408163265306,True
/home/fcandia/tesis-primate/data/raw/howler_monkey__AS/20240518_053838.wav,as,45.65043083900227,True
/home/fcandia/tesis-primate/data/raw/howler_monkey__AS/20240518_053924.wav,as,60.55764172335601,True
/home/fcandia/tesis-primate/data/raw/howler_monkey__AS/20240518_054024.wav,as,45.69687074829932,True
/home/fcandia/tesis-primate/data/raw/howler_monkey__AS/20240518_054110.wav,as,45.88263038548753,True
/home/fcandia/tesis-primate/data/raw/howler_monkey__AS/20240518_054155.wav,as,30.418140589569163,True
/home/fcandia/tesis-primate/data/raw/howler_monkey__AS/20240518_054233.wav,as,46.9275283446712,True
/home/fcandia/tesis-primate/data/raw/howler_monkey__AS/20240518_054318.wav,as,45.60399092970521,True
/home/fcandia/tesis-primate/data/raw/howler_monkey__AS/20240518_054404.wav,as,45.97551020408163,True
/home/fcandia/tesis-primate/data/raw/howler_monkey__AS/20240518_054451.wav,as,60.46476190476191,True
/home/fcandia/tesis-primate/data/raw/howler_monkey__AS/20240518_054612.wav,as,57.09786848072562,True
/home/fcandia/tesis-primate/data/raw/howler_monkey__AS/20240518_063919.wav,as,31.045079365079363,True
/home/fcandia/tesis-primate/data/raw/howler_monkey__AS/20240518_064159.wav,as,30.812879818594105,True
/home/fcandia/tesis-primate/data/raw/howler_monkey__AS/20240518_064245.wav,as,30.48780045351474,True
/home/fcandia/tesis-primate/data/raw/howler_monkey__AS/20240518_064416.wav,as,37.1287074829932,True
/home/fcandia/tesis-primate/data/raw/howler_monkey__AS/20240518_064633.wav,as,30.627120181405896,True
/home/fcandia/tesis-primate/data/raw/howler_monkey__AS/20240518_064702.wav,as,30.464580498866212,True
/home/fcandia/tesis-primate/data/raw/howler_monkey__AS/20240518_095609.wav,as,25.18204081632653,True
/home/fcandia/tesis-primate/data/raw/howler_monkey__AS/20240518_095646.wav,as,60.55764172335601,True
/home/fcandia/tesis-primate/data/raw/howler_monkey__AS/20240518_095750.wav,as,35.36399092970522,True
/home/fcandia/tesis-primate/data/raw/howler_monkey__AS/20240518_095824.wav,as,37.593106575963716,True
/home/fcandia/tesis-primate/data/raw/howler_monkey__AS/20240518_100327.wav,as,23.26639455782313,True
/home/fcandia/tesis-primate/data/raw/howler_monkey__AS/20240518_101710.wav,as,14.40798185941043,True
/home/fcandia/tesis-primate/data/raw/howler_monkey__AS/20240518_101723.wav,as,14.373151927437641,True
/home/fcandia/tesis-primate/data/raw/howler_monkey__AS/20240518_101812.wav,as,28.363174603174603,True
/home/fcandia/tesis-primate/data/raw/howler_monkey__AS/20240520_053121.wav,as,32.066757369614514,True
/home/fcandia/tesis-primate/data/raw/howler_monkey__AS/20240520_053152.wav,as,30.83609977324263,True
/home/fcandia/tesis-primate/data/raw/howler_monkey__AS/20240520_053236.wav,as,36.75718820861678,True
/home/fcandia/tesis-primate/data/raw/howler_monkey__AS/20240520_053314.wav,as,40.379501133786846,True
/home/fcandia/tesis-primate/data/raw/howler_monkey__AS/20240520_053352.wav,as,49.83002267573696,True
/home/fcandia/tesis-primate/data/raw/howler_monkey__AS/20240520_053441.wav,as,29.95374149659864,True
/home/fcandia/tesis-primate/data/raw/howler_monkey__AS/20240520_053512.wav,as,30.464580498866212,True
/home/fcandia/tesis-primate/data/raw/howler_monkey__AS/20240520_053543.wav,as,15.557369614512472,True
/home/fcandia/tesis-primate/data/raw/howler_monkey__AS/20240520_062344.wav,as,29.976961451247167,True
/home/fcandia/tesis-primate/data/raw/howler_monkey__AS/20240520_062412.wav,as,25.123990929705215,True
/home/fcandia/tesis-primate/data/raw/howler_monkey__AS/20240520_062439.wav,as,30.093061224489794,True
/home/fcandia/tesis-primate/data/raw/howler_monkey__AS/20240520_062508.wav,as,30.743219954648527,True
/home/fcandia/tesis-primate/data/raw/howler_monkey__AS/20240520_062545.wav,as,43.42131519274376,True
/home/fcandia/tesis-primate/data/raw/howler_monkey__AS/20240520_062630.wav,as,40.170521541950116,True
/home/fcandia/tesis-primate/data/raw/howler_monkey__AS/20240520_062729.wav,as,45.7665306122449,True
/home/fcandia/tesis-primate/data/raw/howler_monkey__AS/20240520_062851.wav,as,45.859410430839006,True
/home/fcandia/tesis-primate/data/raw/howler_monkey__AS/20240520_062954.wav,as,45.58077097505669,True
/home/fcandia/tesis-primate/data/raw/howler_monkey__AS/20240520_063038.wav,as,30.743219954648527,True
/home/fcandia/tesis-primate/data/raw/howler_monkey__AS/20240520_063109.wav,as,31.532698412698412,True
/home/fcandia/tesis-primate/data/raw/howler_monkey__AS/20240520_063141.wav,as,30.789659863945577,True
/home/fcandia/tesis-primate/data/raw/howler_monkey__AS/20240520_063211.wav,as,30.789659863945577,True
/home/fcandia/tesis-primate/data/raw/howler_monkey__AS/20240520_063243.wav,as,35.5265306122449,True
/home/fcandia/tesis-primate/data/raw/howler_monkey__AS/20240520_063318.wav,as,35.944489795918365,True
/home/fcandia/tesis-primate/data/raw/howler_monkey__AS/20240520_063354.wav,as,40.96,True
/home/fcandia/tesis-primate/data/raw/howler_monkey__AS/20240520_063436.wav,as,30.325260770975056,True
/home/fcandia/tesis-primate/data/raw/howler_monkey__AS/20240520_063544.wav,as,30.627120181405896,True
/home/fcandia/tesis-primate/data/raw/howler_monkey__AS/20240520_063729.wav,as,36.19990929705215,True
/home/fcandia/tesis-primate/data/raw/howler_monkey__AS/20240521_061958.wav,as,35.131791383219955,True
/home/fcandia/tesis-primate/data/raw/howler_monkey__AS/20240521_062032.wav,as,45.836190476190474,True
/home/fcandia/tesis-primate/data/raw/howler_monkey__AS/20240521_062118.wav,as,45.09315192743764,True
/home/fcandia/tesis-primate/data/raw/howler_monkey__AS/20240521_062203.wav,as,35.99092970521542,True
/home/fcandia/tesis-primate/data/raw/howler_monkey__AS/20240521_062239.wav,as,45.139591836734695,True
/home/fcandia/tesis-primate/data/raw/howler_monkey__AS/20240521_062324.wav,as,35.851609977324266,True
/home/fcandia/tesis-primate/data/raw/howler_monkey__AS/20240521_062400.wav,as,45.55755102040816,True
/home/fcandia/tesis-primate/data/raw/howler_monkey__AS/20240521_062446.wav,as,40.216961451247165,True
/home/fcandia/tesis-primate/data/raw/howler_monkey__AS/20240521_062526.wav,as,30.83609977324263,True
/home/fcandia/tesis-primate/data/raw/howler_monkey__AS/20240521_062557.wav,as,45.09315192743764,True
/home/fcandia/tesis-primate/data/raw/howler_monkey__AS/20240521_062642.wav,as,35.48009070294785,True
/home/fcandia/tesis-primate/data/raw/howler_monkey__AS/20240521_062717.wav,as,34.92281179138322,True
/home/fcandia/tesis-primate/data/raw/howler_monkey__AS/20240521_062754.wav,as,44.90739229024943,True
/home/fcandia/tesis-primate/data/raw/howler_monkey__AS/20240521_062837.wav,as,35.294331065759636,True
/home/fcandia/tesis-primate/data/raw/howler_monkey__AS/20240521_062913.wav,as,29.860861678004536,True
/home/fcandia/tesis-primate/data/raw/howler_monkey__AS/20240521_062946.wav,as,40.983219954648526,True
/home/fcandia/tesis-primate/data/raw/howler_monkey__AS/20240521_063024.wav,as,25.123990929705215,True
/home/fcandia/tesis-primate/data/raw/howler_monkey__AS/20240521_063051.wav,as,35.43365079365079,True
/home/fcandia/tesis-primate/data/raw/howler_monkey__AS/20240521_063126.wav,as,35.10857142857143,True
/home/fcandia/tesis-primate/data/raw/howler_monkey__AS/20240521_063209.wav,as,30.812879818594105,True
/home/fcandia/tesis-primate/data/raw/howler_monkey__AS/20240521_063237.wav,as,32.78657596371882,True
/home/fcandia/tesis-primate/data/raw/howler_monkey__AS/20240521_063318.wav,as,26.865487528344673,True
/home/fcandia/tesis-primate/data/raw/howler_monkey__AS/20240521_063347.wav,as,45.627210884353744,True
/home/fcandia/tesis-primate/data/raw/howler_monkey__AS/20240521_064508.wav,as,31.463038548752834,True
/home/fcandia/tesis-primate/data/raw/howler_monkey__AS/20240521_064537.wav,as,29.95374149659864,True
/home/fcandia/tesis-primate/data/raw/howler_monkey__AS/20240521_064646.wav,as,45.81297052154195,True
/home/fcandia/tesis-primate/data/raw/howler_monkey__AS/20240521_064729.wav,as,45.186031746031745,True
/home/fcandia/tesis-primate/data/raw/howler_monkey__AS/20240521_064814.wav,as,34.92281179138322,True
/home/fcandia/tesis-primate/data/raw/howler_monkey__AS/20240521_064849.wav,as,30.00018140589569,True
/home/fcandia/tesis-primate/data/raw/howler_monkey__AS/20240522_053557.wav,as,33.50639455782313,True
/home/fcandia/tesis-primate/data/raw/howler_monkey__AS/20240522_053635.wav,as,30.162721088435376,True
/home/fcandia/tesis-primate/data/raw/howler_monkey__AS/20240522_053716.wav,as,30.53424036281179,True
/home/fcandia/tesis-primate/data/raw/howler_monkey__AS/20240522_053758.wav,as,30.766439909297052,True
/home/fcandia/tesis-primate/data/raw/howler_monkey__AS/20240522_053827.wav,as,31.114739229024945,True
/home/fcandia/tesis-primate/data/raw/howler_monkey__AS/20240522_053902.wav,as,30.998639455782314,True
/home/fcandia/tesis-primate/data/raw/howler_monkey__AS/20240522_071357.wav,as,39.9847619047619,True
/home/fcandia/tesis-primate/data/raw/howler_monkey__AS/20240522_071437.wav,as,39.77578231292517,True
/home/fcandia/tesis-primate/data/raw/howler_monkey__AS/20240522_071528.wav,as,58.212426303854876,True
/home/fcandia/tesis-primate/data/raw/howler_monkey__AS/20240522_071623.wav,as,33.78503401360544,True
/home/fcandia/tesis-primate/data/raw/howler_monkey__AS/20240522_071702.wav,as,42.53895691609977,True
/home/fcandia/tesis-primate/data/raw/howler_monkey__AS/20240522_071743.wav,as,50.80526077097505,True
/home/fcandia/tesis-primate/data/raw/howler_monkey__AS/20240522_071833.wav,as,35.48009070294785,True
/home/fcandia/tesis-primate/data/raw/howler_monkey__AS/20240522_071921.wav,as,44.18757369614512,True
/home/fcandia/tesis-primate/data/raw/howler_monkey__AS/20240522_073918.wav,as,41.45922902494331,True
/home/fcandia/tesis-primate/data/raw/howler_monkey__AS/20240522_074030.wav,as,34.4584126984127,True
/home/fcandia/tesis-primate/data/raw/howler_monkey__AS/20240522_074110.wav,as,31.02185941043084,True
/home/fcandia/tesis-primate/data/raw/howler_monkey__AS/20240522_074205.wav,as,24.03265306122449,True
/home/fcandia/tesis-primate/data/raw/howler_monkey__AS/20240522_074323.wav,as,26.006349206349206,True
/home/fcandia/tesis-primate/data/raw/howler_monkey__AS/20240522_074351.wav,as,36.24634920634921,True
/home/fcandia/tesis-primate/data/raw/howler_monkey__AS/20240523_120059.wav,as,30.127891156462585,True
/home/fcandia/tesis-primate/data/raw/howler_monkey__AS/20240523_120128.wav,as,30.441360544217687,True
/home/fcandia/tesis-primate/data/raw/howler_monkey__AS/20240523_120158.wav,as,30.72,True
/home/fcandia/tesis-primate/data/raw/howler_monkey__AS/20240523_120229.wav,as,31.184399092970523,True
/home/fcandia/tesis-primate/data/raw/howler_monkey__AS/20240523_120300.wav,as,32.391836734693875,True
/home/fcandia/tesis-primate/data/raw/howler_monkey__AS/20240523_120333.wav,as,31.695238095238096,True
/home/fcandia/tesis-primate/data/raw/howler_monkey__AS/20240523_120404.wav,as,33.645714285714284,True
/home/fcandia/tesis-primate/data/raw/howler_monkey__AS/20240523_120437.wav,as,16.532607709750568,True
/home/fcandia/tesis-primate/data/raw/howler_monkey__AS/20240523_120506.wav,as,38.40580498866213,True
/home/fcandia/tesis-primate/data/raw/howler_monkey__AS/20240523_120542.wav,as,15.232290249433106,True
/home/fcandia/tesis-primate/data/raw/howler_monkey__AS/20240523_120608.wav,as,31.880997732426305,True
/home/fcandia/tesis-primate/data/raw/howler_monkey__AS/20240523_120638.wav,as,12.979954648526077,True
/home/fcandia/tesis-primate/data/raw/howler_monkey__AS/20240523_120704.wav,as,12.213696145124716,True
/home/fcandia/tesis-primate/data/raw/howler_monkey__AS/20240523_120715.wav,as,32.71691609977324,True
/home/fcandia/tesis-primate/data/raw/howler_monkey__AS/20240523_120747.wav,as,30.53424036281179,True
/home/fcandia/tesis-primate/data/raw/howler_monkey__AS/20240524_052541.wav,as,37.14031746031746,True
/home/fcandia/tesis-primate/data/raw/howler_monkey__AS/20240524_052617.wav,as,35.247891156462586,True
/home/fcandia/tesis-primate/data/raw/howler_monkey__AS/20240524_052652.wav,as,33.12326530612245,True
/home/fcandia/tesis-primate/data/raw/howler_monkey__AS/20240524_052726.wav,as,16.34684807256236,True
/home/fcandia/tesis-primate/data/raw/howler_monkey__AS/20240524_065350.wav,as,31.613968253968252,True
/home/fcandia/tesis-primate/data/raw/howler_monkey__AS/20240525_162031.wav,as,30.72,True
/home/fcandia/tesis-primate/data/raw/howler_monkey__AS/20240525_162101.wav,as,30.209160997732425,True
/home/fcandia/tesis-primate/data/raw/howler_monkey__AS/20240525_162131.wav,as,31.068299319727892,True
/home/fcandia/tesis-primate/data/raw/howler_monkey__AS/20240525_162202.wav,as,31.161179138321994,True
/home/fcandia/tesis-primate/data/raw/howler_monkey__AS/20240525_162233.wav,as,30.511020408163265,True
/home/fcandia/tesis-primate/data/raw/howler_monkey__AS/20240525_162312.wav,as,31.126349206349207,True
/home/fcandia/tesis-primate/data/raw/howler_monkey__AS/20240525_162341.wav,as,38.49868480725623,True
/home/fcandia/tesis-primate/data/raw/howler_monkey__AS/20240525_162420.wav,as,34.365532879818595,True
/home/fcandia/tesis-primate/data/raw/howler_monkey__AS/20240526_115400.wav,as,34.911201814058956,True
/home/fcandia/tesis-primate/data/raw/howler_monkey__AS/20240526_115434.wav,as,4.4117913832199545,True
/home/fcandia/tesis-primate/data/raw/howler_monkey__AS/20240526_115438.wav,as,27.329886621315193,True
/home/fcandia/tesis-primate/data/raw/howler_monkey__AS/20240526_115525.wav,as,32.496326530612244,True
/home/fcandia/tesis-primate/data/raw/howler_monkey__AS/20240526_115557.wav,as,31.114739229024945,True
/home/fcandia/tesis-primate/data/raw/howler_monkey__AS/20240526_115628.wav,as,32.71691609977324,True
/home/fcandia/tesis-primate/data/raw/howler_monkey__AS/20240526_115701.wav,as,31.857777777777777,True
/home/fcandia/tesis-primate/data/raw/howler_monkey__AS/20240526_115733.wav,as,14.814331065759637,True
/home/fcandia/tesis-primate/data/raw/howler_monkey__AS/20240526_115916.wav,as,34.795102040816325,True
/home/fcandia/tesis-primate/data/raw/howler_monkey__AS/20240526_115951.wav,as,36.17668934240363,True
/home/fcandia/tesis-primate/data/raw/howler_monkey__AS/20240530_110626.wav,as,12.236916099773243,True
/home/fcandia/tesis-primate/data/raw/howler_monkey__AS/20240530_110729.wav,as,17.19437641723356,True
/home/fcandia/tesis-primate/data/raw/howler_monkey__AS/20240530_110746.wav,as,30.30204081632653,True
/home/fcandia/tesis-primate/data/raw/howler_monkey__AS/20240530_110833.wav,as,14.152562358276644,True
/home/fcandia/tesis-primate/data/raw/howler_monkey__AS/20240530_110849.wav,as,32.97233560090703,True
/home/fcandia/tesis-primate/data/raw/howler_monkey__AS/20240530_110920.wav,as,11.633197278911565,True
/home/fcandia/tesis-primate/data/raw/howler_monkey__AS/20240530_110959.wav,as,30.406530612244897,True
/home/fcandia/tesis-primate/data/raw/howler_monkey__AS/20240530_111029.wav,as,20.572879818594103,True
/home/fcandia/tesis-primate/data/raw/howler_monkey__AS/20240530_111126.wav,as,41.412789115646255,True
/home/fcandia/tesis-primate/data/raw/howler_monkey__AS/20240531_070322.wav,as,30.928979591836736,True
/home/fcandia/tesis-primate/data/raw/howler_monkey__AS/20240531_070508.wav,as,29.466122448979593,True
/home/fcandia/tesis-primate/data/raw/howler_monkey__AS/20240531_070537.wav,as,38.66122448979592,True
/home/fcandia/tesis-primate/data/raw/howler_monkey__AS/20240531_070726.wav,as,28.328344671201815,True
/home/fcandia/tesis-primate/data/raw/howler_monkey__AS/20240531_070752.wav,as,14.349931972789115,True
/home/fcandia/tesis-primate/data/raw/howler_monkey__AS/20240531_071001.wav,as,33.45995464852608,True
/home/fcandia/tesis-primate/data/raw/howler_monkey__AS/20240601_052640.wav,as,30.360090702947847,True
/home/fcandia/tesis-primate/data/raw/howler_monkey__AS/20240601_052710.wav,as,30.975419501133786,True
/home/fcandia/tesis-primate/data/raw/howler_monkey__AS/20240601_052744.wav,as,32.298956916099776,True
/home/fcandia/tesis-primate/data/raw/howler_monkey__AS/20240601_052822.wav,as,34.4584126984127,True
/home/fcandia/tesis-primate/data/raw/howler_monkey__AS/20240601_052855.wav,as,32.04353741496599,True
/home/fcandia/tesis-primate/data/raw/howler_monkey__AS/20240602_080437.wav,as,30.15111111111111,True
/home/fcandia/tesis-primate/data/raw/howler_monkey__AS/20240602_080506.wav,as,13.25859410430839,True
/home/fcandia/tesis-primate/data/raw/howler_monkey__AS/20240602_080552.wav,as,15.27873015873016,True
/home/fcandia/tesis-primate/data/raw/howler_monkey__AS/20240602_080653.wav,as,31.32371882086168,True
/home/fcandia/tesis-primate/data/raw/howler_monkey__AS/20240602_080723.wav,as,26.610068027210886,True
/home/fcandia/tesis-primate/data/raw/howler_monkey__AS/20240602_081140.wav,as,27.225396825396825,True
/home/fcandia/tesis-primate/data/raw/howler_monkey__AS/20240602_081329.wav,as,19.87628117913832,True
/home/fcandia/tesis-primate/data/raw/howler_monkey__AS/20240602_081402.wav,as,40.333061224489796,True
/home/fcandia/tesis-primate/data/raw/howler_monkey__AS/20240602_081502.wav,as,34.50485260770975,True
/home/fcandia/tesis-primate/data/raw/howler_monkey__AS/20240602_081544.wav,as,32.69369614512472,True
/home/fcandia/tesis-primate/data/raw/howler_monkey__AS/20240602_081655.wav,as,40.820680272108845,True
/home/fcandia/tesis-primate/data/raw/howler_monkey__AS/20240603_053525.wav,as,48.29750566893424,True
/home/fcandia/tesis-primate/data/raw/howler_monkey__AS/20240603_053628.wav,as,48.11174603174603,True
/home/fcandia/tesis-primate/data/raw/howler_monkey__AS/20240603_053740.wav,as,56.726349206349205,True
/home/fcandia/tesis-primate/data/raw/howler_monkey__AS/20240603_053932.wav,as,40.12408163265306,True
/home/fcandia/tesis-primate/data/raw/howler_monkey__AS/20240603_054019.wav,as,31.37015873015873,True
/home/fcandia/tesis-primate/data/raw/howler_monkey__AS/20240603_160548.wav,as,36.07219954648526,True
/home/fcandia/tesis-primate/data/raw/howler_monkey__AS/20240603_160652.wav,as,34.411972789115644,True
/home/fcandia/tesis-primate/data/raw/howler_monkey__AS/20240603_161235.wav,as,31.892607709750568,True
/home/fcandia/tesis-primate/data/raw/howler_monkey__AS/20240603_161308.wav,as,31.683628117913834,True
/home/fcandia/tesis-primate/data/raw/howler_monkey__AS/20240604_080945.wav,as,30.476190476190474,True
/home/fcandia/tesis-primate/data/raw/howler_monkey__AS/20240604_081015.wav,as,38.49868480725623,True
/home/fcandia/tesis-primate/data/raw/howler_monkey__AS/20240604_081100.wav,as,33.18131519274377,True
/home/fcandia/tesis-primate/data/raw/howler_monkey__AS/20240604_081131.wav,as,30.580680272108843,True
/home/fcandia/tesis-primate/data/raw/howler_monkey__AS/20240604_081209.wav,as,34.59773242630386,True
/home/fcandia/tesis-primate/data/raw/howler_monkey__AS/20240604_081326.wav,as,31.43981859410431,True
/home/fcandia/tesis-primate/data/raw/howler_monkey__AS/20240604_081356.wav,as,31.846167800453514,True
/home/fcandia/tesis-primate/data/raw/howler_monkey__AS/20240605_052310.wav,as,30.731609977324265,True
/home/fcandia/tesis-primate/data/raw/howler_monkey__AS/20240605_052340.wav,as,31.045079365079363,True
/home/fcandia/tesis-primate/data/raw/howler_monkey__AS/20240605_052412.wav,as,31.579138321995465,True
/home/fcandia/tesis-primate/data/raw/howler_monkey__AS/20240605_052443.wav,as,33.57605442176871,True
/home/fcandia/tesis-primate/data/raw/howler_monkey__AS/20240605_052516.wav,as,33.41351473922902,True
/home/fcandia/tesis-primate/data/raw/howler_monkey__AS/20240605_052550.wav,as,21.989297052154196,True
/home/fcandia/tesis-primate/data/raw/howler_monkey__AS/20240607_052758.wav,as,31.660408163265306,True
/home/fcandia/tesis-primate/data/raw/howler_monkey__AS/20240607_052831.wav,as,25.704489795918366,True
/home/fcandia/tesis-primate/data/raw/howler_monkey__AS/20240608_054351.wav,as,40.00798185941043,True
/home/fcandia/tesis-primate/data/raw/howler_monkey__AS/20240608_054429.wav,as,30.743219954648527,True
/home/fcandia/tesis-primate/data/raw/howler_monkey__AS/20240608_054459.wav,as,40.44916099773243,True
/home/fcandia/tesis-primate/data/raw/howler_monkey__AS/20240608_054540.wav,as,35.71229024943311,True
/home/fcandia/tesis-primate/data/raw/howler_monkey__AS/20240608_054615.wav,as,29.95374149659864,True
/home/fcandia/tesis-primate/data/raw/howler_monkey__AS/20240608_054646.wav,as,30.696780045351474,True
/home/fcandia/tesis-primate/data/raw/howler_monkey__AS/20240608_054716.wav,as,30.139501133786847,True
/home/fcandia/tesis-primate/data/raw/howler_monkey__AS/20240608_054746.wav,as,30.093061224489794,True
/home/fcandia/tesis-primate/data/raw/howler_monkey__AS/20240608_054818.wav,as,30.743219954648527,True
/home/fcandia/tesis-primate/data/raw/howler_monkey__AS/20240608_054847.wav,as,32.36861678004535,True
/home/fcandia/tesis-primate/data/raw/howler_monkey__AS/20240608_054919.wav,as,35.062131519274374,True
/home/fcandia/tesis-primate/data/raw/howler_monkey__AS/20240608_054954.wav,as,29.90730158730159,True
/home/fcandia/tesis-primate/data/raw/howler_monkey__AS/20240608_055024.wav,as,30.278820861678003,True
/home/fcandia/tesis-primate/data/raw/howler_monkey__AS/20240608_055055.wav,as,30.55746031746032,True
/home/fcandia/tesis-primate/data/raw/howler_monkey__AS/20240609_052316.wav,as,30.232380952380954,True
/home/fcandia/tesis-primate/data/raw/howler_monkey__AS/20240609_054542.wav,as,30.545850340136056,True
/home/fcandia/tesis-primate/data/raw/howler_monkey__AS/20240609_054610.wav,as,32.124807256235826,True
/home/fcandia/tesis-primate/data/raw/howler_monkey__AS/20240609_054643.wav,as,30.25560090702948,True
/home/fcandia/tesis-primate/data/raw/howler_monkey__AS/20240609_054713.wav,as,29.141043083900225,True
/home/fcandia/tesis-primate/data/raw/howler_monkey__AS/20240611_070445.wav,as,30.30204081632653,True
/home/fcandia/tesis-primate/data/raw/howler_monkey__AS/20240611_070514.wav,as,30.55746031746032,True
/home/fcandia/tesis-primate/data/raw/howler_monkey__AS/20240611_070545.wav,as,34.690612244897956,True
/home/fcandia/tesis-primate/data/raw/howler_monkey__AS/20240611_070620.wav,as,30.278820861678003,True
/home/fcandia/tesis-primate/data/raw/howler_monkey__AS/20240611_070654.wav,as,31.32371882086168,True
/home/fcandia/tesis-primate/data/raw/howler_monkey__AS/20240611_070722.wav,as,30.093061224489794,True
/home/fcandia/tesis-primate/data/raw/howler_monkey__AS/20240611_070752.wav,as,30.418140589569163,True
/home/fcandia/tesis-primate/data/raw/howler_monkey__AS/20240611_070823.wav,as,30.046621315192745,True
/home/fcandia/tesis-primate/data/raw/howler_monkey__AS/20240611_070853.wav,as,30.232380952380954,True
/home/fcandia/tesis-primate/data/raw/howler_monkey__AS/20240611_070923.wav,as,30.37170068027211,True
/home/fcandia/tesis-primate/data/raw/howler_monkey__AS/20240611_071141.wav,as,30.394920634920634,True
/home/fcandia/tesis-primate/data/raw/howler_monkey__AS/20240611_071211.wav,as,45.139591836734695,True
/home/fcandia/tesis-primate/data/raw/howler_monkey__AS/20240613_123709.wav,as,31.045079365079363,True
/home/fcandia/tesis-primate/data/raw/howler_monkey__AS/20240613_123740.wav,as,30.511020408163265,True
/home/fcandia/tesis-primate/data/raw/howler_monkey__AS/20240613_123811.wav,as,30.789659863945577,True
/home/fcandia/tesis-primate/data/raw/howler_monkey__AS/20240613_123912.wav,as,30.67356009070295,True
/home/fcandia/tesis-primate/data/raw/howler_monkey__AS/20240613_124029.wav,as,30.67356009070295,True
/home/fcandia/tesis-primate/data/raw/howler_monkey__AS/20240613_124058.wav,as,30.511020408163265,True
/home/fcandia/tesis-primate/data/raw/howler_monkey__AS/20240613_124129.wav,as,30.83609977324263,True
/home/fcandia/tesis-primate/data/raw/howler_monkey__AS/20240614_124641.wav,as,19.853061224489796,True
/home/fcandia/tesis-primate/data/raw/howler_monkey__AS/20240615_053610.wav,as,30.26721088435374,True
/home/fcandia/tesis-primate/data/raw/howler_monkey__AS/20240615_053641.wav,as,30.313650793650794,True
/home/fcandia/tesis-primate/data/raw/howler_monkey__AS/20240615_053711.wav,as,30.894149659863945,True
/home/fcandia/tesis-primate/data/raw/howler_monkey__AS/20240615_054325.wav,as,30.429750566893425,True
/home/fcandia/tesis-primate/data/raw/howler_monkey__AS/20240615_054423.wav,as,30.48780045351474,True
/home/fcandia/tesis-primate/data/raw/howler_monkey__AS/20240618_054629.wav,as,30.627120181405896,True
/home/fcandia/tesis-primate/data/raw/howler_monkey__AS/20240618_054705.wav,as,30.975419501133786,True
/home/fcandia/tesis-primate/data/raw/howler_monkey__AS/20240621_053344.wav,as,31.892607709750568,True
/home/fcandia/tesis-primate/data/raw/howler_monkey__AS/20240621_054006.wav,as,29.930521541950114,True
/home/fcandia/tesis-primate/data/raw/howler_monkey__AS/20240621_054035.wav,as,32.17124716553288,True
/home/fcandia/tesis-primate/data/raw/howler_monkey__AS/20240621_054108.wav,as,30.046621315192745,True
/home/fcandia/tesis-primate/data/raw/howler_monkey__AS/20240621_054359.wav,as,29.756371882086167,True
/home/fcandia/tesis-primate/data/raw/howler_monkey__AS/20240621_073823.wav,as,30.68517006802721,True
/home/fcandia/tesis-primate/data/raw/howler_monkey__AS/20240621_073853.wav,as,30.67356009070295,True
/home/fcandia/tesis-primate/data/raw/howler_monkey__AS/20240621_073924.wav,as,31.381768707482994,True
/home/fcandia/tesis-primate/data/raw/howler_monkey__AS/20240621_074005.wav,as,30.45297052154195,True
/home/fcandia/tesis-primate/data/raw/howler_monkey__AS/20240621_074033.wav,as,30.139501133786847,True
/home/fcandia/tesis-primate/data/raw/howler_monkey__AS/20240621_074103.wav,as,30.847709750566892,True
/home/fcandia/tesis-primate/data/raw/howler_monkey__AS/20240621_074304.wav,as,28.978503401360545,True
/home/fcandia/tesis-primate/data/raw/howler_monkey__AS/20240621_074339.wav,as,29.744761904761905,True
/home/fcandia/tesis-primate/data/raw/howler_monkey__AS/20240621_074433.wav,as,27.248616780045353,True
/home/fcandia/tesis-primate/data/raw/howler_monkey__AS/20240621_074544.wav,as,30.68517006802721,True
/home/fcandia/tesis-primate/data/raw/howler_monkey__AS/20240621_074612.wav,as,30.383310657596372,True
/home/fcandia/tesis-primate/data/raw/howler_monkey__AS/20240621_074650.wav,as,30.476190476190474,True
/home/fcandia/tesis-primate/data/raw/howler_monkey__AS/20240621_074718.wav,as,39.32299319727891,True
/home/fcandia/tesis-primate/data/raw/howler_monkey__AS/20240621_074757.wav,as,30.928979591836736,True
/home/fcandia/tesis-primate/data/raw/howler_monkey__AS/20240621_074901.wav,as,30.26721088435374,True
/home/fcandia/tesis-primate/data/raw/howler_monkey__AS/20240621_075030.wav,as,30.25560090702948,True
/home/fcandia/tesis-primate/data/raw/howler_monkey__AS/20240621_075105.wav,as,30.627120181405896,True
/home/fcandia/tesis-primate/data/raw/howler_monkey__AS/20240621_075244.wav,as,30.418140589569163,True
/home/fcandia/tesis-primate/data/raw/howler_monkey__AS/20240622_054108.wav,as,30.30204081632653,True
/home/fcandia/tesis-primate/data/raw/howler_monkey__AS/20240622_054135.wav,as,31.207619047619048,True
/home/fcandia/tesis-primate/data/raw/howler_monkey__AS/20240622_054207.wav,as,30.940589569161,True
/home/fcandia/tesis-primate/data/raw/howler_monkey__AS/20240622_054238.wav,as,30.905759637188208,True
/home/fcandia/tesis-primate/data/raw/howler_monkey__AS/20240622_061139.wav,as,30.812879818594105,True
/home/fcandia/tesis-primate/data/raw/howler_monkey__AS/20240622_061210.wav,as,29.58222222222222,True
/home/fcandia/tesis-primate/data/raw/howler_monkey__AS/20240622_061338.wav,as,30.545850340136056,True
/home/fcandia/tesis-primate/data/raw/howler_monkey__AS/20240622_061425.wav,as,30.580680272108843,True
/home/fcandia/tesis-primate/data/raw/howler_monkey__AS/20240622_061512.wav,as,25.913469387755104,True
/home/fcandia/tesis-primate/data/raw/howler_monkey__AS/20240622_061547.wav,as,23.81206349206349,True
/home/fcandia/tesis-primate/data/raw/howler_monkey__AS/20240622_061756.wav,as,25.309750566893424,True
/home/fcandia/tesis-primate/data/raw/howler_monkey__AS/20240622_061822.wav,as,26.424308390022677,True
/home/fcandia/tesis-primate/data/raw/howler_monkey__AS/20240622_062220.wav,as,39.450702947845805,True
/home/fcandia/tesis-primate/data/raw/howler_monkey__AS/20240622_064055.wav,as,31.764897959183674,True
/home/fcandia/tesis-primate/data/raw/howler_monkey__AS/20240628_080134.wav,as,30.87092970521542,True
/home/fcandia/tesis-primate/data/raw/howler_monkey__AS/20240628_080229.wav,as,30.859319727891158,True
/home/fcandia/tesis-primate/data/raw/howler_monkey__AS/20240629_052936.wav,as,27.00480725623583,True
/home/fcandia/tesis-primate/data/raw/howler_monkey__AS/20240629_053018.wav,as,30.940589569161,True
/home/fcandia/tesis-primate/data/raw/howler_monkey__AS/20240629_053056.wav,as,30.499410430839003,True
/home/fcandia/tesis-primate/data/raw/howler_monkey__AS/20240629_053124.wav,as,30.882539682539683,True
/home/fcandia/tesis-primate/data/raw/howler_monkey__AS/20240629_053155.wav,as,31.196009070294785,True
/home/fcandia/tesis-primate/data/raw/howler_monkey__AS/20240629_053322.wav,as,30.25560090702948,True
/home/fcandia/tesis-primate/data/raw/howler_monkey__AS/20240629_065115.wav,as,30.232380952380954,True
/home/fcandia/tesis-primate/data/raw/howler_monkey__AS/20240629_125228.wav,as,32.124807256235826,True
/home/fcandia/tesis-primate/data/raw/howler_monkey__AS/20240629_125303.wav,as,30.91736961451247,True
/home/fcandia/tesis-primate/data/raw/howler_monkey__AS/20240629_125334.wav,as,31.60235827664399,True
/home/fcandia/tesis-primate/data/raw/howler_monkey__AS/20240629_125417.wav,as,30.511020408163265,True
/home/fcandia/tesis-primate/data/raw/howler_monkey__AS/20240629_125453.wav,as,30.30204081632653,True
/home/fcandia/tesis-primate/data/raw/howler_monkey__AS/20240629_125521.wav,as,30.592290249433105,True
/home/fcandia/tesis-primate/data/raw/howler_monkey__AS/20240629_125618.wav,as,29.98857142857143,True
/home/fcandia/tesis-primate/data/raw/howler_monkey__AS/20240808_094025.wav,as,10.518639455782314,True
/home/fcandia/tesis-primate/data/raw/howler_monkey__AS/20240808_094034.wav,as,45.255691609977326,True
/home/fcandia/tesis-primate/data/raw/howler_monkey__AS/20240808_094155.wav,as,36.74557823129252,True
/home/fcandia/tesis-primate/data/raw/howler_monkey__AS/20240808_094232.wav,as,18.738503401360543,True
/home/fcandia/tesis-primate/data/raw/howler_monkey__AS/20240808_094302.wav,as,32.995555555555555,True
/home/fcandia/tesis-primate/data/raw/howler_monkey__AS/20240808_094339.wav,as,36.02575963718821,True
/home/fcandia/tesis-primate/data/raw/howler_monkey__AS/20240808_094423.wav,as,59.75655328798186,True
/home/fcandia/tesis-primate/data/raw/howler_monkey__AS/20240810_165308.wav,as,43.67673469387755,True
/home/fcandia/tesis-primate/data/raw/howler_monkey__AS/20240810_165350.wav,as,35.54975056689342,True
/home/fcandia/tesis-primate/data/raw/howler_monkey__AS/20240810_165426.wav,as,31.30049886621315,True
/home/fcandia/tesis-primate/data/raw/howler_monkey__AS/20240810_165504.wav,as,42.67827664399093,True
/home/fcandia/tesis-primate/data/raw/howler_monkey__AS/20240810_165552.wav,as,25.14721088435374,True
/home/fcandia/tesis-primate/data/raw/howler_monkey__AS/20240810_165623.wav,as,41.749478458049886,True
/home/fcandia/tesis-primate/data/raw/howler_monkey__AS/20240810_165838.wav,as,33.274195011337866,True
/home/fcandia/tesis-primate/data/raw/howler_monkey__AS/20240810_165912.wav,as,29.280362811791385,True
/home/fcandia/tesis-primate/data/raw/howler_monkey__AS/20240812_173741.wav,as,99.00988662131519,True
/home/fcandia/tesis-primate/data/raw/howler_monkey__AS/20240813_090740.wav,as,40.35628117913832,True
/home/fcandia/tesis-primate/data/raw/howler_monkey__AS/20240813_090916.wav,as,36.03736961451247,True
/home/fcandia/tesis-primate/data/raw/howler_monkey__AS/20240813_091004.wav,as,38.40580498866213,True
/home/fcandia/tesis-primate/data/raw/howler_monkey__AS/20240813_091045.wav,as,30.928979591836736,True
/home/fcandia/tesis-primate/data/raw/howler_monkey__AS/20240813_091604.wav,as,49.412063492063496,True
/home/fcandia/tesis-primate/data/raw/howler_monkey__AS/20240813_092636.wav,as,44.083083900226754,True
/home/fcandia/tesis-primate/data/raw/howler_monkey__AS/20240813_092720.wav,as,31.672018140589568,True
/home/fcandia/tesis-primate/data/raw/howler_monkey__AS/20240813_092753.wav,as,32.78657596371882,True
/home/fcandia/tesis-primate/data/raw/howler_monkey__AS/20240813_092825.wav,as,44.14113378684807,True
/home/fcandia/tesis-primate/data/raw/howler_monkey__AS/20240813_093122.wav,as,31.463038548752834,True
/home/fcandia/tesis-primate/data/raw/howler_monkey__AS/20240813_093152.wav,as,25.959909297052153,True
/home/fcandia/tesis-primate/data/raw/howler_monkey__AS/20240813_093225.wav,as,58.2356462585034,True
/home/fcandia/tesis-primate/data/raw/howler_monkey__AS/20240813_093321.wav,as,28.53732426303855,True
/home/fcandia/tesis-primate/data/raw/howler_monkey__AS/20240815_070037.wav,as,45.023492063492064,True
/home/fcandia/tesis-primate/data/raw/howler_monkey__AS/20240815_070136.wav,as,19.9459410430839,True
/home/fcandia/tesis-primate/data/raw/howler_monkey__AS/20240815_070300.wav,as,35.80517006802721,True
/home/fcandia/tesis-primate/data/raw/howler_monkey__AS/20240815_070334.wav,as,25.193650793650793,True
/home/fcandia/tesis-primate/data/raw/howler_monkey__AS/20240815_070455.wav,as,9.891700680272109,True
/home/fcandia/tesis-primate/data/raw/howler_monkey__AS/20240815_070524.wav,as,19.11002267573696,True
/home/fcandia/tesis-primate/data/raw/howler_monkey__AS/20240815_161048.wav,as,11.284897959183674,True
/home/fcandia/tesis-primate/data/raw/howler_monkey__AS/20240815_161118.wav,as,27.817505668934242,True
/home/fcandia/tesis-primate/data/raw/howler_monkey__AS/20240815_161144.wav,as,24.264852607709752,True
/home/fcandia/tesis-primate/data/raw/howler_monkey__AS/20240815_161458.wav,as,30.511020408163265,True
/home/fcandia/tesis-primate/data/raw/howler_monkey__AS/20240815_161809.wav,as,21.722267573696143,True
/home/fcandia/tesis-primate/data/raw/howler_monkey__AS/20240816_161538.wav,as,7.314285714285714,True
/home/fcandia/tesis-primate/data/raw/howler_monkey__AS/20240816_161555.wav,as,34.50485260770975,True
/home/fcandia/tesis-primate/data/raw/howler_monkey__AS/20240816_161740.wav,as,87.72498866213152,True
/home/fcandia/tesis-primate/data/raw/howler_monkey__AS/20240816_162027.wav,as,8.962902494331066,True
/home/fcandia/tesis-primate/data/raw/howler_monkey__AS/20240817_051542.wav,as,30.882539682539683,True
/home/fcandia/tesis-primate/data/raw/howler_monkey__AS/20240817_051611.wav,as,31.230839002267572,True
/home/fcandia/tesis-primate/data/raw/howler_monkey__AS/20240817_051644.wav,as,37.8485260770975,True
/home/fcandia/tesis-primate/data/raw/howler_monkey__AS/20240817_051721.wav,as,28.88562358276644,True
/home/fcandia/tesis-primate/data/raw/howler_monkey__AS/20240817_051751.wav,as,31.648798185941043,True
/home/fcandia/tesis-primate/data/raw/howler_monkey__AS/20240817_055503.wav,as,40.983219954648526,True
/home/fcandia/tesis-primate/data/raw/howler_monkey__AS/20240817_055803.wav,as,32.275736961451244,True
/home/fcandia/tesis-primate/data/raw/howler_monkey__AS/20240817_055835.wav,as,30.627120181405896,True
/home/fcandia/tesis-primate/data/raw/howler_monkey__AS/20240817_061023.wav,as,37.52344671201814,True
/home/fcandia/tesis-primate/data/raw/howler_monkey__AS/20240817_061101.wav,as,43.23555555555556,True
/home/fcandia/tesis-primate/data/raw/howler_monkey__AS/20240817_061146.wav,as,53.35945578231293,True
/home/fcandia/tesis-primate/data/raw/howler_monkey__AS/20240817_061240.wav,as,57.933786848072565,True
/home/fcandia/tesis-primate/data/raw/howler_monkey__AS/20240817_061557.wav,as,33.85469387755102,True
/home/fcandia/tesis-primate/data/raw/howler_monkey__AS/20240817_064645.wav,as,30.743219954648527,True
/home/fcandia/tesis-primate/data/raw/howler_monkey__AS/20240817_064714.wav,as,29.41968253968254,True
/home/fcandia/tesis-primate/data/raw/howler_monkey__AS/20240817_064824.wav,as,26.447528344671202,True
/home/fcandia/tesis-primate/data/raw/howler_monkey__AS/20240817_064851.wav,as,30.72,True
/home/fcandia/tesis-primate/data/raw/howler_monkey__AS/20240817_065005.wav,as,31.695238095238096,True
/home/fcandia/tesis-primate/data/raw/howler_monkey__AS/20240817_065036.wav,as,30.1859410430839,True
/home/fcandia/tesis-primate/data/raw/howler_monkey__AS/20240818_060736.wav,as,30.905759637188208,True
/home/fcandia/tesis-primate/data/raw/howler_monkey__AS/20240818_060804.wav,as,30.859319727891158,True
/home/fcandia/tesis-primate/data/raw/howler_monkey__AS/20240818_060913.wav,as,22.453696145124717,True
/home/fcandia/tesis-primate/data/raw/howler_monkey__AS/20240818_063531.wav,as,38.15038548752835,True
/home/fcandia/tesis-primate/data/raw/howler_monkey__AS/20240818_063717.wav,as,27.910385487528345,True
/home/fcandia/tesis-primate/data/raw/howler_monkey__AS/20240818_064241.wav,as,64.44698412698413,True
/home/fcandia/tesis-primate/data/raw/howler_monkey__AS/20240818_064345.wav,as,17.531065759637187,True
/home/fcandia/tesis-primate/data/raw/howler_monkey__AS/20240818_064844.wav,as,16.486167800453515,True
/home/fcandia/tesis-primate/data/raw/howler_monkey__AS/20240818_064904.wav,as,31.7881179138322,True
/home/fcandia/tesis-primate/data/raw/howler_monkey__AS/20240818_064933.wav,as,31.71845804988662,True
/home/fcandia/tesis-primate/data/raw/howler_monkey__AS/20240818_065006.wav,as,22.523356009070294,True
/home/fcandia/tesis-primate/data/raw/howler_monkey__AS/20240820_101300.wav,as,23.684353741496597,True
/home/fcandia/tesis-primate/data/raw/howler_monkey__AS/20240820_101323.wav,as,36.33922902494331,True
/home/fcandia/tesis-primate/data/raw/howler_monkey__AS/20240820_101400.wav,as,26.79582766439909,True
/home/fcandia/tesis-primate/data/raw/howler_monkey__AS/20240820_101426.wav,as,23.962993197278912,True
/home/fcandia/tesis-primate/data/raw/howler_monkey__AS/20240820_101451.wav,as,29.837641723356008,True
/home/fcandia/tesis-primate/data/raw/howler_monkey__AS/20240820_101527.wav,as,15.522539682539682,True
/home/fcandia/tesis-primate/data/raw/howler_monkey__AS/20240820_101544.wav,as,38.12716553287982,True
/home/fcandia/tesis-primate/data/raw/howler_monkey__AS/20240820_101619.wav,as,31.695238095238096,True
/home/fcandia/tesis-primate/data/raw/howler_monkey__AS/20240821_070414.wav,as,27.86394557823129,True
/home/fcandia/tesis-primate/data/raw/howler_monkey__AS/20240821_070440.wav,as,26.470748299319727,True
/home/fcandia/tesis-primate/data/raw/howler_monkey__AS/20240821_070510.wav,as,33.78503401360544,True
/home/fcandia/tesis-primate/data/raw/howler_monkey__AS/20240821_070546.wav,as,31.346938775510203,True
/home/fcandia/tesis-primate/data/raw/howler_monkey__AS/20240823_053258.wav,as,24.055873015873015,True
/home/fcandia/tesis-primate/data/raw/howler_monkey__AS/20240823_053321.wav,as,33.065215419501136,True
/home/fcandia/tesis-primate/data/raw/howler_monkey__AS/20240823_053353.wav,as,31.41659863945578,True
/home/fcandia/tesis-primate/data/raw/howler_monkey__AS/20240823_053424.wav,as,23.42893424036281,True
/home/fcandia/tesis-primate/data/raw/howler_monkey__AS/20240823_053448.wav,as,23.173514739229024,True
/home/fcandia/tesis-primate/data/raw/howler_monkey__AS/20240823_053512.wav,as,31.463038548752834,True
/home/fcandia/tesis-primate/data/raw/howler_monkey__AS/20240823_141855.wav,as,32.287346938775514,True
/home/fcandia/tesis-primate/data/raw/howler_monkey__AS/20240823_141927.wav,as,16.16108843537415,True
/home/fcandia/tesis-primate/data/raw/howler_monkey__AS/20240823_141943.wav,as,21.339138321995463,True
/home/fcandia/tesis-primate/data/raw/howler_monkey__AS/20240823_142004.wav,as,28.398004535147393,True
/home/fcandia/tesis-primate/data/raw/howler_monkey__AS/20240823_142033.wav,as,23.312834467120183,True
/home/fcandia/tesis-primate/data/raw/howler_monkey__AS/20240823_142056.wav,as,25.86702947845805,True
/home/fcandia/tesis-primate/data/raw/howler_monkey__AS/20240823_142122.wav,as,26.679727891156464,True
/home/fcandia/tesis-primate/data/raw/howler_monkey__AS/20240828_054603.wav,as,15.09297052154195,True
/home/fcandia/tesis-primate/data/raw/howler_monkey__AS/20240828_054616.wav,as,20.09687074829932,True
/home/fcandia/tesis-primate/data/raw/howler_monkey__AS/20240828_054701.wav,as,26.482358276643993,True
/home/fcandia/tesis-primate/data/raw/howler_monkey__AS/20240828_054726.wav,as,31.82294784580499,True
/home/fcandia/tesis-primate/data/raw/howler_monkey__AS/20240828_054756.wav,as,47.275827664399095,True
/home/fcandia/tesis-primate/data/raw/howler_monkey__AS/20240828_054850.wav,as,35.54975056689342,True
/home/fcandia/tesis-primate/data/raw/howler_monkey__AS/20240830_160925.wav,as,33.90113378684807,True
/home/fcandia/tesis-primate/data/raw/howler_monkey__AS/20240830_161027.wav,as,25.240090702947846,True
/home/fcandia/tesis-primate/data/raw/howler_monkey__AS/20240830_161151.wav,as,50.108662131519274,True
/home/fcandia/tesis-primate/data/raw/howler_monkey__AS/20240831_064246.wav,as,29.942131519274376,True
/home/fcandia/tesis-primate/data/raw/howler_monkey__AS/20240831_064316.wav,as,44.73324263038549,True
/home/fcandia/tesis-primate/data/raw/howler_monkey__AS/20240831_064358.wav,as,36.07219954648526,True
/home/fcandia/tesis-primate/data/raw/howler_monkey__AS/20240831_064436.wav,as,41.81913832199547,True
/home/fcandia/tesis-primate/data/raw/howler_monkey__AS/20240831_064516.wav,as,43.990204081632655,True
/home/fcandia/tesis-primate/data/raw/howler_monkey__AS/20240831_064607.wav,as,39.9847619047619,True
/home/fcandia/tesis-primate/data/raw/howler_monkey__AS/20240831_064644.wav,as,38.74249433106576,True
/home/fcandia/tesis-primate/data/raw/howler_monkey__AS/20240831_064728.wav,as,44.82612244897959,True
/home/fcandia/tesis-primate/data/raw/howler_monkey__AS/20240831_064811.wav,as,24.29968253968254,True
/home/fcandia/tesis-primate/data/raw/howler_monkey__AS/20240903_081051.wav,as,31.741678004535146,True
/home/fcandia/tesis-primate/data/raw/howler_monkey__AS/20240903_081220.wav,as,21.176598639455783,True
/home/fcandia/tesis-primate/data/raw/howler_monkey__AS/20240903_081241.wav,as,27.213786848072562,True
/home/fcandia/tesis-primate/data/raw/howler_monkey__AS/20240903_081354.wav,as,52.082358276643994,True
/home/fcandia/tesis-primate/data/raw/howler_monkey__AS/20240903_081518.wav,as,46.11482993197279,True
/home/fcandia/tesis-primate/data/raw/howler_monkey__AS/20240903_081606.wav,as,76.11501133786848,True
/home/fcandia/tesis-primate/data/raw/howler_monkey__AS/20240905_091248.wav,as,44.419773242630384,True
/home/fcandia/tesis-primate/data/raw/howler_monkey__AS/20240905_091351.wav,as,33.66893424036281,True
/home/fcandia/tesis-primate/data/raw/howler_monkey__AS/20240905_091423.wav,as,17.531065759637187,True
/home/fcandia/tesis-primate/data/raw/howler_monkey__AS/20240905_091455.wav,as,27.051247165532878,True
/home/fcandia/tesis-primate/data/raw/howler_monkey__AS/20240905_091520.wav,as,28.23546485260771,True
/home/fcandia/tesis-primate/data/raw/howler_monkey__AS/20240905_091548.wav,as,26.563628117913833,True
/home/fcandia/tesis-primate/data/raw/howler_monkey__AS/20240905_091651.wav,as,25.402630385487527,True
/home/fcandia/tesis-primate/data/raw/howler_monkey__AS/20240905_091716.wav,as,17.159546485260773,True
/home/fcandia/tesis-primate/data/raw/howler_monkey__AS/20240905_091857.wav,as,27.144126984126984,True
/home/fcandia/tesis-primate/data/raw/howler_monkey__AS/20240905_091922.wav,as,19.644081632653062,True
/home/fcandia/tesis-primate/data/raw/howler_monkey__AS/20240905_092008.wav,as,23.893333333333334,True
/home/fcandia/tesis-primate/data/raw/howler_monkey__AS/20240905_092142.wav,as,23.38249433106576,True
/home/fcandia/tesis-primate/data/raw/howler_monkey__AS/20240905_092213.wav,as,24.264852607709752,True
/home/fcandia/tesis-primate/data/raw/howler_monkey__AS/20240905_092243.wav,as,27.260226757369615,True
/home/fcandia/tesis-primate/data/raw/howler_monkey__AS/20240905_092309.wav,as,24.450612244897957,True
/home/fcandia/tesis-primate/data/raw/howler_monkey__AS/20240905_092447.wav,as,24.055873015873015,True
/home/fcandia/tesis-primate/data/raw/howler_monkey__AS/20240905_094116.wav,as,32.60081632653061,True
/home/fcandia/tesis-primate/data/raw/howler_monkey__AS/20240905_094333.wav,as,21.060498866213152,True
/home/fcandia/tesis-primate/data/raw/howler_monkey__AS/20240905_095329.wav,as,20.085260770975058,True
/home/fcandia/tesis-primate/data/raw/howler_monkey__AS/20240905_095348.wav,as,26.09922902494331,True
/home/fcandia/tesis-primate/data/raw/howler_monkey__AS/20240911_060726.wav,as,32.949115646258505,True
/home/fcandia/tesis-primate/data/raw/howler_monkey__AS/20240911_060756.wav,as,38.080725623582765,True
/home/fcandia/tesis-primate/data/raw/howler_monkey__AS/20240911_060834.wav,as,40.216961451247165,True
/home/fcandia/tesis-primate/data/raw/howler_monkey__AS/20240911_060916.wav,as,22.906485260770975,True
/home/fcandia/tesis-primate/data/raw/howler_monkey__AS/20241002_054221.wav,as,15.940498866213153,True
/home/fcandia/tesis-primate/data/raw/howler_monkey__AS/20241002_054600.wav,as,7.616145124716553,True
/home/fcandia/tesis-primate/data/raw/howler_monkey__AS/20241004_052044.wav,as,22.23310657596372,True
/home/fcandia/tesis-primate/data/raw/howler_monkey__AS/20241004_052127.wav,as,16.69514739229025,True
/home/fcandia/tesis-primate/data/raw/howler_monkey__AS/20241004_052215.wav,as,27.12090702947846,True
/home/fcandia/tesis-primate/data/raw/howler_monkey__AS/20241004_052433.wav,as,24.71764172335601,True
/home/fcandia/tesis-primate/data/raw/howler_monkey__AS/20241004_052459.wav,as,21.59455782312925,True
/home/fcandia/tesis-primate/data/raw/howler_monkey__AS/20241004_052520.wav,as,8.661043083900227,True
/home/fcandia/tesis-primate/data/raw/howler_monkey__AS/20241004_052716.wav,as,26.261768707482993,True
/home/fcandia/tesis-primate/data/raw/howler_monkey__AS/20241004_052756.wav,as,25.2865306122449,True
/home/fcandia/tesis-primate/data/raw/howler_monkey__AS/20241004_061907.wav,as,23.173514739229024,True
/home/fcandia/tesis-primate/data/raw/howler_monkey__AS/20241004_061935.wav,as,21.0140589569161,True
/home/fcandia/tesis-primate/data/raw/howler_monkey__AS/20241004_062010.wav,as,14.953650793650795,True
/home/fcandia/tesis-primate/data/raw/howler_monkey__AS/20241004_062035.wav,as,21.385578231292516,True
/home/fcandia/tesis-primate/data/raw/howler_monkey__AS/20241004_062132.wav,as,21.66421768707483,True
/home/fcandia/tesis-primate/data/raw/howler_monkey__AS/20241004_062213.wav,as,23.219954648526077,True
/home/fcandia/tesis-primate/data/raw/howler_monkey__AS/20241004_062253.wav,as,9.914920634920636,True
/home/fcandia/tesis-primate/data/raw/howler_monkey__AS/20241012_045736.wav,as,15.255510204081633,True
/home/fcandia/tesis-primate/data/raw/howler_monkey__AS/20241012_045749.wav,as,31.532698412698412,True
/home/fcandia/tesis-primate/data/raw/howler_monkey__AS/20241012_045821.wav,as,30.859319727891158,True
/home/fcandia/tesis-primate/data/raw/howler_monkey__AS/20241012_045853.wav,as,28.606984126984127,True
/home/fcandia/tesis-primate/data/raw/howler_monkey__AS/20241012_045919.wav,as,22.058956916099774,True
/home/fcandia/tesis-primate/data/raw/howler_monkey__AS/20241012_050007.wav,as,23.591473922902495,True
/home/fcandia/tesis-primate/data/raw/howler_monkey__AS/20241012_050031.wav,as,31.71845804988662,True
/home/fcandia/tesis-primate/data/raw/howler_monkey__AS/20241012_050105.wav,as,38.12716553287982,True
/home/fcandia/tesis-primate/data/raw/howler_monkey__AS/20241012_050141.wav,as,20.990839002267574,True
/home/fcandia/tesis-primate/data/raw/howler_monkey__AS/20241013_161049.wav,as,26.192108843537415,True
/home/fcandia/tesis-primate/data/raw/howler_monkey__AS/20241013_161139.wav,as,35.57297052154195,True
/home/fcandia/tesis-primate/data/raw/howler_monkey__AS/20241025_154415.wav,as,21.199818594104308,True
/home/fcandia/tesis-primate/data/raw/howler_monkey__AS/20241025_154526.wav,as,14.86077097505669,True
/home/fcandia/tesis-primate/data/raw/howler_monkey__AS/20241029_161700.wav,as,15.209070294784581,True
/home/fcandia/tesis-primate/data/raw/howler_monkey__AS/20241029_161714.wav,as,19.06358276643991,True
/home/fcandia/tesis-primate/data/raw/howler_monkey__AS/20241029_161733.wav,as,15.301950113378684,True
/home/fcandia/tesis-primate/data/raw/howler_monkey__AS/20241029_161748.wav,as,13.02639455782313,True
/home/fcandia/tesis-primate/data/raw/howler_monkey__AS/20241029_161803.wav,as,15.32517006802721,True
/home/fcandia/tesis-primate/data/raw/howler_monkey__AS/20241029_161817.wav,as,23.49859410430839,True
/home/fcandia/tesis-primate/data/raw/howler_monkey__AS/20241029_161841.wav,as,19.82984126984127,True
/home/fcandia/tesis-primate/data/raw/howler_monkey__AS/20241110_083712.wav,as,20.66575963718821,True
/home/fcandia/tesis-primate/data/raw/howler_monkey__AS/20250110_111430.wav,as,7.44,True
/home/fcandia/tesis-primate/data/raw/howler_monkey__AS/20250110_111445.wav,as,15.44,True
/home/fcandia/tesis-primate/data/raw/howler_monkey__AS/E and lower/20240113_0653.wav,as,75.168,False
/home/fcandia/tesis-primate/data/raw/howler_monkey__AS/E and lower/20240120_053358.wav,as,127.70975056689342,False
/home/fcandia/tesis-primate/data/raw/howler_monkey__AS/E and lower/20240120_070137.wav,as,111.94340136054421,False
/home/fcandia/tesis-primate/data/raw/howler_monkey__AS/E and lower/20240419_055235.wav,as,31.0334693877551,False
/home/fcandia/tesis-primate/data/raw/howler_monkey__AS/E and lower/20240419_055311.wav,as,30.708390022675736,False
/home/fcandia/tesis-primate/data/raw/howler_monkey__AS/E and lower/20240422_053550.wav,as,38.12716553287982,False
/home/fcandia/tesis-primate/data/raw/howler_monkey__AS/E and lower/20240422_071536.wav,as,28.212244897959184,False
/home/fcandia/tesis-primate/data/raw/howler_monkey__AS/E and lower/20240422_071615.wav,as,34.22621315192744,False
/home/fcandia/tesis-primate/data/raw/howler_monkey__AS/E and lower/20240426_082738.wav,as,16.950566893424035,False
/home/fcandia/tesis-primate/data/raw/howler_monkey__AS/E and lower/20240513_080814.wav,as,32.21768707482993,True
/home/fcandia/tesis-primate/data/raw/howler_monkey__AS/E and lower/20240513_152456.wav,as,11.609977324263038,False
/home/fcandia/tesis-primate/data/raw/howler_monkey__AS/E and lower/20240521_064929.wav,as,25.472290249433108,False
/home/fcandia/tesis-primate/data/raw/howler_monkey__AS/E and lower/20240603_054017.wav,as,4.272471655328798,False
/home/fcandia/tesis-primate/data/raw/howler_monkey__AS/E and lower/20240618_055440.wav,as,31.230839002267572,False
/home/fcandia/tesis-primate/data/raw/howler_monkey__AS/E and lower/20240618_064628.wav,as,32.93750566893424,False
/home/fcandia/tesis-primate/data/raw/howler_monkey__AS/E and lower/20240618_065106.wav,as,49.26113378684807,False
/home/fcandia/tesis-primate/data/raw/howler_monkey__AS/E and lower/20240618_065527.wav,as,32.26412698412698,False
/home/fcandia/tesis-primate/data/raw/howler_monkey__AS/E and lower/20240830_090622.wav,as,30.34848072562358,False
/home/fcandia/tesis-primate/data/raw/howler_monkey__AS/E and lower/20240830_090650.wav,as,22.918095238095237,False
/home/fcandia/tesis-primate/data/raw/howler_monkey__AS/E and lower/20240830_090805.wav,as,28.479274376417234,False
/home/fcandia/tesis-primate/data/raw/howler_monkey__AS/E and lower/20240830_090842.wav,as,38.684444444444445,False
/home/fcandia/tesis-primate/data/raw/howler_monkey__AS/E and lower/20240830_090919.wav,as,38.20843537414966,False
/home/fcandia/tesis-primate/data/raw/howler_monkey__AS/E and lower/20240830_095153.wav,as,28.293514739229025,False
/home/fcandia/tesis-primate/data/raw/howler_monkey__AS/E and lower/20240830_095222.wav,as,30.127891156462585,False
/home/fcandia/tesis-primate/data/raw/howler_monkey__AS/E and lower/20240830_095254.wav,as,31.474648526077097,False
/home/fcandia/tesis-primate/data/raw/howler_monkey__AS/E and lower/20240830_095324.wav,as,32.17124716553288,False
/home/fcandia/tesis-primate/data/raw/howler_monkey__AS/E and lower/20240830_095356.wav,as,30.441360544217687,False
/home/fcandia/tesis-primate/data/raw/howler_monkey__AS/E and lower/20240830_100119.wav,as,32.48471655328798,False
/home/fcandia/tesis-primate/data/raw/howler_monkey__AS/E and lower/20240830_100149.wav,as,26.51718820861678,False
/home/fcandia/tesis-primate/data/raw/howler_monkey__AS/E and lower/20240830_100220.wav,as,29.129433106575963,False
/home/fcandia/tesis-primate/data/raw/large_headed_capuchin__SM/20231223_1436.wav,sm,82.65142857142857,True
/home/fcandia/tesis-primate/data/raw/large_headed_capuchin__SM/20231224_0856.wav,sm,70.76571428571428,True
/home/fcandia/tesis-primate/data/raw/large_headed_capuchin__SM/20231224_0858.wav,sm,60.81306122448979,True
/home/fcandia/tesis-primate/data/raw/large_headed_capuchin__SM/20231224_0859.wav,sm,24.842448979591836,True
/home/fcandia/tesis-primate/data/raw/large_headed_capuchin__SM/20231224_0901 (2).wav,sm,61.204897959183675,True
/home/fcandia/tesis-primate/data/raw/large_headed_capuchin__SM/20231224_0901.wav,sm,32.182857142857145,True
/home/fcandia/tesis-primate/data/raw/large_headed_capuchin__SM/20231229_152953.wav,sm,110.74757369614512,True
/home/fcandia/tesis-primate/data/raw/large_headed_capuchin__SM/20231229_153235.wav,sm,121.05723356009071,True
/home/fcandia/tesis-primate/data/raw/large_headed_capuchin__SM/20231229_153943.wav,sm,124.45895691609978,True
/home/fcandia/tesis-primate/data/raw/large_headed_capuchin__SM/20231229_154400.wav,sm,18.657233560090702,True
/home/fcandia/tesis-primate/data/raw/large_headed_capuchin__SM/20231229_154525.wav,sm,74.51283446712019,True
/home/fcandia/tesis-primate/data/raw/large_headed_capuchin__SM/20231229_154657.wav,sm,69.42766439909298,True
/home/fcandia/tesis-primate/data/raw/large_headed_capuchin__SM/20231229_154829.wav,sm,27.805895691609976,True
/home/fcandia/tesis-primate/data/raw/large_headed_capuchin__SM/20231229_160318.wav,sm,136.96290249433108,True
/home/fcandia/tesis-primate/data/raw/large_headed_capuchin__SM/20231229_160536.wav,sm,62.0669387755102,True
/home/fcandia/tesis-primate/data/raw/large_headed_capuchin__SM/20231229_160720.wav,sm,61.68380952380952,True
/home/fcandia/tesis-primate/data/raw/large_headed_capuchin__SM/20240201_160955.wav,sm,44.93061224489796,True
/home/fcandia/tesis-primate/data/raw/large_headed_capuchin__SM/20240201_161036.wav,sm,61.18458049886621,True
/home/fcandia/tesis-primate/data/raw/large_headed_capuchin__SM/20240201_161040.wav,sm,17.205986394557822,True
/home/fcandia/tesis-primate/data/raw/large_headed_capuchin__SM/20240201_161124.wav,sm,31.393378684807256,True
/home/fcandia/tesis-primate/data/raw/large_headed_capuchin__SM/20240201_161138.wav,sm,80.29460317460317,True
/home/fcandia/tesis-primate/data/raw/large_headed_capuchin__SM/20240201_161251.wav,sm,19.655691609977325,True
/home/fcandia/tesis-primate/data/raw/large_headed_capuchin__SM/20240201_161310.wav,sm,61.06848072562358,True
/home/fcandia/tesis-primate/data/raw/large_headed_capuchin__SM/20240201_161442.wav,sm,61.23102040816327,True
/home/fcandia/tesis-primate/data/raw/large_headed_capuchin__SM/20240201_161753.wav,sm,107.71736961451248,True
/home/fcandia/tesis-primate/data/raw/large_headed_capuchin__SM/20240201_161940.wav,sm,44.698412698412696,True
/home/fcandia/tesis-primate/data/raw/large_headed_capuchin__SM/20240201_162023.wav,sm,59.512743764172335,True
/home/fcandia/tesis-primate/data/raw/large_headed_capuchin__SM/20240201_162149.wav,sm,42.79437641723356,True
/home/fcandia/tesis-primate/data/raw/large_headed_capuchin__SM/20240201_162711.wav,sm,94.15691609977324,True
/home/fcandia/tesis-primate/data/raw/large_headed_capuchin__SM/20240202_161447.wav,sm,61.11492063492064,True
/home/fcandia/tesis-primate/data/raw/large_headed_capuchin__SM/20240202_161604.wav,sm,61.648979591836735,True
/home/fcandia/tesis-primate/data/raw/large_headed_capuchin__SM/20240202_161704.wav,sm,60.26739229024943,True
/home/fcandia/tesis-primate/data/raw/large_headed_capuchin__SM/20240202_161953.wav,sm,32.64725623582766,True
/home/fcandia/tesis-primate/data/raw/large_headed_capuchin__SM/20240202_162023.wav,sm,3.5526530612244898,True
/home/fcandia/tesis-primate/data/raw/large_headed_capuchin__SM/20240202_162050.wav,sm,36.594648526077094,True
/home/fcandia/tesis-primate/data/raw/large_headed_capuchin__SM/20240202_162219.wav,sm,61.13814058956916,True
/home/fcandia/tesis-primate/data/raw/large_headed_capuchin__SM/20240202_163158.wav,sm,66.03755102040816,False
/home/fcandia/tesis-primate/data/raw/large_headed_capuchin__SM/20240202_164202.wav,sm,62.5081179138322,True
/home/fcandia/tesis-primate/data/raw/large_headed_capuchin__SM/20240202_165553.wav,sm,70.49578231292517,True
/home/fcandia/tesis-primate/data/raw/large_headed_capuchin__SM/20240202_170252.wav,sm,63.55301587301587,True
/home/fcandia/tesis-primate/data/raw/large_headed_capuchin__SM/20240206_170138.wav,sm,68.22022675736962,True
/home/fcandia/tesis-primate/data/raw/large_headed_capuchin__SM/20240206_170254.wav,sm,59.23410430839002,True
/home/fcandia/tesis-primate/data/raw/large_headed_capuchin__SM/20240206_170352.wav,sm,12.422675736961452,True
/home/fcandia/tesis-primate/data/raw/large_headed_capuchin__SM/20240206_170410.wav,sm,25.704489795918366,True
/home/fcandia/tesis-primate/data/raw/large_headed_capuchin__SM/20240206_170824.wav,sm,27.794285714285714,True
/home/fcandia/tesis-primate/data/raw/large_headed_capuchin__SM/20240206_171029.wav,sm,17.670385487528346,True
/home/fcandia/tesis-primate/data/raw/large_headed_capuchin__SM/20240206_171705.wav,sm,42.887256235827664,True
/home/fcandia/tesis-primate/data/raw/large_headed_capuchin__SM/20240206_171840.wav,sm,77.06702947845805,True
/home/fcandia/tesis-primate/data/raw/large_headed_capuchin__SM/20240206_172001.wav,sm,57.56226757369615,True
/home/fcandia/tesis-primate/data/raw/large_headed_capuchin__SM/20240206_172225.wav,sm,57.608707482993196,True
/home/fcandia/tesis-primate/data/raw/large_headed_capuchin__SM/20240208_070213.wav,sm,42.16743764172335,True
/home/fcandia/tesis-primate/data/raw/large_headed_capuchin__SM/20240208_070418.wav,sm,46.35863945578231,True
/home/fcandia/tesis-primate/data/raw/large_headed_capuchin__SM/20240208_070506.wav,sm,37.83691609977324,True
/home/fcandia/tesis-primate/data/raw/large_headed_capuchin__SM/20240208_070546.wav,sm,99.36979591836734,True
/home/fcandia/tesis-primate/data/raw/large_headed_capuchin__SM/20240208_071204.wav,sm,39.05596371882086,True
/home/fcandia/tesis-primate/data/raw/large_headed_capuchin__SM/20240208_071330.wav,sm,35.247891156462586,True
/home/fcandia/tesis-primate/data/raw/large_headed_capuchin__SM/20240208_071804.wav,sm,66.14204081632653,True
/home/fcandia/tesis-primate/data/raw/large_headed_capuchin__SM/20240208_072031.wav,sm,70.34485260770975,True
/home/fcandia/tesis-primate/data/raw/large_headed_capuchin__SM/20240208_072140.wav,sm,40.77424036281179,True
/home/fcandia/tesis-primate/data/raw/large_headed_capuchin__SM/20240410_060419.wav,sm,22.825215419501134,True
/home/fcandia/tesis-primate/data/raw/large_headed_capuchin__SM/20240410_060443.wav,sm,29.164263038548754,True
/home/fcandia/tesis-primate/data/raw/large_headed_capuchin__SM/20240410_060511.wav,sm,28.560544217687074,True
/home/fcandia/tesis-primate/data/raw/large_headed_capuchin__SM/20240410_060542.wav,sm,31.045079365079363,True
/home/fcandia/tesis-primate/data/raw/large_headed_capuchin__SM/20240410_060737.wav,sm,23.56825396825397,True
/home/fcandia/tesis-primate/data/raw/large_headed_capuchin__SM/20240410_060756.wav,sm,30.905759637188208,True
/home/fcandia/tesis-primate/data/raw/large_headed_capuchin__SM/20240410_060803.wav,sm,26.772607709750567,True
/home/fcandia/tesis-primate/data/raw/large_headed_capuchin__SM/20240410_060825.wav,sm,36.6875283446712,True
/home/fcandia/tesis-primate/data/raw/large_headed_capuchin__SM/20240410_060828.wav,sm,26.70294784580499,True
/home/fcandia/tesis-primate/data/raw/large_headed_capuchin__SM/20240410_060855.wav,sm,34.644172335600906,True
/home/fcandia/tesis-primate/data/raw/large_headed_capuchin__SM/20240410_060901.wav,sm,30.325260770975056,True
/home/fcandia/tesis-primate/data/raw/large_headed_capuchin__SM/20240410_060937.wav,sm,24.38095238095238,True
/home/fcandia/tesis-primate/data/raw/large_headed_capuchin__SM/20240410_060947.wav,sm,50.41052154195011,True
/home/fcandia/tesis-primate/data/raw/large_headed_capuchin__SM/20240410_060959.wav,sm,36.24634920634921,True
/home/fcandia/tesis-primate/data/raw/large_headed_capuchin__SM/20240410_061035.wav,sm,39.90349206349207,True
/home/fcandia/tesis-primate/data/raw/large_headed_capuchin__SM/20240410_061115.wav,sm,32.113197278911564,True
/home/fcandia/tesis-primate/data/raw/large_headed_capuchin__SM/20240410_061139.wav,sm,31.068299319727892,True
/home/fcandia/tesis-primate/data/raw/large_headed_capuchin__SM/20240410_061147.wav,sm,21.43201814058957,True
/home/fcandia/tesis-primate/data/raw/large_headed_capuchin__SM/20240410_061213.wav,sm,29.466122448979593,True
/home/fcandia/tesis-primate/data/raw/large_headed_capuchin__SM/20240410_061230.wav,sm,8.70748299319728,True
/home/fcandia/tesis-primate/data/raw/large_headed_capuchin__SM/20240410_061236.wav,sm,30.278820861678003,True
/home/fcandia/tesis-primate/data/raw/large_headed_capuchin__SM/20240410_061240.wav,sm,37.10548752834467,True
/home/fcandia/tesis-primate/data/raw/large_headed_capuchin__SM/20240410_061309.wav,sm,36.989387755102044,True
/home/fcandia/tesis-primate/data/raw/large_headed_capuchin__SM/20240410_061318.wav,sm,35.59619047619048,True
/home/fcandia/tesis-primate/data/raw/large_headed_capuchin__SM/20240410_061345.wav,sm,31.114739229024945,True
/home/fcandia/tesis-primate/data/raw/large_headed_capuchin__SM/20240410_061353.wav,sm,9.496961451247165,True
/home/fcandia/tesis-primate/data/raw/large_headed_capuchin__SM/20240410_061413.wav,sm,29.30358276643991,True
/home/fcandia/tesis-primate/data/raw/large_headed_capuchin__SM/20240410_061417.wav,sm,31.346938775510203,True
/home/fcandia/tesis-primate/data/raw/large_headed_capuchin__SM/20240410_061444.wav,sm,45.69687074829932,True
/home/fcandia/tesis-primate/data/raw/large_headed_capuchin__SM/20240410_061448.wav,sm,37.61632653061225,True
/home/fcandia/tesis-primate/data/raw/large_headed_capuchin__SM/20240410_061533.wav,sm,28.966893424036282,True
/home/fcandia/tesis-primate/data/raw/large_headed_capuchin__SM/20240410_061600.wav,sm,35.41043083900227,True
/home/fcandia/tesis-primate/data/raw/large_headed_capuchin__SM/20240410_061608.wav,sm,19.969160997732427,True
/home/fcandia/tesis-primate/data/raw/large_headed_capuchin__SM/20240410_061701.wav,sm,31.32371882086168,True
/home/fcandia/tesis-primate/data/raw/large_headed_capuchin__SM/20240410_061750.wav,sm,21.223038548752836,False
/home/fcandia/tesis-primate/data/raw/large_headed_capuchin__SM/20240411_104224.wav,sm,32.62403628117914,True
/home/fcandia/tesis-primate/data/raw/large_headed_capuchin__SM/20240411_104257.wav,sm,30.696780045351474,True
/home/fcandia/tesis-primate/data/raw/large_headed_capuchin__SM/20240411_104410.wav,sm,34.13333333333333,True
/home/fcandia/tesis-primate/data/raw/large_headed_capuchin__SM/20240411_104456.wav,sm,31.045079365079363,True
/home/fcandia/tesis-primate/data/raw/large_headed_capuchin__SM/20240411_104534.wav,sm,30.25560090702948,True
/home/fcandia/tesis-primate/data/raw/large_headed_capuchin__SM/20240411_104607.wav,sm,33.78503401360544,True
/home/fcandia/tesis-primate/data/raw/large_headed_capuchin__SM/20240411_104650.wav,sm,51.06068027210885,True
/home/fcandia/tesis-primate/data/raw/large_headed_capuchin__SM/20240411_104740.wav,sm,43.281995464852606,True
/home/fcandia/tesis-primate/data/raw/large_headed_capuchin__SM/20240411_104900.wav,sm,30.789659863945577,True
/home/fcandia/tesis-primate/data/raw/large_headed_capuchin__SM/20240411_104931.wav,sm,31.30049886621315,True
/home/fcandia/tesis-primate/data/raw/large_headed_capuchin__SM/20240411_105203.wav,sm,17.29886621315193,True
/home/fcandia/tesis-primate/data/raw/large_headed_capuchin__SM/20240411_105243.wav,sm,31.32371882086168,True
/home/fcandia/tesis-primate/data/raw/large_headed_capuchin__SM/20240411_105401.wav,sm,30.34848072562358,True
/home/fcandia/tesis-primate/data/raw/large_headed_capuchin__SM/20240411_105444.wav,sm,33.32063492063492,True
/home/fcandia/tesis-primate/data/raw/large_headed_capuchin__SM/20240411_105535.wav,sm,31.13795918367347,True
/home/fcandia/tesis-primate/data/raw/large_headed_capuchin__SM/20240411_105605.wav,sm,32.04353741496599,True
/home/fcandia/tesis-primate/data/raw/large_headed_capuchin__SM/20240411_105636.wav,sm,30.743219954648527,True
/home/fcandia/tesis-primate/data/raw/large_headed_capuchin__SM/20240411_105919.wav,sm,18.970702947845805,True
/home/fcandia/tesis-primate/data/raw/large_headed_capuchin__SM/20240411_110103.wav,sm,13.02639455782313,True
/home/fcandia/tesis-primate/data/raw/large_headed_capuchin__SM/20240411_111423.wav,sm,32.90267573696145,True
/home/fcandia/tesis-primate/data/raw/large_headed_capuchin__SM/20240411_111830.wav,sm,30.72,True
/home/fcandia/tesis-primate/data/raw/large_headed_capuchin__SM/20240411_112002.wav,sm,32.949115646258505,True
/home/fcandia/tesis-primate/data/raw/large_headed_capuchin__SM/20240411_112046.wav,sm,34.66739229024943,True
/home/fcandia/tesis-primate/data/raw/large_headed_capuchin__SM/20240411_112150.wav,sm,31.509478458049887,True
/home/fcandia/tesis-primate/data/raw/large_headed_capuchin__SM/20240414_064050.wav,sm,29.210702947845807,True
/home/fcandia/tesis-primate/data/raw/large_headed_capuchin__SM/20240414_064123.wav,sm,31.532698412698412,True
/home/fcandia/tesis-primate/data/raw/large_headed_capuchin__SM/20240414_064214.wav,sm,26.70294784580499,True
/home/fcandia/tesis-primate/data/raw/large_headed_capuchin__SM/20240414_064259.wav,sm,29.95374149659864,True
/home/fcandia/tesis-primate/data/raw/large_headed_capuchin__SM/20240414_064406.wav,sm,38.10394557823129,True
/home/fcandia/tesis-primate/data/raw/large_headed_capuchin__SM/20240414_064458.wav,sm,41.09931972789116,True
/home/fcandia/tesis-primate/data/raw/large_headed_capuchin__SM/20240414_064544.wav,sm,47.50802721088435,True
/home/fcandia/tesis-primate/data/raw/large_headed_capuchin__SM/20240414_064647.wav,sm,36.80362811791383,True
/home/fcandia/tesis-primate/data/raw/large_headed_capuchin__SM/20240414_064805.wav,sm,42.74793650793651,True
/home/fcandia/tesis-primate/data/raw/large_headed_capuchin__SM/20240414_065137.wav,sm,44.651972789115646,True
/home/fcandia/tesis-primate/data/raw/large_headed_capuchin__SM/20240414_065228.wav,sm,36.710748299319725,True
/home/fcandia/tesis-primate/data/raw/large_headed_capuchin__SM/20240414_065308.wav,sm,38.22004535147392,True
/home/fcandia/tesis-primate/data/raw/large_headed_capuchin__SM/20240414_065355.wav,sm,36.13024943310658,True
/home/fcandia/tesis-primate/data/raw/large_headed_capuchin__SM/20240414_065432.wav,sm,30.394920634920634,True
/home/fcandia/tesis-primate/data/raw/large_headed_capuchin__SM/20240414_065909.wav,sm,51.594739229024945,True
/home/fcandia/tesis-primate/data/raw/large_headed_capuchin__SM/20240414_070001.wav,sm,35.9677097505669,True
/home/fcandia/tesis-primate/data/raw/large_headed_capuchin__SM/20240414_070116.wav,sm,29.141043083900225,True
/home/fcandia/tesis-primate/data/raw/large_headed_capuchin__SM/20240414_070206.wav,sm,25.379410430839002,True
/home/fcandia/tesis-primate/data/raw/large_headed_capuchin__SM/20240414_070255.wav,sm,40.61170068027211,True
/home/fcandia/tesis-primate/data/raw/large_headed_capuchin__SM/20240414_070402.wav,sm,43.816054421768705,True
/home/fcandia/tesis-primate/data/raw/large_headed_capuchin__SM/20240414_070500.wav,sm,27.492426303854874,True
/home/fcandia/tesis-primate/data/raw/large_headed_capuchin__SM/20240414_070541.wav,sm,34.481632653061226,True
/home/fcandia/tesis-primate/data/raw/large_headed_capuchin__SM/20240414_070650.wav,sm,31.045079365079363,True
/home/fcandia/tesis-primate/data/raw/large_headed_capuchin__SM/20240414_111229.wav,sm,33.8314739229025,True
/home/fcandia/tesis-primate/data/raw/large_headed_capuchin__SM/20240414_111520.wav,sm,31.230839002267572,True
/home/fcandia/tesis-primate/data/raw/large_headed_capuchin__SM/20240414_111549.wav,sm,15.74312925170068,True
/home/fcandia/tesis-primate/data/raw/large_headed_capuchin__SM/20240414_111711.wav,sm,31.230839002267572,True
/home/fcandia/tesis-primate/data/raw/large_headed_capuchin__SM/20240414_111844.wav,sm,30.998639455782314,True
/home/fcandia/tesis-primate/data/raw/large_headed_capuchin__SM/20240414_112239.wav,sm,27.980045351473922,True
/home/fcandia/tesis-primate/data/raw/large_headed_capuchin__SM/20240414_112315.wav,sm,31.13795918367347,True
/home/fcandia/tesis-primate/data/raw/large_headed_capuchin__SM/20240414_112358.wav,sm,30.580680272108843,True
/home/fcandia/tesis-primate/data/raw/large_headed_capuchin__SM/20240414_112508.wav,sm,31.927437641723355,True
/home/fcandia/tesis-primate/data/raw/large_headed_capuchin__SM/20240414_112549.wav,sm,30.72,True
/home/fcandia/tesis-primate/data/raw/large_headed_capuchin__SM/20240414_112617.wav,sm,30.83609977324263,True
/home/fcandia/tesis-primate/data/raw/large_headed_capuchin__SM/20240414_112704.wav,sm,32.43827664399093,True
/home/fcandia/tesis-primate/data/raw/large_headed_capuchin__SM/20240414_112734.wav,sm,25.170430839002268,True
/home/fcandia/tesis-primate/data/raw/large_headed_capuchin__SM/20240414_112806.wav,sm,41.633378684807255,True
/home/fcandia/tesis-primate/data/raw/large_headed_capuchin__SM/20240414_112925.wav,sm,8.70748299319728,True
/home/fcandia/tesis-primate/data/raw/large_headed_capuchin__SM/20240414_113016.wav,sm,30.441360544217687,True
/home/fcandia/tesis-primate/data/raw/large_headed_capuchin__SM/20240415_104841.wav,sm,25.93668934240363,True
/home/fcandia/tesis-primate/data/raw/large_headed_capuchin__SM/20240415_105055.wav,sm,30.766439909297052,True
/home/fcandia/tesis-primate/data/raw/large_headed_capuchin__SM/20240420_074718.wav,sm,37.46539682539682,True
/home/fcandia/tesis-primate/data/raw/large_headed_capuchin__SM/20240420_075036.wav,sm,54.706213151927436,True
/home/fcandia/tesis-primate/data/raw/large_headed_capuchin__SM/20240420_075146.wav,sm,42.30675736961451,True
/home/fcandia/tesis-primate/data/raw/large_headed_capuchin__SM/20240420_075348.wav,sm,69.27673469387756,True
/home/fcandia/tesis-primate/data/raw/large_headed_capuchin__SM/20240420_075455.wav,sm,59.350204081632654,True
/home/fcandia/tesis-primate/data/raw/large_headed_capuchin__SM/20240424_172030.wav,sm,34.481632653061226,True
/home/fcandia/tesis-primate/data/raw/large_headed_capuchin__SM/20240424_172115.wav,sm,30.627120181405896,True
/home/fcandia/tesis-primate/data/raw/large_headed_capuchin__SM/20240424_172724.wav,sm,30.83609977324263,True
/home/fcandia/tesis-primate/data/raw/large_headed_capuchin__SM/20240424_173002.wav,sm,33.45995464852608,True
/home/fcandia/tesis-primate/data/raw/large_headed_capuchin__SM/20240424_173033.wav,sm,42.77115646258503,True
/home/fcandia/tesis-primate/data/raw/large_headed_capuchin__SM/20240427_094107.wav,sm,33.6108843537415,True
/home/fcandia/tesis-primate/data/raw/large_headed_capuchin__SM/20240427_094854.wav,sm,37.36090702947846,True
/home/fcandia/tesis-primate/data/raw/large_headed_capuchin__SM/20240427_095442.wav,sm,41.45922902494331,True
/home/fcandia/tesis-primate/data/raw/large_headed_capuchin__SM/20240427_095521.wav,sm,32.38022675736961,True
/home/fcandia/tesis-primate/data/raw/large_headed_capuchin__SM/20240430_163418.wav,sm,30.174331065759638,True
/home/fcandia/tesis-primate/data/raw/large_headed_capuchin__SM/20240430_163447.wav,sm,36.606258503401364,True
/home/fcandia/tesis-primate/data/raw/large_headed_capuchin__SM/20240430_163533.wav,sm,34.59773242630386,True
/home/fcandia/tesis-primate/data/raw/large_headed_capuchin__SM/20240430_163605.wav,sm,33.73859410430839,True
/home/fcandia/tesis-primate/data/raw/large_headed_capuchin__SM/20240430_163640.wav,sm,31.30049886621315,True
/home/fcandia/tesis-primate/data/raw/large_headed_capuchin__SM/20240430_163721.wav,sm,34.5512925170068,True
/home/fcandia/tesis-primate/data/raw/large_headed_capuchin__SM/20240430_164024.wav,sm,30.592290249433105,True
/home/fcandia/tesis-primate/data/raw/large_headed_capuchin__SM/20240430_164252.wav,sm,57.35328798185941,True
/home/fcandia/tesis-primate/data/raw/large_headed_capuchin__SM/20240430_164349.wav,sm,32.02031746031746,True
/home/fcandia/tesis-primate/data/raw/large_headed_capuchin__SM/20240430_164420.wav,sm,32.48471655328798,True
/home/fcandia/tesis-primate/data/raw/large_headed_capuchin__SM/20240430_164453.wav,sm,14.094512471655328,True
/home/fcandia/tesis-primate/data/raw/large_headed_capuchin__SM/20240430_164601.wav,sm,36.989387755102044,True
/home/fcandia/tesis-primate/data/raw/large_headed_capuchin__SM/20240430_164848.wav,sm,42.666666666666664,True
/home/fcandia/tesis-primate/data/raw/large_headed_capuchin__SM/20240430_165059.wav,sm,26.888707482993198,True
/home/fcandia/tesis-primate/data/raw/large_headed_capuchin__SM/20240430_165736.wav,sm,42.71310657596372,True
/home/fcandia/tesis-primate/data/raw/large_headed_capuchin__SM/20240430_165819.wav,sm,31.532698412698412,True
/home/fcandia/tesis-primate/data/raw/large_headed_capuchin__SM/20240430_165922.wav,sm,36.548208616780045,True
/home/fcandia/tesis-primate/data/raw/large_headed_capuchin__SM/20240430_170110.wav,sm,35.80517006802721,True
/home/fcandia/tesis-primate/data/raw/large_headed_capuchin__SM/20240430_170148.wav,sm,32.03192743764173,True
/home/fcandia/tesis-primate/data/raw/large_headed_capuchin__SM/20240430_170220.wav,sm,33.274195011337866,True
/home/fcandia/tesis-primate/data/raw/large_headed_capuchin__SM/20240430_170345.wav,sm,32.8562358276644,True
/home/fcandia/tesis-primate/data/raw/large_headed_capuchin__SM/20240430_170419.wav,sm,43.32843537414966,True
/home/fcandia/tesis-primate/data/raw/large_headed_capuchin__SM/20240504_075825.wav,sm,40.44916099773243,True
/home/fcandia/tesis-primate/data/raw/large_headed_capuchin__SM/20240504_075945.wav,sm,47.13650793650794,True
/home/fcandia/tesis-primate/data/raw/large_headed_capuchin__SM/20240504_080048.wav,sm,32.565986394557825,True
/home/fcandia/tesis-primate/data/raw/large_headed_capuchin__SM/20240504_080135.wav,sm,41.26185941043084,True
/home/fcandia/tesis-primate/data/raw/large_headed_capuchin__SM/20240504_080214.wav,sm,42.91047619047619,True
/home/fcandia/tesis-primate/data/raw/large_headed_capuchin__SM/20240504_080326.wav,sm,23.962993197278912,True
/home/fcandia/tesis-primate/data/raw/large_headed_capuchin__SM/20240504_080406.wav,sm,35.88643990929705,True
/home/fcandia/tesis-primate/data/raw/large_headed_capuchin__SM/20240504_080445.wav,sm,36.08380952380952,True
/home/fcandia/tesis-primate/data/raw/large_headed_capuchin__SM/20240508_111153.wav,sm,45.49950113378685,True
/home/fcandia/tesis-primate/data/raw/large_headed_capuchin__SM/20240508_111625.wav,sm,37.73242630385487,True
/home/fcandia/tesis-primate/data/raw/large_headed_capuchin__SM/20240508_111701.wav,sm,35.64263038548753,True
/home/fcandia/tesis-primate/data/raw/large_headed_capuchin__SM/20240508_111819.wav,sm,45.406621315192744,True
/home/fcandia/tesis-primate/data/raw/large_headed_capuchin__SM/20240508_111902.wav,sm,26.23854875283447,True
/home/fcandia/tesis-primate/data/raw/large_headed_capuchin__SM/20240508_111958.wav,sm,51.11873015873016,True
/home/fcandia/tesis-primate/data/raw/large_headed_capuchin__SM/20240508_112348.wav,sm,45.09315192743764,True
/home/fcandia/tesis-primate/data/raw/large_headed_capuchin__SM/20240508_112431.wav,sm,41.37795918367347,True
/home/fcandia/tesis-primate/data/raw/large_headed_capuchin__SM/20240508_112513.wav,sm,33.715374149659866,True
/home/fcandia/tesis-primate/data/raw/large_headed_capuchin__SM/20240508_112546.wav,sm,19.481541950113378,True
/home/fcandia/tesis-primate/data/raw/large_headed_capuchin__SM/20240508_113714.wav,sm,24.079092970521543,True
/home/fcandia/tesis-primate/data/raw/large_headed_capuchin__SM/20240508_113747.wav,sm,68.89360544217688,True
/home/fcandia/tesis-primate/data/raw/large_headed_capuchin__SM/20240508_113854.wav,sm,41.00643990929705,True
/home/fcandia/tesis-primate/data/raw/large_headed_capuchin__SM/20240508_113935.wav,sm,35.20145124716553,True
/home/fcandia/tesis-primate/data/raw/large_headed_capuchin__SM/20240508_114010.wav,sm,33.20453514739229,True
/home/fcandia/tesis-primate/data/raw/large_headed_capuchin__SM/20240508_114044.wav,sm,65.41061224489796,True
/home/fcandia/tesis-primate/data/raw/large_headed_capuchin__SM/20240508_114200.wav,sm,31.579138321995465,True
/home/fcandia/tesis-primate/data/raw/large_headed_capuchin__SM/20240516_063018.wav,sm,34.11011337868481,True
/home/fcandia/tesis-primate/data/raw/large_headed_capuchin__SM/20240516_063108.wav,sm,36.89650793650794,True
/home/fcandia/tesis-primate/data/raw/large_headed_capuchin__SM/20240516_063538.wav,sm,37.151927437641724,True
/home/fcandia/tesis-primate/data/raw/large_headed_capuchin__SM/20240516_063737.wav,sm,41.633378684807255,True
/home/fcandia/tesis-primate/data/raw/large_headed_capuchin__SM/20240516_063845.wav,sm,41.703038548752836,True
/home/fcandia/tesis-primate/data/raw/large_headed_capuchin__SM/20240516_064631.wav,sm,46.81142857142857,True
/home/fcandia/tesis-primate/data/raw/large_headed_capuchin__SM/20240516_064745.wav,sm,52.70929705215419,True
/home/fcandia/tesis-primate/data/raw/large_headed_capuchin__SM/20240516_064857.wav,sm,49.76036281179138,True
/home/fcandia/tesis-primate/data/raw/large_headed_capuchin__SM/20240516_081550.wav,sm,35.79356009070295,True
/home/fcandia/tesis-primate/data/raw/large_headed_capuchin__SM/20240516_081624.wav,sm,27.445986394557824,True
/home/fcandia/tesis-primate/data/raw/large_headed_capuchin__SM/20240516_081701.wav,sm,42.79437641723356,True
/home/fcandia/tesis-primate/data/raw/large_headed_capuchin__SM/20240516_081806.wav,sm,9.044172335600907,True
/home/fcandia/tesis-primate/data/raw/large_headed_capuchin__SM/20240516_081815.wav,sm,20.688979591836734,True
/home/fcandia/tesis-primate/data/raw/large_headed_capuchin__SM/20240516_081935.wav,sm,33.45995464852608,True
/home/fcandia/tesis-primate/data/raw/large_headed_capuchin__SM/20240516_082006.wav,sm,36.989387755102044,True
/home/fcandia/tesis-primate/data/raw/large_headed_capuchin__SM/20240516_082044.wav,sm,22.360816326530614,True
/home/fcandia/tesis-primate/data/raw/large_headed_capuchin__SM/20240516_082136.wav,sm,35.65424036281179,True
/home/fcandia/tesis-primate/data/raw/large_headed_capuchin__SM/20240516_082211.wav,sm,34.06367346938776,True
/home/fcandia/tesis-primate/data/raw/large_headed_capuchin__SM/20240516_082246.wav,sm,37.70920634920635,True
/home/fcandia/tesis-primate/data/raw/large_headed_capuchin__SM/20240516_082323.wav,sm,28.003265306122447,True
/home/fcandia/tesis-primate/data/raw/large_headed_capuchin__SM/20240516_082542.wav,sm,42.22548752834467,True
/home/fcandia/tesis-primate/data/raw/large_headed_capuchin__SM/20240516_082623.wav,sm,51.478639455782314,True
/home/fcandia/tesis-primate/data/raw/large_headed_capuchin__SM/20240516_082715.wav,sm,25.797369614512473,True
/home/fcandia/tesis-primate/data/raw/large_headed_capuchin__SM/20240516_082740.wav,sm,39.77578231292517,True
/home/fcandia/tesis-primate/data/raw/large_headed_capuchin__SM/20240516_082820.wav,sm,38.91664399092971,True
/home/fcandia/tesis-primate/data/raw/large_headed_capuchin__SM/20240516_082900.wav,sm,31.741678004535146,True
/home/fcandia/tesis-primate/data/raw/large_headed_capuchin__SM/20240516_082934.wav,sm,32.066757369614514,True
/home/fcandia/tesis-primate/data/raw/large_headed_capuchin__SM/20240516_083013.wav,sm,44.51265306122449,True
/home/fcandia/tesis-primate/data/raw/large_headed_capuchin__SM/20240516_083055.wav,sm,35.22467120181406,True
/home/fcandia/tesis-primate/data/raw/large_headed_capuchin__SM/20240516_083134.wav,sm,39.613242630385486,True
/home/fcandia/tesis-primate/data/raw/large_headed_capuchin__SM/20240516_083217.wav,sm,45.41823129251701,True
/home/fcandia/tesis-primate/data/raw/large_headed_capuchin__SM/20240516_083349.wav,sm,38.47546485260771,True
/home/fcandia/tesis-primate/data/raw/large_headed_capuchin__SM/20240517_170911.wav,sm,40.147301587301584,True
/home/fcandia/tesis-primate/data/raw/large_headed_capuchin__SM/20240517_171131.wav,sm,49.3772335600907,True
/home/fcandia/tesis-primate/data/raw/large_headed_capuchin__SM/20240520_062851.wav,sm,45.859410430839006,True
/home/fcandia/tesis-primate/data/raw/large_headed_capuchin__SM/20240520_063729.wav,sm,36.19990929705215,True
/home/fcandia/tesis-primate/data/raw/large_headed_capuchin__SM/20240520_063803.wav,sm,25.123990929705215,True
/home/fcandia/tesis-primate/data/raw/large_headed_capuchin__SM/20240520_063924.wav,sm,25.68126984126984,True
/home/fcandia/tesis-primate/data/raw/large_headed_capuchin__SM/20240521_074519.wav,sm,31.695238095238096,True
/home/fcandia/tesis-primate/data/raw/large_headed_capuchin__SM/20240521_074550.wav,sm,30.232380952380954,True
/home/fcandia/tesis-primate/data/raw/large_headed_capuchin__SM/20240521_074715.wav,sm,36.10702947845805,True
/home/fcandia/tesis-primate/data/raw/large_headed_capuchin__SM/20240521_075140.wav,sm,30.394920634920634,True
/home/fcandia/tesis-primate/data/raw/large_headed_capuchin__SM/20240521_075332.wav,sm,35.9677097505669,True
/home/fcandia/tesis-primate/data/raw/large_headed_capuchin__SM/20240522_071154.wav,sm,35.31755102040816,True
/home/fcandia/tesis-primate/data/raw/large_headed_capuchin__SM/20240522_071230.wav,sm,39.21850340136054,True
/home/fcandia/tesis-primate/data/raw/large_headed_capuchin__SM/20240522_071313.wav,sm,46.672108843537416,True
/home/fcandia/tesis-primate/data/raw/large_headed_capuchin__SM/20240522_071357.wav,sm,39.9847619047619,True
/home/fcandia/tesis-primate/data/raw/large_headed_capuchin__SM/20240522_071528.wav,sm,58.212426303854876,True
/home/fcandia/tesis-primate/data/raw/large_headed_capuchin__SM/20240522_071623.wav,sm,33.78503401360544,True
/home/fcandia/tesis-primate/data/raw/large_headed_capuchin__SM/20240522_071702.wav,sm,42.53895691609977,True
/home/fcandia/tesis-primate/data/raw/large_headed_capuchin__SM/20240522_071743.wav,sm,50.80526077097505,True
/home/fcandia/tesis-primate/data/raw/large_headed_capuchin__SM/20240522_071833.wav,sm,35.48009070294785,True
/home/fcandia/tesis-primate/data/raw/large_headed_capuchin__SM/20240522_072004.wav,sm,43.885714285714286,True
/home/fcandia/tesis-primate/data/raw/large_headed_capuchin__SM/20240522_072126.wav,sm,36.73396825396826,True
/home/fcandia/tesis-primate/data/raw/large_headed_capuchin__SM/20240522_072208.wav,sm,36.02575963718821,True
/home/fcandia/tesis-primate/data/raw/large_headed_capuchin__SM/20240522_072256.wav,sm,38.568344671201814,True
/home/fcandia/tesis-primate/data/raw/large_headed_capuchin__SM/20240522_072333.wav,sm,33.28580498866213,True
/home/fcandia/tesis-primate/data/raw/large_headed_capuchin__SM/20240524_064035.wav,sm,43.932154195011336,True
/home/fcandia/tesis-primate/data/raw/large_headed_capuchin__SM/20240524_064648.wav,sm,38.70766439909297,True
/home/fcandia/tesis-primate/data/raw/large_headed_capuchin__SM/20240524_065350.wav,sm,31.613968253968252,True
/home/fcandia/tesis-primate/data/raw/large_headed_capuchin__SM/20240524_065427.wav,sm,49.20308390022676,True
/home/fcandia/tesis-primate/data/raw/large_headed_capuchin__SM/20240524_065912.wav,sm,27.16734693877551,True
/home/fcandia/tesis-primate/data/raw/large_headed_capuchin__SM/20240524_070227.wav,sm,42.72471655328798,True
/home/fcandia/tesis-primate/data/raw/large_headed_capuchin__SM/20240528_161110.wav,sm,17.57750566893424,True
/home/fcandia/tesis-primate/data/raw/large_headed_capuchin__SM/20240528_161134.wav,sm,59.45469387755102,True
/home/fcandia/tesis-primate/data/raw/large_headed_capuchin__SM/20240528_161234.wav,sm,79.09877551020408,True
/home/fcandia/tesis-primate/data/raw/large_headed_capuchin__SM/20240528_161353.wav,sm,29.744761904761905,True
/home/fcandia/tesis-primate/data/raw/large_headed_capuchin__SM/20240528_161508.wav,sm,75.51129251700681,True
/home/fcandia/tesis-primate/data/raw/large_headed_capuchin__SM/20240528_161621.wav,sm,30.220770975056688,True
/home/fcandia/tesis-primate/data/raw/large_headed_capuchin__SM/20240528_161652.wav,sm,19.156462585034014,True
/home/fcandia/tesis-primate/data/raw/large_headed_capuchin__SM/20240528_161715.wav,sm,29.90730158730159,True
/home/fcandia/tesis-primate/data/raw/large_headed_capuchin__SM/20240528_162255.wav,sm,31.079909297052154,True
/home/fcandia/tesis-primate/data/raw/large_headed_capuchin__SM/20240529_091207.wav,sm,32.42666666666667,True
/home/fcandia/tesis-primate/data/raw/large_headed_capuchin__SM/20240529_091240.wav,sm,41.23863945578231,True
/home/fcandia/tesis-primate/data/raw/large_headed_capuchin__SM/20240529_091321.wav,sm,30.627120181405896,True
/home/fcandia/tesis-primate/data/raw/large_headed_capuchin__SM/20240529_091351.wav,sm,34.06367346938776,True
/home/fcandia/tesis-primate/data/raw/large_headed_capuchin__SM/20240529_091425.wav,sm,22.035736961451246,True
/home/fcandia/tesis-primate/data/raw/large_headed_capuchin__SM/20240529_091448.wav,sm,32.8562358276644,True
/home/fcandia/tesis-primate/data/raw/large_headed_capuchin__SM/20240529_091726.wav,sm,23.11546485260771,True
/home/fcandia/tesis-primate/data/raw/large_headed_capuchin__SM/20240529_092147.wav,sm,36.94294784580499,True
/home/fcandia/tesis-primate/data/raw/large_headed_capuchin__SM/20240529_092307.wav,sm,29.03655328798186,True
/home/fcandia/tesis-primate/data/raw/large_headed_capuchin__SM/20240531_065935.wav,sm,17.38013605442177,True
/home/fcandia/tesis-primate/data/raw/large_headed_capuchin__SM/20240531_070043.wav,sm,23.219954648526077,True
/home/fcandia/tesis-primate/data/raw/large_headed_capuchin__SM/20240531_071723.wav,sm,31.05668934240363,True
/home/fcandia/tesis-primate/data/raw/large_headed_capuchin__SM/20240531_071813.wav,sm,34.34231292517007,True
/home/fcandia/tesis-primate/data/raw/large_headed_capuchin__SM/20240531_071911.wav,sm,31.045079365079363,True
/home/fcandia/tesis-primate/data/raw/large_headed_capuchin__SM/20240531_072245.wav,sm,31.068299319727892,True
/home/fcandia/tesis-primate/data/raw/large_headed_capuchin__SM/20240531_115533.wav,sm,30.882539682539683,True
/home/fcandia/tesis-primate/data/raw/large_headed_capuchin__SM/20240531_115602.wav,sm,33.3902947845805,True
/home/fcandia/tesis-primate/data/raw/large_headed_capuchin__SM/20240531_115635.wav,sm,32.90267573696145,True
/home/fcandia/tesis-primate/data/raw/large_headed_capuchin__SM/20240531_115709.wav,sm,36.22312925170068,True
/home/fcandia/tesis-primate/data/raw/large_headed_capuchin__SM/20240531_115749.wav,sm,30.48780045351474,True
/home/fcandia/tesis-primate/data/raw/large_headed_capuchin__SM/20240531_161329.wav,sm,32.71691609977324,True
/home/fcandia/tesis-primate/data/raw/large_headed_capuchin__SM/20240531_161431.wav,sm,22.50013605442177,True
/home/fcandia/tesis-primate/data/raw/large_headed_capuchin__SM/20240601_063336.wav,sm,30.511020408163265,True
/home/fcandia/tesis-primate/data/raw/large_headed_capuchin__SM/20240601_063440.wav,sm,29.477732426303856,True
/home/fcandia/tesis-primate/data/raw/large_headed_capuchin__SM/20240601_063509.wav,sm,29.6518820861678,True
/home/fcandia/tesis-primate/data/raw/large_headed_capuchin__SM/20240601_063604.wav,sm,34.92281179138322,True
/home/fcandia/tesis-primate/data/raw/large_headed_capuchin__SM/20240601_063641.wav,sm,31.695238095238096,True
/home/fcandia/tesis-primate/data/raw/large_headed_capuchin__SM/20240601_063713.wav,sm,32.74013605442177,True
/home/fcandia/tesis-primate/data/raw/large_headed_capuchin__SM/20240602_170641.wav,sm,25.10077097505669,True
/home/fcandia/tesis-primate/data/raw/large_headed_capuchin__SM/20240602_170707.wav,sm,12.538775510204081,True
/home/fcandia/tesis-primate/data/raw/large_headed_capuchin__SM/20240602_171027.wav,sm,18.06512471655329,True
/home/fcandia/tesis-primate/data/raw/large_headed_capuchin__SM/20240609_060102.wav,sm,28.966893424036282,True
/home/fcandia/tesis-primate/data/raw/large_headed_capuchin__SM/20240609_060305.wav,sm,31.834557823129252,True
/home/fcandia/tesis-primate/data/raw/large_headed_capuchin__SM/20240609_071626.wav,sm,36.29278911564626,True
/home/fcandia/tesis-primate/data/raw/large_headed_capuchin__SM/20240609_071701.wav,sm,29.059773242630385,True
/home/fcandia/tesis-primate/data/raw/large_headed_capuchin__SM/20240609_071848.wav,sm,30.778049886621314,True
/home/fcandia/tesis-primate/data/raw/large_headed_capuchin__SM/20240609_072809.wav,sm,37.92979591836735,True
/home/fcandia/tesis-primate/data/raw/large_headed_capuchin__SM/20240613_163250.wav,sm,32.36861678004535,True
/home/fcandia/tesis-primate/data/raw/large_headed_capuchin__SM/20240615_092312.wav,sm,31.277278911564625,True
/home/fcandia/tesis-primate/data/raw/large_headed_capuchin__SM/20240615_092400.wav,sm,30.95219954648526,True
/home/fcandia/tesis-primate/data/raw/large_headed_capuchin__SM/20240615_092550.wav,sm,25.425850340136055,True
/home/fcandia/tesis-primate/data/raw/large_headed_capuchin__SM/20240615_123828.wav,sm,30.580680272108843,True
/home/fcandia/tesis-primate/data/raw/large_headed_capuchin__SM/20240615_124218.wav,sm,44.11791383219955,True
/home/fcandia/tesis-primate/data/raw/large_headed_capuchin__SM/20240615_124304.wav,sm,30.1859410430839,True
/home/fcandia/tesis-primate/data/raw/large_headed_capuchin__SM/20240617_160707.wav,sm,36.51337868480726,True
/home/fcandia/tesis-primate/data/raw/large_headed_capuchin__SM/20240617_160741.wav,sm,30.95219954648526,True
/home/fcandia/tesis-primate/data/raw/large_headed_capuchin__SM/20240617_161118.wav,sm,47.85632653061224,True
/home/fcandia/tesis-primate/data/raw/large_headed_capuchin__SM/20240617_161800.wav,sm,46.892698412698415,True
/home/fcandia/tesis-primate/data/raw/large_headed_capuchin__SM/20240618_064600.wav,sm,30.859319727891158,True
/home/fcandia/tesis-primate/data/raw/large_headed_capuchin__SM/20240618_065757.wav,sm,36.18829931972789,True
/home/fcandia/tesis-primate/data/raw/large_headed_capuchin__SM/20240618_065834.wav,sm,30.522630385487528,True
/home/fcandia/tesis-primate/data/raw/large_headed_capuchin__SM/20240618_070201.wav,sm,30.778049886621314,True
/home/fcandia/tesis-primate/data/raw/large_headed_capuchin__SM/20240803_110926.wav,sm,59.628843537414966,True
/home/fcandia/tesis-primate/data/raw/large_headed_capuchin__SM/20240803_111031.wav,sm,58.7697052154195,True
/home/fcandia/tesis-primate/data/raw/large_headed_capuchin__SM/20240803_111136.wav,sm,37.98784580498866,True
/home/fcandia/tesis-primate/data/raw/large_headed_capuchin__SM/20240803_111234.wav,sm,56.842448979591836,True
/home/fcandia/tesis-primate/data/raw/large_headed_capuchin__SM/20240805_155511.wav,sm,28.81596371882086,True
/home/fcandia/tesis-primate/data/raw/large_headed_capuchin__SM/20240805_155828.wav,sm,29.280362811791385,True
/home/fcandia/tesis-primate/data/raw/large_headed_capuchin__SM/20240805_155855.wav,sm,21.849977324263037,True
/home/fcandia/tesis-primate/data/raw/large_headed_capuchin__SM/20240805_160039.wav,sm,36.385668934240364,True
/home/fcandia/tesis-primate/data/raw/large_headed_capuchin__SM/20240812_104206.wav,sm,12.910294784580499,True
/home/fcandia/tesis-primate/data/raw/large_headed_capuchin__SM/20240812_104429.wav,sm,23.219954648526077,True
/home/fcandia/tesis-primate/data/raw/large_headed_capuchin__SM/20240812_104508.wav,sm,19.017142857142858,True
/home/fcandia/tesis-primate/data/raw/large_headed_capuchin__SM/20240812_104536.wav,sm,20.59609977324263,True
/home/fcandia/tesis-primate/data/raw/large_headed_capuchin__SM/20240812_104606.wav,sm,26.284988662131518,True
/home/fcandia/tesis-primate/data/raw/large_headed_capuchin__SM/20240812_104635.wav,sm,42.6550566893424,True
/home/fcandia/tesis-primate/data/raw/large_headed_capuchin__SM/20240812_104809.wav,sm,33.715374149659866,True
/home/fcandia/tesis-primate/data/raw/large_headed_capuchin__SM/20240812_104850.wav,sm,19.365442176870747,True
/home/fcandia/tesis-primate/data/raw/large_headed_capuchin__SM/20240813_090740.wav,sm,40.35628117913832,True
/home/fcandia/tesis-primate/data/raw/large_headed_capuchin__SM/20240813_090821.wav,sm,49.017324263038546,True
/home/fcandia/tesis-primate/data/raw/large_headed_capuchin__SM/20240813_090916.wav,sm,36.03736961451247,True
/home/fcandia/tesis-primate/data/raw/large_headed_capuchin__SM/20240813_091004.wav,sm,38.40580498866213,True
/home/fcandia/tesis-primate/data/raw/large_headed_capuchin__SM/20240813_091045.wav,sm,30.928979591836736,True
/home/fcandia/tesis-primate/data/raw/large_headed_capuchin__SM/20240813_091152.wav,sm,49.36562358276644,True
/home/fcandia/tesis-primate/data/raw/large_headed_capuchin__SM/20240813_092636.wav,sm,44.083083900226754,True
/home/fcandia/tesis-primate/data/raw/large_headed_capuchin__SM/20240813_092825.wav,sm,44.14113378684807,True
/home/fcandia/tesis-primate/data/raw/large_headed_capuchin__SM/20240815_170844.wav,sm,43.049795918367344,True
/home/fcandia/tesis-primate/data/raw/large_headed_capuchin__SM/20240815_170925.wav,sm,45.58077097505669,True
/home/fcandia/tesis-primate/data/raw/large_headed_capuchin__SM/20240815_171011.wav,sm,33.483174603174604,True
/home/fcandia/tesis-primate/data/raw/large_headed_capuchin__SM/20240815_171052.wav,sm,34.22621315192744,True
/home/fcandia/tesis-primate/data/raw/large_headed_capuchin__SM/20240815_171126.wav,sm,34.59773242630386,True
/home/fcandia/tesis-primate/data/raw/large_headed_capuchin__SM/20240815_171206.wav,sm,35.75873015873016,True
/home/fcandia/tesis-primate/data/raw/large_headed_capuchin__SM/20240815_171242.wav,sm,32.949115646258505,True
/home/fcandia/tesis-primate/data/raw/large_headed_capuchin__SM/20240818_062300.wav,sm,42.48090702947846,True
/home/fcandia/tesis-primate/data/raw/large_headed_capuchin__SM/20240818_062706.wav,sm,33.55283446712018,True
/home/fcandia/tesis-primate/data/raw/large_headed_capuchin__SM/20240821_064012.wav,sm,30.83609977324263,True
/home/fcandia/tesis-primate/data/raw/large_headed_capuchin__SM/20240821_064140.wav,sm,40.983219954648526,True
/home/fcandia/tesis-primate/data/raw/large_headed_capuchin__SM/20240821_064819.wav,sm,39.05596371882086,True
/home/fcandia/tesis-primate/data/raw/large_headed_capuchin__SM/20240821_064856.wav,sm,49.71392290249433,True
/home/fcandia/tesis-primate/data/raw/large_headed_capuchin__SM/20240821_065039.wav,sm,39.70612244897959,True
/home/fcandia/tesis-primate/data/raw/large_headed_capuchin__SM/20240821_065414.wav,sm,29.6518820861678,True
/home/fcandia/tesis-primate/data/raw/large_headed_capuchin__SM/20240821_065523.wav,sm,34.690612244897956,True
/home/fcandia/tesis-primate/data/raw/large_headed_capuchin__SM/20240823_144108.wav,sm,37.50022675736962,True
/home/fcandia/tesis-primate/data/raw/large_headed_capuchin__SM/20240823_144415.wav,sm,33.982403628117915,True
/home/fcandia/tesis-primate/data/raw/large_headed_capuchin__SM/20240823_144618.wav,sm,38.81215419501134,True
/home/fcandia/tesis-primate/data/raw/large_headed_capuchin__SM/20240823_144656.wav,sm,22.244716553287983,True
/home/fcandia/tesis-primate/data/raw/large_headed_capuchin__SM/20240823_144720.wav,sm,27.028027210884353,True
/home/fcandia/tesis-primate/data/raw/large_headed_capuchin__SM/20240823_145303.wav,sm,39.021133786848075,True
/home/fcandia/tesis-primate/data/raw/large_headed_capuchin__SM/20240823_145345.wav,sm,25.774149659863944,True
/home/fcandia/tesis-primate/data/raw/large_headed_capuchin__SM/20240823_145427.wav,sm,21.13015873015873,True
/home/fcandia/tesis-primate/data/raw/large_headed_capuchin__SM/20240826_095732.wav,sm,32.391836734693875,True
/home/fcandia/tesis-primate/data/raw/large_headed_capuchin__SM/20240826_095810.wav,sm,34.0172335600907,True
/home/fcandia/tesis-primate/data/raw/large_headed_capuchin__SM/20240826_095852.wav,sm,30.998639455782314,True
/home/fcandia/tesis-primate/data/raw/large_headed_capuchin__SM/20240826_095940.wav,sm,33.8314739229025,True
/home/fcandia/tesis-primate/data/raw/large_headed_capuchin__SM/20240826_100031.wav,sm,37.33768707482993,True
/home/fcandia/tesis-primate/data/raw/large_headed_capuchin__SM/20240826_100243.wav,sm,30.1859410430839,True
/home/fcandia/tesis-primate/data/raw/large_headed_capuchin__SM/20240826_100311.wav,sm,29.512562358276643,True
/home/fcandia/tesis-primate/data/raw/large_headed_capuchin__SM/20240826_100341.wav,sm,41.9352380952381,True
/home/fcandia/tesis-primate/data/raw/large_headed_capuchin__SM/20240826_100622.wav,sm,36.87328798185941,True
/home/fcandia/tesis-primate/data/raw/large_headed_capuchin__SM/20240826_100701.wav,sm,34.57451247165533,True
/home/fcandia/tesis-primate/data/raw/large_headed_capuchin__SM/20240826_100813.wav,sm,34.94603174603174,True
/home/fcandia/tesis-primate/data/raw/large_headed_capuchin__SM/20240826_100846.wav,sm,31.37015873015873,True
/home/fcandia/tesis-primate/data/raw/large_headed_capuchin__SM/20240826_100917.wav,sm,20.340680272108845,True
/home/fcandia/tesis-primate/data/raw/large_headed_capuchin__SM/20240826_102153.wav,sm,25.240090702947846,True
/home/fcandia/tesis-primate/data/raw/large_headed_capuchin__SM/20240826_102216.wav,sm,25.10077097505669,True
/home/fcandia/tesis-primate/data/raw/large_headed_capuchin__SM/20240826_102240.wav,sm,27.353106575963718,True
/home/fcandia/tesis-primate/data/raw/large_headed_capuchin__SM/20240826_102308.wav,sm,28.85079365079365,True
/home/fcandia/tesis-primate/data/raw/large_headed_capuchin__SM/20240826_102338.wav,sm,40.263401360544215,True
/home/fcandia/tesis-primate/data/raw/large_headed_capuchin__SM/20240826_102417.wav,sm,18.784943310657596,True
/home/fcandia/tesis-primate/data/raw/large_headed_capuchin__SM/20240827_094004.wav,sm,21.873197278911565,True
/home/fcandia/tesis-primate/data/raw/large_headed_capuchin__SM/20240827_094658.wav,sm,40.41433106575964,True
/home/fcandia/tesis-primate/data/raw/large_headed_capuchin__SM/20240830_115927.wav,sm,34.06367346938776,True
/home/fcandia/tesis-primate/data/raw/large_headed_capuchin__SM/20240830_120007.wav,sm,35.294331065759636,True
/home/fcandia/tesis-primate/data/raw/large_headed_capuchin__SM/20240830_120042.wav,sm,59.7449433106576,True
/home/fcandia/tesis-primate/data/raw/large_headed_capuchin__SM/20240830_120140.wav,sm,36.85006802721088,True
/home/fcandia/tesis-primate/data/raw/large_headed_capuchin__SM/20240830_120217.wav,sm,37.593106575963716,True
/home/fcandia/tesis-primate/data/raw/large_headed_capuchin__SM/20240830_120255.wav,sm,56.80761904761905,True
/home/fcandia/tesis-primate/data/raw/large_headed_capuchin__SM/20240830_120352.wav,sm,44.66358276643991,True
/home/fcandia/tesis-primate/data/raw/large_headed_capuchin__SM/20240831_065500.wav,sm,32.20607709750567,True
/home/fcandia/tesis-primate/data/raw/large_headed_capuchin__SM/20240831_065530.wav,sm,45.58077097505669,True
/home/fcandia/tesis-primate/data/raw/large_headed_capuchin__SM/20240831_065755.wav,sm,42.75954648526077,True
/home/fcandia/tesis-primate/data/raw/large_headed_capuchin__SM/20240831_070805.wav,sm,41.795918367346935,True
/home/fcandia/tesis-primate/data/raw/large_headed_capuchin__SM/20240831_070846.wav,sm,42.132607709750566,True
/home/fcandia/tesis-primate/data/raw/large_headed_capuchin__SM/20240831_070927.wav,sm,49.43528344671202,True
/home/fcandia/tesis-primate/data/raw/large_headed_capuchin__SM/20240901_094557.wav,sm,95.38757369614513,True
/home/fcandia/tesis-primate/data/raw/large_headed_capuchin__SM/20240901_094730.wav,sm,53.38267573696145,True
/home/fcandia/tesis-primate/data/raw/large_headed_capuchin__SM/20240901_095147.wav,sm,38.66122448979592,True
/home/fcandia/tesis-primate/data/raw/large_headed_capuchin__SM/20240901_095223.wav,sm,44.23401360544218,True
/home/fcandia/tesis-primate/data/raw/large_headed_capuchin__SM/20240901_095311.wav,sm,34.202993197278914,True
/home/fcandia/tesis-primate/data/raw/large_headed_capuchin__SM/20240901_095345.wav,sm,61.95083900226757,True
/home/fcandia/tesis-primate/data/raw/large_headed_capuchin__SM/20240901_095510.wav,sm,23.893333333333334,True
/home/fcandia/tesis-primate/data/raw/large_headed_capuchin__SM/20240901_095531.wav,sm,18.134784580498867,True
/home/fcandia/tesis-primate/data/raw/large_headed_capuchin__SM/20240901_095616.wav,sm,43.607074829931975,True
/home/fcandia/tesis-primate/data/raw/large_headed_capuchin__SM/20240901_095742.wav,sm,36.45532879818594,True
/home/fcandia/tesis-primate/data/raw/large_headed_capuchin__SM/20240901_095856.wav,sm,64.94621315192744,True
/home/fcandia/tesis-primate/data/raw/large_headed_capuchin__SM/20240901_100409.wav,sm,20.410340136054423,True
/home/fcandia/tesis-primate/data/raw/large_headed_capuchin__SM/20240901_100548.wav,sm,18.52952380952381,True
/home/fcandia/tesis-primate/data/raw/large_headed_capuchin__SM/20240902_102528.wav,sm,18.773333333333333,True
/home/fcandia/tesis-primate/data/raw/large_headed_capuchin__SM/20240902_102612.wav,sm,64.2380045351474,True
/home/fcandia/tesis-primate/data/raw/large_headed_capuchin__SM/20240902_102719.wav,sm,61.486439909297054,True
/home/fcandia/tesis-primate/data/raw/large_headed_capuchin__SM/20240902_102839.wav,sm,35.03891156462585,True
/home/fcandia/tesis-primate/data/raw/large_headed_capuchin__SM/20240916_102156.wav,sm,25.33297052154195,True
/home/fcandia/tesis-primate/data/raw/large_headed_capuchin__SM/20240916_102232.wav,sm,19.435102040816325,True
/home/fcandia/tesis-primate/data/raw/large_headed_capuchin__SM/20240916_102253.wav,sm,20.59609977324263,True
/home/fcandia/tesis-primate/data/raw/large_headed_capuchin__SM/20240916_102320.wav,sm,28.46766439909297,True
/home/fcandia/tesis-primate/data/raw/large_headed_capuchin__SM/20240916_102400.wav,sm,23.475374149659864,True
/home/fcandia/tesis-primate/data/raw/large_headed_capuchin__SM/20240916_102432.wav,sm,23.057414965986396,True
/home/fcandia/tesis-primate/data/raw/large_headed_capuchin__SM/20240916_102504.wav,sm,20.572879818594103,True
/home/fcandia/tesis-primate/data/raw/large_headed_capuchin__SM/20240916_102536.wav,sm,20.387120181405894,True
/home/fcandia/tesis-primate/data/raw/large_headed_capuchin__SM/20240916_102608.wav,sm,23.475374149659864,True
/home/fcandia/tesis-primate/data/raw/large_headed_capuchin__SM/20240916_102638.wav,sm,20.66575963718821,True
/home/fcandia/tesis-primate/data/raw/large_headed_capuchin__SM/20240916_102703.wav,sm,19.59764172335601,True
/home/fcandia/tesis-primate/data/raw/large_headed_capuchin__SM/20240916_102734.wav,sm,18.715283446712018,True
/home/fcandia/tesis-primate/data/raw/large_headed_capuchin__SM/20240916_102836.wav,sm,20.06204081632653,True
/home/fcandia/tesis-primate/data/raw/large_headed_capuchin__SM/20240916_102903.wav,sm,21.106938775510205,True
/home/fcandia/tesis-primate/data/raw/large_headed_capuchin__SM/20240916_103105.wav,sm,19.783401360544218,True
/home/fcandia/tesis-primate/data/raw/large_headed_capuchin__SM/20240916_103139.wav,sm,20.54965986394558,True
/home/fcandia/tesis-primate/data/raw/large_headed_capuchin__SM/20240927_103730.wav,sm,11.95827664399093,True
/home/fcandia/tesis-primate/data/raw/large_headed_capuchin__SM/20240927_103757.wav,sm,9.659501133786849,True
/home/fcandia/tesis-primate/data/raw/large_headed_capuchin__SM/20240927_103928.wav,sm,22.291156462585032,True
/home/fcandia/tesis-primate/data/raw/large_headed_capuchin__SM/20240927_104035.wav,sm,11.284897959183674,True
/home/fcandia/tesis-primate/data/raw/large_headed_capuchin__SM/20240927_104103.wav,sm,13.096054421768708,True
/home/fcandia/tesis-primate/data/raw/large_headed_capuchin__SM/20240927_104142.wav,sm,13.79265306122449,True
/home/fcandia/tesis-primate/data/raw/large_headed_capuchin__SM/20240927_104200.wav,sm,11.23845804988662,True
/home/fcandia/tesis-primate/data/raw/large_headed_capuchin__SM/20240927_104210.wav,sm,19.342222222222222,True
/home/fcandia/tesis-primate/data/raw/large_headed_capuchin__SM/20240927_104238.wav,sm,12.213696145124716,True
/home/fcandia/tesis-primate/data/raw/large_headed_capuchin__SM/20240927_104330.wav,sm,10.727619047619047,True
/home/fcandia/tesis-primate/data/raw/large_headed_capuchin__SM/20240927_104405.wav,sm,20.59609977324263,True
/home/fcandia/tesis-primate/data/raw/large_headed_capuchin__SM/20240927_104727.wav,sm,13.502403628117914,True
/home/fcandia/tesis-primate/data/raw/large_headed_capuchin__SM/20240927_104800.wav,sm,10.286439909297052,True
/home/fcandia/tesis-primate/data/raw/large_headed_capuchin__SM/20240927_105404.wav,sm,17.925804988662133,True
/home/fcandia/tesis-primate/data/raw/large_headed_capuchin__SM/20240927_105424.wav,sm,27.980045351473922,True
/home/fcandia/tesis-primate/data/raw/large_headed_capuchin__SM/20240927_105503.wav,sm,17.11310657596372,True
/home/fcandia/tesis-primate/data/raw/large_headed_capuchin__SM/20240927_105615.wav,sm,13.722993197278912,True
/home/fcandia/tesis-primate/data/raw/large_headed_capuchin__SM/20240927_105627.wav,sm,6.478367346938776,True
/home/fcandia/tesis-primate/data/raw/large_headed_capuchin__SM/20241012_072002.wav,sm,10.704399092970522,True
/home/fcandia/tesis-primate/data/raw/large_headed_capuchin__SM/20241012_072052.wav,sm,10.634739229024943,True
/home/fcandia/tesis-primate/data/raw/large_headed_capuchin__SM/20241012_072159.wav,sm,15.394829931972788,True
/home/fcandia/tesis-primate/data/raw/large_headed_capuchin__SM/20241012_072248.wav,sm,15.673469387755102,True
/home/fcandia/tesis-primate/data/raw/large_headed_capuchin__SM/20241012_072309.wav,sm,15.836009070294784,True
/home/fcandia/tesis-primate/data/raw/large_headed_capuchin__SM/20241012_072324.wav,sm,20.758639455782312,True
/home/fcandia/tesis-primate/data/raw/large_headed_capuchin__SM/20241012_072346.wav,sm,19.504761904761907,True
/home/fcandia/tesis-primate/data/raw/large_headed_capuchin__SM/20241012_072411.wav,sm,20.456780045351476,True
/home/fcandia/tesis-primate/data/raw/large_headed_capuchin__SM/20241012_072440.wav,sm,20.526439909297054,True
/home/fcandia/tesis-primate/data/raw/large_headed_capuchin__SM/20241012_072523.wav,sm,20.94439909297052,True
/home/fcandia/tesis-primate/data/raw/large_headed_capuchin__SM/20241012_072602.wav,sm,21.478458049886623,True
/home/fcandia/tesis-primate/data/raw/large_headed_capuchin__SM/20241012_072622.wav,sm,22.128616780045352,True
/home/fcandia/tesis-primate/data/raw/large_headed_capuchin__SM/20241012_072705.wav,sm,30.441360544217687,True
/home/fcandia/tesis-primate/data/raw/large_headed_capuchin__SM/20241012_072925.wav,sm,20.64253968253968,True
/home/fcandia/tesis-primate/data/raw/large_headed_capuchin__SM/20241025_154253.wav,sm,14.837551020408164,True
/home/fcandia/tesis-primate/data/raw/large_headed_capuchin__SM/20241025_154356.wav,sm,12.794195011337868,True
/home/fcandia/tesis-primate/data/raw/large_headed_capuchin__SM/20241025_154647.wav,sm,8.893242630385487,True
/home/fcandia/tesis-primate/data/raw/large_headed_capuchin__SM/20241025_154752.wav,sm,8.034104308390022,True
/home/fcandia/tesis-primate/data/raw/large_headed_capuchin__SM/20241025_154805.wav,sm,15.673469387755102,True
/home/fcandia/tesis-primate/data/raw/large_headed_capuchin__SM/20241025_155008.wav,sm,7.75546485260771,True
/home/fcandia/tesis-primate/data/raw/large_headed_capuchin__SM/20241025_155044.wav,sm,7.825124716553288,True
/home/fcandia/tesis-primate/data/raw/large_headed_capuchin__SM/20241025_155130.wav,sm,17.623945578231293,True
/home/fcandia/tesis-primate/data/raw/large_headed_capuchin__SM/20241025_155225.wav,sm,9.264761904761905,True
/home/fcandia/tesis-primate/data/raw/large_headed_capuchin__SM/20241028_105526.wav,sm,20.619319727891156,True
/home/fcandia/tesis-primate/data/raw/large_headed_capuchin__SM/20241028_105559.wav,sm,32.92589569160998,True
/home/fcandia/tesis-primate/data/raw/large_headed_capuchin__SM/20241028_105631.wav,sm,41.16897959183674,True
/home/fcandia/tesis-primate/data/raw/large_headed_capuchin__SM/20241028_105822.wav,sm,29.930521541950114,True
/home/fcandia/tesis-primate/data/raw/large_headed_capuchin__SM/20241028_105850.wav,sm,28.83918367346939,True
/home/fcandia/tesis-primate/data/raw/large_headed_capuchin__SM/20241028_105921.wav,sm,29.6518820861678,True
/home/fcandia/tesis-primate/data/raw/large_headed_capuchin__SM/20241028_105959.wav,sm,27.376326530612246,True
/home/fcandia/tesis-primate/data/raw/large_headed_capuchin__SM/20241028_110202.wav,sm,63.69233560090703,True
/home/fcandia/tesis-primate/data/raw/large_headed_capuchin__SM/20241028_110324.wav,sm,10.332879818594105,True
/home/fcandia/tesis-primate/data/raw/large_headed_capuchin__SM/20241028_110402.wav,sm,14.582131519274377,True
/home/fcandia/tesis-primate/data/raw/large_headed_capuchin__SM/20241028_110528.wav,sm,12.027936507936507,True
/home/fcandia/tesis-primate/data/raw/large_headed_capuchin__SM/20241028_110540.wav,sm,12.027936507936507,True
/home/fcandia/tesis-primate/data/raw/large_headed_capuchin__SM/20241028_110701.wav,sm,15.998548752834466,True
/home/fcandia/tesis-primate/data/raw/large_headed_capuchin__SM/20241028_110717.wav,sm,14.512471655328799,True
/home/fcandia/tesis-primate/data/raw/large_headed_capuchin__SM/20241028_110829.wav,sm,16.69514739229025,True
/home/fcandia/tesis-primate/data/raw/large_headed_capuchin__SM/20241028_110846.wav,sm,19.458321995464853,True
/home/fcandia/tesis-primate/data/raw/large_headed_capuchin__SM/20241028_110906.wav,sm,18.94748299319728,True
/home/fcandia/tesis-primate/data/raw/large_headed_capuchin__SM/20241028_110949.wav,sm,16.788027210884355,True
/home/fcandia/tesis-primate/data/raw/large_headed_capuchin__SM/20241028_111204.wav,sm,11.029478458049887,True
/home/fcandia/tesis-primate/data/raw/large_headed_capuchin__SM/20241028_111220.wav,sm,19.319002267573698,True
/home/fcandia/tesis-primate/data/raw/large_headed_capuchin__SM/20241028_111318.wav,sm,18.76172335600907,True
/home/fcandia/tesis-primate/data/raw/large_headed_capuchin__SM/20241028_111350.wav,sm,13.374693877551021,True
/home/fcandia/tesis-primate/data/raw/large_headed_capuchin__SM/20241028_111434.wav,sm,15.615419501133786,True
/home/fcandia/tesis-primate/data/raw/large_headed_capuchin__SM/20241028_111457.wav,sm,7.174965986394557,True
/home/fcandia/tesis-primate/data/raw/large_headed_capuchin__SM/20241028_111627.wav,sm,10.170340136054422,True
/home/fcandia/tesis-primate/data/raw/large_headed_capuchin__SM/20241028_111709.wav,sm,21.106938775510205,True
/home/fcandia/tesis-primate/data/raw/large_headed_capuchin__SM/20241028_111816.wav,sm,14.744671201814059,True
/home/fcandia/tesis-primate/data/raw/large_headed_capuchin__SM/20241030_083015.wav,sm,18.22766439909297,True
/home/fcandia/tesis-primate/data/raw/large_headed_capuchin__SM/20241030_083031.wav,sm,11.447437641723356,True
/home/fcandia/tesis-primate/data/raw/large_headed_capuchin__SM/20241030_083124.wav,sm,25.913469387755104,True
/home/fcandia/tesis-primate/data/raw/large_headed_capuchin__SM/20241030_083209.wav,sm,11.377777777777778,True
/home/fcandia/tesis-primate/data/raw/large_headed_capuchin__SM/20241030_083420.wav,sm,4.760090702947846,True
/home/fcandia/tesis-primate/data/raw/large_headed_capuchin__SM/20241031_082506.wav,sm,7.198185941043084,True
/home/fcandia/tesis-primate/data/raw/large_headed_capuchin__SM/20241031_082520.wav,sm,9.613061224489796,True
/home/fcandia/tesis-primate/data/raw/large_headed_capuchin__SM/20241031_082538.wav,sm,5.735328798185941,True
/home/fcandia/tesis-primate/data/raw/large_headed_capuchin__SM/20241031_082621.wav,sm,8.452063492063493,True
/home/fcandia/tesis-primate/data/raw/large_headed_capuchin__SM/20241031_082649.wav,sm,9.961360544217687,True
/home/fcandia/tesis-primate/data/raw/large_headed_capuchin__SM/20241031_082712.wav,sm,9.218321995464853,True
/home/fcandia/tesis-primate/data/raw/large_headed_capuchin__SM/20241031_082728.wav,sm,5.897868480725624,True
/home/fcandia/tesis-primate/data/raw/large_headed_capuchin__SM/20241031_082737.wav,sm,7.267845804988662,True
/home/fcandia/tesis-primate/data/raw/large_headed_capuchin__SM/20241031_082807.wav,sm,7.360725623582766,True
/home/fcandia/tesis-primate/data/raw/large_headed_capuchin__SM/20241031_082835.wav,sm,7.476825396825397,True
/home/fcandia/tesis-primate/data/raw/large_headed_capuchin__SM/20241031_082846.wav,sm,10.843718820861678,True
/home/fcandia/tesis-primate/data/raw/large_headed_capuchin__SM/20241031_083110.wav,sm,10.797278911564625,True
/home/fcandia/tesis-primate/data/raw/large_headed_capuchin__SM/20241031_083147.wav,sm,14.094512471655328,True
/home/fcandia/tesis-primate/data/raw/large_headed_capuchin__SM/20241031_084420.wav,sm,11.795736961451247,True
/home/fcandia/tesis-primate/data/raw/large_headed_capuchin__SM/20241031_084609.wav,sm,10.565079365079365,True
/home/fcandia/tesis-primate/data/raw/large_headed_capuchin__SM/20241031_084622.wav,sm,7.894784580498866,True
/home/fcandia/tesis-primate/data/raw/large_headed_capuchin__SM/20241031_084630.wav,sm,12.701315192743763,True
/home/fcandia/tesis-primate/data/raw/large_headed_capuchin__SM/20241031_084644.wav,sm,5.688888888888889,True
/home/fcandia/tesis-primate/data/raw/large_headed_capuchin__SM/20241031_084650.wav,sm,7.453605442176871,True
/home/fcandia/tesis-primate/data/raw/large_headed_capuchin__SM/20241031_084657.wav,sm,10.634739229024943,True
/home/fcandia/tesis-primate/data/raw/large_headed_capuchin__SM/20241031_084715.wav,sm,7.75546485260771,True
/home/fcandia/tesis-primate/data/raw/large_headed_capuchin__SM/20241031_084903.wav,sm,6.176507936507937,True
/home/fcandia/tesis-primate/data/raw/large_headed_capuchin__SM/20241031_085101.wav,sm,6.013968253968254,True
/home/fcandia/tesis-primate/data/raw/large_headed_capuchin__SM/20241106_083703.wav,sm,40.751020408163264,True
/home/fcandia/tesis-primate/data/raw/large_headed_capuchin__SM/20241106_084036.wav,sm,31.393378684807256,True
/home/fcandia/tesis-primate/data/raw/large_headed_capuchin__SM/20241106_084107.wav,sm,20.514829931972788,True
/home/fcandia/tesis-primate/data/raw/large_headed_capuchin__SM/20241106_084204.wav,sm,30.53424036281179,True
/home/fcandia/tesis-primate/data/raw/large_headed_capuchin__SM/20241107_082543.wav,sm,6.222947845804988,True
/home/fcandia/tesis-primate/data/raw/large_headed_capuchin__SM/20241107_082659.wav,sm,11.122358276643991,True
/home/fcandia/tesis-primate/data/raw/large_headed_capuchin__SM/20241107_082910.wav,sm,6.2693877551020405,True
/home/fcandia/tesis-primate/data/raw/large_headed_capuchin__SM/20241111_093849.wav,sm,3.622312925170068,False
/home/fcandia/tesis-primate/data/raw/large_headed_capuchin__SM/20241113_094236.wav,sm,15.986938775510204,False
/home/fcandia/tesis-primate/data/raw/large_headed_capuchin__SM/20241113_094411.wav,sm,27.237006802721087,True
/home/fcandia/tesis-primate/data/raw/large_headed_capuchin__SM/20241113_094808.wav,sm,30.603900226757368,True
/home/fcandia/tesis-primate/data/raw/large_headed_capuchin__SM/20241204_0755 (2).wav,sm,26.952,True
/home/fcandia/tesis-primate/data/raw/large_headed_capuchin__SM/20241204_0755.wav,sm,26.232,True
/home/fcandia/tesis-primate/data/raw/large_headed_capuchin__SM/20241204_0756.wav,sm,33.096,True
/home/fcandia/tesis-primate/data/raw/large_headed_capuchin__SM/20241204_0759.wav,sm,20.832,True
/home/fcandia/tesis-primate/data/raw/large_headed_capuchin__SM/20241204_0804 (2).wav,sm,15.84,True
/home/fcandia/tesis-primate/data/raw/large_headed_capuchin__SM/20241204_0804.wav,sm,41.4,True
/home/fcandia/tesis-primate/data/raw/large_headed_capuchin__SM/20250102_173142.wav,sm,6.664126984126984,True
/home/fcandia/tesis-primate/data/raw/large_headed_capuchin__SM/20250117_112729.wav,sm,15.209070294784581,False
/home/fcandia/tesis-primate/data/raw/large_headed_capuchin__SM/20250117_112757.wav,sm,13.630113378684808,True
/home/fcandia/tesis-primate/data/raw/large_headed_capuchin__SM/20250117_112850.wav,sm,9.694331065759638,True
/home/fcandia/tesis-primate/data/raw/large_headed_capuchin__SM/20250117_112902.wav,sm,15.348390022675737,True
/home/fcandia/tesis-primate/data/raw/large_headed_capuchin__SM/20250117_112921.wav,sm,14.55891156462585,True
/home/fcandia/tesis-primate/data/raw/large_headed_capuchin__SM/20250117_112935.wav,sm,13.25859410430839,True
/home/fcandia/tesis-primate/data/raw/large_headed_capuchin__SM/20250117_113207.wav,sm,10.65795918367347,True
/home/fcandia/tesis-primate/data/raw/large_headed_capuchin__SM/20250117_113235.wav,sm,9.032562358276644,True
/home/fcandia/tesis-primate/data/raw/large_headed_capuchin__SM/20250117_113712.wav,sm,11.77251700680272,True
/home/fcandia/tesis-primate/data/raw/large_headed_capuchin__SM/20250117_113859.wav,sm,11.00625850340136,True
/home/fcandia/tesis-primate/data/raw/large_headed_capuchin__SM/20250117_114408.wav,sm,10.425759637188209,True
/home/fcandia/tesis-primate/data/raw/large_headed_capuchin__SM/20250117_114417.wav,sm,8.753922902494331,True
/home/fcandia/tesis-primate/data/raw/large_headed_capuchin__SM/20250117_114436.wav,sm,11.935056689342403,True
/home/fcandia/tesis-primate/data/raw/large_headed_capuchin__SM/E and lower/20231215_ 0659.wav,sm,81.18857142857142,False
/home/fcandia/tesis-primate/data/raw/large_headed_capuchin__SM/E and lower/20231224_0904.wav,sm,60.499591836734695,False
/home/fcandia/tesis-primate/data/raw/large_headed_capuchin__SM/E and lower/20231229_155041.wav,sm,33.94757369614513,False
/home/fcandia/tesis-primate/data/raw/large_headed_capuchin__SM/E and lower/20231229_155157.wav,sm,29.024943310657598,False
/home/fcandia/tesis-primate/data/raw/large_headed_capuchin__SM/E and lower/20231229_155730.wav,sm,66.72253968253968,False
/home/fcandia/tesis-primate/data/raw/large_headed_capuchin__SM/E and lower/20240201_160859.wav,sm,85.91383219954649,False
/home/fcandia/tesis-primate/data/raw/large_headed_capuchin__SM/E and lower/20240201_160908.wav,sm,21.873197278911565,False
/home/fcandia/tesis-primate/data/raw/large_headed_capuchin__SM/E and lower/20240201_161107.wav,sm,15.51092970521542,False
/home/fcandia/tesis-primate/data/raw/large_headed_capuchin__SM/E and lower/20240206_170659.wav,sm,29.30358276643991,False
/home/fcandia/tesis-primate/data/raw/large_headed_capuchin__SM/E and lower/20240215_084619.wav,sm,38.93986394557823,False
/home/fcandia/tesis-primate/data/raw/large_headed_capuchin__SM/E and lower/20240215_084714.wav,sm,43.67673469387755,False
/home/fcandia/tesis-primate/data/raw/large_headed_capuchin__SM/E and lower/20240215_085222.wav,sm,52.0475283446712,False
/home/fcandia/tesis-primate/data/raw/large_headed_capuchin__SM/E and lower/20240215_085339.wav,sm,43.653514739229024,False
/home/fcandia/tesis-primate/data/raw/large_headed_capuchin__SM/E and lower/20240215_091353.wav,sm,62.531337868480726,False
/home/fcandia/tesis-primate/data/raw/large_headed_capuchin__SM/E and lower/20240215_092054.wav,sm,73.86267573696145,False
/home/fcandia/tesis-primate/data/raw/large_headed_capuchin__SM/E and lower/20240215_092245.wav,sm,46.25414965986395,False
/home/fcandia/tesis-primate/data/raw/large_headed_capuchin__SM/E and lower/20240215_092421.wav,sm,79.50512471655328,False
/home/fcandia/tesis-primate/data/raw/large_headed_capuchin__SM/E and lower/20240215_093017.wav,sm,23.637913832199548,False
/home/fcandia/tesis-primate/data/raw/large_headed_capuchin__SM/E and lower/20240410_060611.wav,sm,29.6518820861678,False
/home/fcandia/tesis-primate/data/raw/large_headed_capuchin__SM/E and lower/20240410_060709.wav,sm,27.980045351473922,False
/home/fcandia/tesis-primate/data/raw/large_headed_capuchin__SM/E and lower/20240410_061703.wav,sm,24.253242630385486,False
/home/fcandia/tesis-primate/data/raw/large_headed_capuchin__SM/E and lower/20240411_104823.wav,sm,37.198367346938774,False
/home/fcandia/tesis-primate/data/raw/large_headed_capuchin__SM/E and lower/20240414_063415.wav,sm,20.36390022675737,False
/home/fcandia/tesis-primate/data/raw/large_headed_capuchin__SM/E and lower/20240414_063509.wav,sm,45.51111111111111,False
/home/fcandia/tesis-primate/data/raw/large_headed_capuchin__SM/E and lower/20240414_064259.wav,sm,29.95374149659864,False
/home/fcandia/tesis-primate/data/raw/large_headed_capuchin__SM/E and lower/20240414_111007.wav,sm,27.794285714285714,False
/home/fcandia/tesis-primate/data/raw/large_headed_capuchin__SM/E and lower/20240414_111128.wav,sm,21.849977324263037,False
/home/fcandia/tesis-primate/data/raw/large_headed_capuchin__SM/E and lower/20240414_111429.wav,sm,31.184399092970523,False
/home/fcandia/tesis-primate/data/raw/large_headed_capuchin__SM/E and lower/20240414_111638.wav,sm,31.648798185941043,False
/home/fcandia/tesis-primate/data/raw/large_headed_capuchin__SM/E and lower/20240414_112107.wav,sm,30.859319727891158,False
/home/fcandia/tesis-primate/data/raw/large_headed_capuchin__SM/E and lower/20240508_111328.wav,sm,37.29124716553288,False
/home/fcandia/tesis-primate/data/raw/large_headed_capuchin__SM/E and lower/20240508_111404.wav,sm,32.92589569160998,False
/home/fcandia/tesis-primate/data/raw/large_headed_capuchin__SM/E and lower/20240508_111437.wav,sm,48.204625850340136,False
/home/fcandia/tesis-primate/data/raw/large_headed_capuchin__SM/E and lower/20240516_065440.wav,sm,36.47854875283447,False
/home/fcandia/tesis-primate/data/raw/large_headed_capuchin__SM/E and lower/20240516_081845.wav,sm,29.68671201814059,False
/home/fcandia/tesis-primate/data/raw/large_headed_capuchin__SM/E and lower/20240601_063312.wav,sm,29.76798185941043,False
/home/fcandia/tesis-primate/data/raw/large_headed_capuchin__SM/E and lower/20240609_060102.wav,sm,28.966893424036282,False
/home/fcandia/tesis-primate/data/raw/large_headed_capuchin__SM/E and lower/20240609_060305.wav,sm,31.834557823129252,False
/home/fcandia/tesis-primate/data/raw/large_headed_capuchin__SM/E and lower/20240609_071848.wav,sm,30.778049886621314,False
/home/fcandia/tesis-primate/data/raw/large_headed_capuchin__SM/E and lower/20240609_072809.wav,sm,37.92979591836735,False
/home/fcandia/tesis-primate/data/raw/large_headed_capuchin__SM/E and lower/20240613_163109.wav,sm,32.24090702947846,False
/home/fcandia/tesis-primate/data/raw/large_headed_capuchin__SM/E and lower/20240613_163147.wav,sm,62.86802721088436,False
/home/fcandia/tesis-primate/data/raw/large_headed_capuchin__SM/E and lower/20240613_163506.wav,sm,10.228390022675738,False
/home/fcandia/tesis-primate/data/raw/large_headed_capuchin__SM/E and lower/20240613_163519.wav,sm,52.54675736961451,False
/home/fcandia/tesis-primate/data/raw/large_headed_capuchin__SM/E and lower/20240615_092719.wav,sm,31.37015873015873,False
/home/fcandia/tesis-primate/data/raw/large_headed_capuchin__SM/E and lower/20240615_123710.wav,sm,36.664308390022676,False
/home/fcandia/tesis-primate/data/raw/large_headed_capuchin__SM/E and lower/20240617_153115.wav,sm,71.26204081632653,False
/home/fcandia/tesis-primate/data/raw/large_headed_capuchin__SM/E and lower/20240617_153224.wav,sm,54.485623582766436,False
/home/fcandia/tesis-primate/data/raw/large_headed_capuchin__SM/E and lower/20240617_160631.wav,sm,32.24090702947846,False
/home/fcandia/tesis-primate/data/raw/large_headed_capuchin__SM/E and lower/20240617_161342.wav,sm,29.257142857142856,False
/home/fcandia/tesis-primate/data/raw/large_headed_capuchin__SM/E and lower/20240617_161411.wav,sm,31.0334693877551,False
/home/fcandia/tesis-primate/data/raw/large_headed_capuchin__SM/E and lower/20240617_161540.wav,sm,30.476190476190474,False
/home/fcandia/tesis-primate/data/raw/large_headed_capuchin__SM/E and lower/20240617_161904.wav,sm,34.37714285714286,False
/home/fcandia/tesis-primate/data/raw/large_headed_capuchin__SM/E and lower/20240617_162348.wav,sm,33.065215419501136,False
/home/fcandia/tesis-primate/data/raw/large_headed_capuchin__SM/E and lower/20240617_170025.wav,sm,66.83863945578231,False
/home/fcandia/tesis-primate/data/raw/large_headed_capuchin__SM/E and lower/20240618_065726.wav,sm,33.494784580498866,True
/home/fcandia/tesis-primate/data/raw/large_headed_capuchin__SM/E and lower/20240618_070301.wav,sm,31.973877551020408,False
/home/fcandia/tesis-primate/data/raw/large_headed_capuchin__SM/E and lower/20240901_094226.wav,sm,137.50857142857143,False
/home/fcandia/tesis-primate/data/raw/large_headed_capuchin__SM/E and lower/20240901_094444.wav,sm,61.37034013605442,False
/home/fcandia/tesis-primate/data/raw/large_headed_capuchin__SM/E and lower/20240901_095004.wav,sm,42.074557823129254,False
/home/fcandia/tesis-primate/data/raw/large_headed_capuchin__SM/E and lower/20240901_100332.wav,sm,27.190566893424037,False
/home/fcandia/tesis-primate/data/raw/large_headed_capuchin__SM/E and lower/20240901_112828.wav,sm,32.43827664399093,False
/home/fcandia/tesis-primate/data/raw/large_headed_capuchin__SM/E and lower/20240909_085442.wav,sm,22.976145124716552,False
/home/fcandia/tesis-primate/data/raw/large_headed_capuchin__SM/E and lower/20241028_110614.wav,sm,24.98467120181406,False
/home/fcandia/tesis-primate/data/raw/large_headed_capuchin__SM/E and lower/20241028_110802.wav,sm,13.699773242630386,False
/home/fcandia/tesis-primate/data/raw/large_headed_capuchin__SM/E and lower/20241030_083057.wav,sm,25.031111111111112,False
/home/fcandia/tesis-primate/data/raw/large_headed_capuchin__SM/E and lower/20241106_083856.wav,sm,38.37097505668934,False
/home/fcandia/tesis-primate/data/raw/large_headed_capuchin__SM/E and lower/20241106_084131.wav,sm,30.34848072562358,False
/home/fcandia/tesis-primate/data/raw/large_headed_capuchin__SM/E and lower/20241106_084233.wav,sm,31.21922902494331,False
/home/fcandia/tesis-primate/data/raw/large_headed_capuchin__SM/E and lower/20241106_084532.wav,sm,25.692879818594104,False
/home/fcandia/tesis-primate/data/raw/large_headed_capuchin__SM/E and lower/20241106_084827.wav,sm,52.43065759637188,False
/home/fcandia/tesis-primate/data/raw/large_headed_capuchin__SM/E and lower/20241107_082710.wav,sm,11.029478458049887,False
/home/fcandia/tesis-primate/data/raw/large_headed_capuchin__SM/E and lower/241204_0754.wav,sm,23.232,False
/home/fcandia/tesis-primate/data/raw/night_monkey__AA/20240117_051057.wav,aa,32.33378684807256,True
/home/fcandia/tesis-primate/data/raw/night_monkey__AA/20240117_051239.wav,aa,196.76589569160998,True
/home/fcandia/tesis-primate/data/raw/night_monkey__AA/20240117_051556.wav,aa,18.94748299319728,True
/home/fcandia/tesis-primate/data/raw/night_monkey__AA/20240117_051649.wav,aa,61.50965986394558,True
/home/fcandia/tesis-primate/data/raw/night_monkey__AA/20240117_205009.wav,aa,64.69079365079365,True
/home/fcandia/tesis-primate/data/raw/night_monkey__AA/20240202_191543.wav,aa,72.26049886621315,True
/home/fcandia/tesis-primate/data/raw/night_monkey__AA/20240202_192418.wav,aa,126.73451247165534,True
/home/fcandia/tesis-primate/data/raw/night_monkey__AA/20240302_051830.wav,aa,50.61950113378685,True
/home/fcandia/tesis-primate/data/raw/night_monkey__AA/20240302_051959.wav,aa,39.404263038548756,True
/home/fcandia/tesis-primate/data/raw/night_monkey__AA/20240302_052100.wav,aa,42.67827664399093,True
/home/fcandia/tesis-primate/data/raw/night_monkey__AA/20240410_052656.wav,aa,27.817505668934242,True
/home/fcandia/tesis-primate/data/raw/night_monkey__AA/20240410_052705.wav,aa,21.5481179138322,True
/home/fcandia/tesis-primate/data/raw/night_monkey__AA/20240410_052723.wav,aa,25.356190476190477,True
/home/fcandia/tesis-primate/data/raw/night_monkey__AA/20240410_052725.wav,aa,18.52952380952381,True
/home/fcandia/tesis-primate/data/raw/night_monkey__AA/20240410_052748.wav,aa,31.346938775510203,True
/home/fcandia/tesis-primate/data/raw/night_monkey__AA/20240410_052750.wav,aa,22.38403628117914,True
/home/fcandia/tesis-primate/data/raw/night_monkey__AA/20240410_052811.wav,aa,22.38403628117914,True
/home/fcandia/tesis-primate/data/raw/night_monkey__AA/20240410_052825.wav,aa,30.67356009070295,True
/home/fcandia/tesis-primate/data/raw/night_monkey__AA/20240410_052833.wav,aa,22.941315192743765,True
/home/fcandia/tesis-primate/data/raw/night_monkey__AA/20240410_052853.wav,aa,31.71845804988662,True
/home/fcandia/tesis-primate/data/raw/night_monkey__AA/20240410_052855.wav,aa,24.009433106575965,True
/home/fcandia/tesis-primate/data/raw/night_monkey__AA/20240410_052919.wav,aa,29.094603174603176,True
/home/fcandia/tesis-primate/data/raw/night_monkey__AA/20240429_232809.wav,aa,30.812879818594105,True
/home/fcandia/tesis-primate/data/raw/night_monkey__AA/20240429_232838.wav,aa,31.02185941043084,True
/home/fcandia/tesis-primate/data/raw/night_monkey__AA/20240429_232909.wav,aa,36.87328798185941,True
/home/fcandia/tesis-primate/data/raw/night_monkey__AA/20240429_232945.wav,aa,29.559002267573696,True
/home/fcandia/tesis-primate/data/raw/night_monkey__AA/20240429_233015.wav,aa,31.393378684807256,True
/home/fcandia/tesis-primate/data/raw/night_monkey__AA/20240429_233132.wav,aa,30.905759637188208,True
/home/fcandia/tesis-primate/data/raw/night_monkey__AA/20240429_233203.wav,aa,39.172063492063494,True
/home/fcandia/tesis-primate/data/raw/night_monkey__AA/20240429_233302.wav,aa,30.95219954648526,True
/home/fcandia/tesis-primate/data/raw/night_monkey__AA/20240429_233339.wav,aa,30.905759637188208,True
/home/fcandia/tesis-primate/data/raw/night_monkey__AA/20240429_233409.wav,aa,30.696780045351474,True
/home/fcandia/tesis-primate/data/raw/night_monkey__AA/20240504_210246.wav,aa,17.670385487528346,True
/home/fcandia/tesis-primate/data/raw/night_monkey__AA/20240527_175419.wav,aa,53.45233560090703,True
/home/fcandia/tesis-primate/data/raw/night_monkey__AA/20240527_175510.wav,aa,60.51120181405896,True
/home/fcandia/tesis-primate/data/raw/night_monkey__AA/20240527_175700.wav,aa,57.05142857142857,True
/home/fcandia/tesis-primate/data/raw/night_monkey__AA/20240527_175754.wav,aa,19.783401360544218,True
/home/fcandia/tesis-primate/data/raw/night_monkey__AA/20240527_175833.wav,aa,62.74031746031746,True
/home/fcandia/tesis-primate/data/raw/night_monkey__AA/20240527_175934.wav,aa,23.417324263038548,True
/home/fcandia/tesis-primate/data/raw/night_monkey__AA/20240608_191645.wav,aa,30.696780045351474,True
/home/fcandia/tesis-primate/data/raw/night_monkey__AA/20240608_191738.wav,aa,30.812879818594105,True
/home/fcandia/tesis-primate/data/raw/night_monkey__AA/20240608_191827.wav,aa,30.48780045351474,True
/home/fcandia/tesis-primate/data/raw/night_monkey__AA/20240608_191855.wav,aa,30.743219954648527,True
/home/fcandia/tesis-primate/data/raw/night_monkey__AA/20240608_191933.wav,aa,30.580680272108843,True
/home/fcandia/tesis-primate/data/raw/night_monkey__AA/20240608_192012.wav,aa,30.34848072562358,True
/home/fcandia/tesis-primate/data/raw/night_monkey__AA/20240608_192040.wav,aa,31.71845804988662,True
/home/fcandia/tesis-primate/data/raw/night_monkey__AA/20240608_192111.wav,aa,30.232380952380954,True
/home/fcandia/tesis-primate/data/raw/night_monkey__AA/20240608_192142.wav,aa,30.603900226757368,True
/home/fcandia/tesis-primate/data/raw/night_monkey__AA/20240608_192212.wav,aa,30.139501133786847,True
/home/fcandia/tesis-primate/data/raw/night_monkey__AA/20240608_192242.wav,aa,31.02185941043084,True
/home/fcandia/tesis-primate/data/raw/night_monkey__AA/20240608_192326.wav,aa,30.905759637188208,True
/home/fcandia/tesis-primate/data/raw/night_monkey__AA/20240608_192355.wav,aa,30.743219954648527,True
/home/fcandia/tesis-primate/data/raw/night_monkey__AA/20240609_174227.wav,aa,29.930521541950114,False
/home/fcandia/tesis-primate/data/raw/night_monkey__AA/20240609_174409.wav,aa,42.353197278911566,False
/home/fcandia/tesis-primate/data/raw/night_monkey__AA/20240613_205847.wav,aa,25.518730158730158,True
/home/fcandia/tesis-primate/data/raw/night_monkey__AA/20240613_205911.wav,aa,30.464580498866212,True
/home/fcandia/tesis-primate/data/raw/night_monkey__AA/20240613_205954.wav,aa,30.72,True
/home/fcandia/tesis-primate/data/raw/night_monkey__AA/20240613_210040.wav,aa,30.67356009070295,True
/home/fcandia/tesis-primate/data/raw/night_monkey__AA/20240613_210129.wav,aa,30.95219954648526,True
/home/fcandia/tesis-primate/data/raw/night_monkey__AA/20240613_210247.wav,aa,30.95219954648526,True
/home/fcandia/tesis-primate/data/raw/night_monkey__AA/20240613_210315.wav,aa,30.882539682539683,True
/home/fcandia/tesis-primate/data/raw/night_monkey__AA/20240628_080517.wav,aa,29.95374149659864,True
/home/fcandia/tesis-primate/data/raw/night_monkey__AA/20240628_080916.wav,aa,30.615510204081634,True
/home/fcandia/tesis-primate/data/raw/night_monkey__AA/20240915_191243.wav,aa,21.188208616780045,True
/home/fcandia/tesis-primate/data/raw/night_monkey__AA/20240915_191305.wav,aa,44.09469387755102,True
/home/fcandia/tesis-primate/data/raw/night_monkey__AA/20240915_191431.wav,aa,28.978503401360545,True
/home/fcandia/tesis-primate/data/raw/night_monkey__AA/20241027_201712.wav,aa,12.387845804988663,True
/home/fcandia/tesis-primate/data/raw/night_monkey__AA/20241027_201725.wav,aa,13.839092970521541,True
/home/fcandia/tesis-primate/data/raw/night_monkey__AA/20241027_201738.wav,aa,21.43201814058957,True
/home/fcandia/tesis-primate/data/raw/night_monkey__AA/20241027_201759.wav,aa,26.424308390022677,True
/home/fcandia/tesis-primate/data/raw/night_monkey__AA/20241027_201825.wav,aa,17.29886621315193,True
/home/fcandia/tesis-primate/data/raw/night_monkey__AA/20241027_201848.wav,aa,11.145578231292516,True
/home/fcandia/tesis-primate/data/raw/night_monkey__AA/20241027_201932.wav,aa,22.035736961451246,True
/home/fcandia/tesis-primate/data/raw/night_monkey__AA/20241027_202145.wav,aa,7.825124716553288,True
/home/fcandia/tesis-primate/data/raw/night_monkey__AA/20241027_202158.wav,aa,18.52952380952381,True
/home/fcandia/tesis-primate/data/raw/night_monkey__AA/20241027_202239.wav,aa,17.438185941043084,True
/home/fcandia/tesis-primate/data/raw/night_monkey__AA/20241027_202334.wav,aa,10.077460317460318,True
/home/fcandia/tesis-primate/data/raw/night_monkey__AA/20250108_195000.wav,aa,30.45297052154195,True
/home/fcandia/tesis-primate/data/raw/night_monkey__AA/20250108_195047.wav,aa,30.55746031746032,True
/home/fcandia/tesis-primate/data/raw/night_monkey__AA/20250108_195115.wav,aa,31.02185941043084,True
/home/fcandia/tesis-primate/data/raw/night_monkey__AA/20250108_195206.wav,aa,30.83609977324263,True
/home/fcandia/tesis-primate/data/raw/night_monkey__AA/20250108_195412.wav,aa,28.53732426303855,True
/home/fcandia/tesis-primate/data/raw/night_monkey__AA/20250108_195450.wav,aa,16.34684807256236,True
/home/fcandia/tesis-primate/data/raw/night_monkey__AA/E and lower/20240117_183518.wav,aa,12.004716553287983,False
/home/fcandia/tesis-primate/data/raw/night_monkey__AA/E and lower/20240117_183627.wav,aa,19.504761904761907,False
/home/fcandia/tesis-primate/data/raw/night_monkey__AA/E and lower/20240117_204918.wav,aa,51.687619047619044,False
/home/fcandia/tesis-primate/data/raw/night_monkey__AA/E and lower/20240202_191223.wav,aa,103.76997732426304,False
/home/fcandia/tesis-primate/data/raw/night_monkey__AA/E and lower/20240202_191445.wav,aa,27.074467120181406,False
/home/fcandia/tesis-primate/data/raw/night_monkey__AA/E and lower/20240202_191813.wav,aa,61.30068027210884,False
/home/fcandia/tesis-primate/data/raw/night_monkey__AA/E and lower/20240410_052951.wav,aa,21.66421768707483,False
/home/fcandia/tesis-primate/data/raw/night_monkey__AA/E and lower/20240410_053018.wav,aa,29.024943310657598,False
/home/fcandia/tesis-primate/data/raw/night_monkey__AA/E and lower/20240410_053051.wav,aa,27.329886621315193,False
/home/fcandia/tesis-primate/data/raw/night_monkey__AA/E and lower/20240410_053244.wav,aa,30.34848072562358,False
/home/fcandia/tesis-primate/data/raw/night_monkey__AA/E and lower/20240410_053313.wav,aa,23.26639455782313,False
/home/fcandia/tesis-primate/data/raw/night_monkey__AA/E and lower/20240410_054805.wav,aa,60.91755102040816,False
/home/fcandia/tesis-primate/data/raw/night_monkey__AA/E and lower/20240429_072532.wav,aa,31.114739229024945,False
/home/fcandia/tesis-primate/data/raw/night_monkey__AA/E and lower/20240429_185442.wav,aa,60.53442176870748,False
/home/fcandia/tesis-primate/data/raw/night_monkey__AA/E and lower/20240429_185551.wav,aa,29.76798185941043,False
/home/fcandia/tesis-primate/data/raw/night_monkey__AA/E and lower/20240429_185618.wav,aa,29.18748299319728,False
/home/fcandia/tesis-primate/data/raw/night_monkey__AA/E and lower/20240429_185709.wav,aa,40.28662131519275,False
/home/fcandia/tesis-primate/data/raw/night_monkey__AA/E and lower/20240429_224405.wav,aa,27.28344671201814,False
/home/fcandia/tesis-primate/data/raw/night_monkey__AA/E and lower/20240504_180026.wav,aa,93.06557823129252,False
/home/fcandia/tesis-primate/data/raw/night_monkey__AA/E and lower/20240504_221046.wav,aa,13.351473922902494,False
/home/fcandia/tesis-primate/data/raw/night_monkey__AA/E and lower/20240505_180229.wav,aa,54.75265306122449,False
/home/fcandia/tesis-primate/data/raw/night_monkey__AA/E and lower/20240505_180329.wav,aa,29.141043083900225,False
/home/fcandia/tesis-primate/data/raw/night_monkey__AA/E and lower/20240505_180633.wav,aa,42.44607709750567,False
/home/fcandia/tesis-primate/data/raw/night_monkey__AA/E and lower/20240527_175010.wav,aa,40.2053514739229,False
/home/fcandia/tesis-primate/data/raw/night_monkey__AA/E and lower/20240527_175051.wav,aa,38.800544217687076,False
/home/fcandia/tesis-primate/data/raw/night_monkey__AA/E and lower/20240609_174334.wav,aa,30.72,False
/home/fcandia/tesis-primate/data/raw/night_monkey__AA/E and lower/20240628_080944.wav,aa,31.579138321995465,False
/home/fcandia/tesis-primate/data/raw/night_monkey__AA/E and lower/20240915_191354.wav,aa,15.023310657596372,False
/home/fcandia/tesis-primate/data/raw/night_monkey__AA/E and lower/20240915_191413.wav,aa,8.196643990929704,False
/home/fcandia/tesis-primate/data/raw/night_monkey__AA/E and lower/20240915_191458.wav,aa,18.599183673469387,False
/home/fcandia/tesis-primate/data/raw/night_monkey__AA/E and lower/20240915_191537.wav,aa,15.09297052154195,False
/home/fcandia/tesis-primate/data/raw/night_monkey__AA/E and lower/20250108_195252.wav,aa,16.579047619047618,False
/home/fcandia/tesis-primate/data/raw/night_monkey__AA/E and lower/20250108_195322.wav,aa,30.696780045351474,False
/home/fcandia/tesis-primate/data/raw/peruvian_spider_monkey__AC/20231214_0545.wav,ac,793.3387755102041,True
/home/fcandia/tesis-primate/data/raw/peruvian_spider_monkey__AC/20240109_062344.wav,ac,247.4318367346939,True
/home/fcandia/tesis-primate/data/raw/peruvian_spider_monkey__AC/20240109_063552.wav,ac,79.2497052154195,True
/home/fcandia/tesis-primate/data/raw/peruvian_spider_monkey__AC/20240109_070802.wav,ac,91.78848072562359,True
/home/fcandia/tesis-primate/data/raw/peruvian_spider_monkey__AC/20240109_074000.wav,ac,97.65151927437641,True
/home/fcandia/tesis-primate/data/raw/peruvian_spider_monkey__AC/20240109_074915.wav,ac,61.63736961451247,True
/home/fcandia/tesis-primate/data/raw/peruvian_spider_monkey__AC/20240109_075606.wav,ac,61.33551020408163,True
/home/fcandia/tesis-primate/data/raw/peruvian_spider_monkey__AC/20240109_080013.wav,ac,19.237732426303854,True
/home/fcandia/tesis-primate/data/raw/peruvian_spider_monkey__AC/20240113_0605.wav,ac,63.117,True
/home/fcandia/tesis-primate/data/raw/peruvian_spider_monkey__AC/20240113_0616.wav,ac,76.533,True
/home/fcandia/tesis-primate/data/raw/peruvian_spider_monkey__AC/20240113_0814.wav,ac,54.876,True
/home/fcandia/tesis-primate/data/raw/peruvian_spider_monkey__AC/20240113_0821.wav,ac,68.076,True
/home/fcandia/tesis-primate/data/raw/peruvian_spider_monkey__AC/20240113_0824.wav,ac,64.302,True
/home/fcandia/tesis-primate/data/raw/peruvian_spider_monkey__AC/20240117_060129.wav,ac,48.98249433106576,True
/home/fcandia/tesis-primate/data/raw/peruvian_spider_monkey__AC/20240117_061808.wav,ac,47.821496598639456,True
/home/fcandia/tesis-primate/data/raw/peruvian_spider_monkey__AC/20240118_175231.wav,ac,63.506575963718824,True
/home/fcandia/tesis-primate/data/raw/peruvian_spider_monkey__AC/20240119_060350.wav,ac,31.672018140589568,True
/home/fcandia/tesis-primate/data/raw/peruvian_spider_monkey__AC/20240119_061548.wav,ac,18.250884353741498,True
/home/fcandia/tesis-primate/data/raw/peruvian_spider_monkey__AC/20240126_165246.wav,ac,7.6741950113378685,True
/home/fcandia/tesis-primate/data/raw/peruvian_spider_monkey__AC/20240126_171836.wav,ac,104.04861678004535,True
/home/fcandia/tesis-primate/data/raw/peruvian_spider_monkey__AC/20240126_172048.wav,ac,25.379410430839002,True
/home/fcandia/tesis-primate/data/raw/peruvian_spider_monkey__AC/20240127_164002.wav,ac,14.233832199546486,True
/home/fcandia/tesis-primate/data/raw/peruvian_spider_monkey__AC/20240127_164310.wav,ac,8.684263038548753,True
/home/fcandia/tesis-primate/data/raw/peruvian_spider_monkey__AC/20240127_164501.wav,ac,10.414149659863945,True
/home/fcandia/tesis-primate/data/raw/peruvian_spider_monkey__AC/20240127_170530.wav,ac,9.949750566893425,True
/home/fcandia/tesis-primate/data/raw/peruvian_spider_monkey__AC/20240127_171208.wav,ac,10.425759637188209,True
/home/fcandia/tesis-primate/data/raw/peruvian_spider_monkey__AC/20240127_171400.wav,ac,8.185034013605442,True
/home/fcandia/tesis-primate/data/raw/peruvian_spider_monkey__AC/20240127_171522.wav,ac,11.122358276643991,True
/home/fcandia/tesis-primate/data/raw/peruvian_spider_monkey__AC/20240127_171914.wav,ac,12.213696145124716,True
/home/fcandia/tesis-primate/data/raw/peruvian_spider_monkey__AC/20240203_071508.wav,ac,33.6108843537415,True
/home/fcandia/tesis-primate/data/raw/peruvian_spider_monkey__AC/20240203_071615.wav,ac,27.829115646258504,True
/home/fcandia/tesis-primate/data/raw/peruvian_spider_monkey__AC/20240203_071651.wav,ac,19.33061224489796,True
/home/fcandia/tesis-primate/data/raw/peruvian_spider_monkey__AC/20240203_071750.wav,ac,37.39573696145125,True
/home/fcandia/tesis-primate/data/raw/peruvian_spider_monkey__AC/20240203_072120.wav,ac,27.39954648526077,True
/home/fcandia/tesis-primate/data/raw/peruvian_spider_monkey__AC/20240203_072859.wav,ac,12.503945578231292,True
/home/fcandia/tesis-primate/data/raw/peruvian_spider_monkey__AC/20240203_074024.wav,ac,42.93369614512471,True
/home/fcandia/tesis-primate/data/raw/peruvian_spider_monkey__AC/20240204_072053.wav,ac,75.30231292517007,True
/home/fcandia/tesis-primate/data/raw/peruvian_spider_monkey__AC/20240204_072505.wav,ac,61.18458049886621,True
/home/fcandia/tesis-primate/data/raw/peruvian_spider_monkey__AC/20240205_105318.wav,ac,11.42421768707483,True
/home/fcandia/tesis-primate/data/raw/peruvian_spider_monkey__AC/20240205_105755.wav,ac,11.052698412698414,True
/home/fcandia/tesis-primate/data/raw/peruvian_spider_monkey__AC/20240205_110027.wav,ac,7.476825396825397,True
/home/fcandia/tesis-primate/data/raw/peruvian_spider_monkey__AC/20240205_110041.wav,ac,22.19827664399093,True
/home/fcandia/tesis-primate/data/raw/peruvian_spider_monkey__AC/20240205_110318.wav,ac,5.851428571428571,True
/home/fcandia/tesis-primate/data/raw/peruvian_spider_monkey__AC/20240205_110844.wav,ac,7.174965986394557,True
/home/fcandia/tesis-primate/data/raw/peruvian_spider_monkey__AC/20240205_111005.wav,ac,4.922630385487528,True
/home/fcandia/tesis-primate/data/raw/peruvian_spider_monkey__AC/20240205_111339.wav,ac,5.433469387755102,True
/home/fcandia/tesis-primate/data/raw/peruvian_spider_monkey__AC/20240205_112147.wav,ac,8.544943310657596,True
/home/fcandia/tesis-primate/data/raw/peruvian_spider_monkey__AC/20240205_112438.wav,ac,22.035736961451246,True
/home/fcandia/tesis-primate/data/raw/peruvian_spider_monkey__AC/20240205_120929.wav,ac,121.69578231292518,True
/home/fcandia/tesis-primate/data/raw/peruvian_spider_monkey__AC/20240208_162956.wav,ac,28.723083900226758,True
/home/fcandia/tesis-primate/data/raw/peruvian_spider_monkey__AC/20240208_164049.wav,ac,38.70766439909297,True
/home/fcandia/tesis-primate/data/raw/peruvian_spider_monkey__AC/20240208_164358.wav,ac,13.02639455782313,True
/home/fcandia/tesis-primate/data/raw/peruvian_spider_monkey__AC/20240208_172306.wav,ac,30.580680272108843,True
/home/fcandia/tesis-primate/data/raw/peruvian_spider_monkey__AC/20240208_172347.wav,ac,16.973786848072564,True
/home/fcandia/tesis-primate/data/raw/peruvian_spider_monkey__AC/20240208_172417.wav,ac,127.36145124716553,True
/home/fcandia/tesis-primate/data/raw/peruvian_spider_monkey__AC/20240208_172623.wav,ac,18.390204081632653,True
/home/fcandia/tesis-primate/data/raw/peruvian_spider_monkey__AC/20240208_174047.wav,ac,66.54839002267573,True
/home/fcandia/tesis-primate/data/raw/peruvian_spider_monkey__AC/20240208_174217.wav,ac,60.25578231292517,True
/home/fcandia/tesis-primate/data/raw/peruvian_spider_monkey__AC/20240214_170434.wav,ac,47.53124716553288,True
/home/fcandia/tesis-primate/data/raw/peruvian_spider_monkey__AC/20240214_170550.wav,ac,13.630113378684808,True
/home/fcandia/tesis-primate/data/raw/peruvian_spider_monkey__AC/20240214_170914.wav,ac,60.47637188208617,True
/home/fcandia/tesis-primate/data/raw/peruvian_spider_monkey__AC/20240214_171016.wav,ac,29.23392290249433,True
/home/fcandia/tesis-primate/data/raw/peruvian_spider_monkey__AC/20240214_171146.wav,ac,29.512562358276643,True
/home/fcandia/tesis-primate/data/raw/peruvian_spider_monkey__AC/20240215_092641.wav,ac,97.69795918367348,True
/home/fcandia/tesis-primate/data/raw/peruvian_spider_monkey__AC/20240215_092822.wav,ac,81.20018140589569,True
/home/fcandia/tesis-primate/data/raw/peruvian_spider_monkey__AC/20240215_171358.wav,ac,29.91891156462585,True
/home/fcandia/tesis-primate/data/raw/peruvian_spider_monkey__AC/20240215_171456.wav,ac,21.02566893424036,True
/home/fcandia/tesis-primate/data/raw/peruvian_spider_monkey__AC/20240215_171800.wav,ac,34.22621315192744,True
/home/fcandia/tesis-primate/data/raw/peruvian_spider_monkey__AC/20240216_165504.wav,ac,79.48190476190476,True
/home/fcandia/tesis-primate/data/raw/peruvian_spider_monkey__AC/20240216_170533.wav,ac,187.22249433106575,True
/home/fcandia/tesis-primate/data/raw/peruvian_spider_monkey__AC/20240227_084257.wav,ac,54.61333333333334,True
/home/fcandia/tesis-primate/data/raw/peruvian_spider_monkey__AC/20240227_085004.wav,ac,65.84018140589569,True
/home/fcandia/tesis-primate/data/raw/peruvian_spider_monkey__AC/20240227_085114.wav,ac,120.90630385487529,True
/home/fcandia/tesis-primate/data/raw/peruvian_spider_monkey__AC/20240227_090302.wav,ac,53.289795918367346,True
/home/fcandia/tesis-primate/data/raw/peruvian_spider_monkey__AC/20240227_090344.wav,ac,19.922721088435374,True
/home/fcandia/tesis-primate/data/raw/peruvian_spider_monkey__AC/20240227_090541.wav,ac,51.57151927437642,True
/home/fcandia/tesis-primate/data/raw/peruvian_spider_monkey__AC/20240227_090548.wav,ac,83.69632653061224,True
/home/fcandia/tesis-primate/data/raw/peruvian_spider_monkey__AC/20240227_090742.wav,ac,48.204625850340136,True
/home/fcandia/tesis-primate/data/raw/peruvian_spider_monkey__AC/20240227_090744.wav,ac,86.87746031746032,True
/home/fcandia/tesis-primate/data/raw/peruvian_spider_monkey__AC/20240227_091433.wav,ac,69.24190476190476,True
/home/fcandia/tesis-primate/data/raw/peruvian_spider_monkey__AC/20240227_091923.wav,ac,66.88507936507936,True
/home/fcandia/tesis-primate/data/raw/peruvian_spider_monkey__AC/20240227_091945.wav,ac,73.2821768707483,True
/home/fcandia/tesis-primate/data/raw/peruvian_spider_monkey__AC/20240227_092059.wav,ac,65.29451247165532,True
/home/fcandia/tesis-primate/data/raw/peruvian_spider_monkey__AC/20240227_092232.wav,ac,88.28226757369615,True
/home/fcandia/tesis-primate/data/raw/peruvian_spider_monkey__AC/20240227_092241.wav,ac,75.58095238095238,True
/home/fcandia/tesis-primate/data/raw/peruvian_spider_monkey__AC/20240227_092403.wav,ac,97.8488888888889,True
/home/fcandia/tesis-primate/data/raw/peruvian_spider_monkey__AC/20240227_100452.wav,ac,40.2053514739229,True
/home/fcandia/tesis-primate/data/raw/peruvian_spider_monkey__AC/20240227_101627.wav,ac,64.70240362811792,True
/home/fcandia/tesis-primate/data/raw/peruvian_spider_monkey__AC/20240227_101638.wav,ac,61.03365079365079,True
/home/fcandia/tesis-primate/data/raw/peruvian_spider_monkey__AC/20240227_102325.wav,ac,61.17297052154195,True
/home/fcandia/tesis-primate/data/raw/peruvian_spider_monkey__AC/20240227_102340.wav,ac,61.83473922902494,True
/home/fcandia/tesis-primate/data/raw/peruvian_spider_monkey__AC/20240227_102439.wav,ac,31.579138321995465,True
/home/fcandia/tesis-primate/data/raw/peruvian_spider_monkey__AC/20240227_102640.wav,ac,50.50340136054422,True
/home/fcandia/tesis-primate/data/raw/peruvian_spider_monkey__AC/20240227_170459.wav,ac,11.087528344671203,True
/home/fcandia/tesis-primate/data/raw/peruvian_spider_monkey__AC/20240227_170525.wav,ac,42.457687074829934,True
/home/fcandia/tesis-primate/data/raw/peruvian_spider_monkey__AC/20240227_170910.wav,ac,10.019410430839002,True
/home/fcandia/tesis-primate/data/raw/peruvian_spider_monkey__AC/20240227_171111.wav,ac,13.177324263038548,True
/home/fcandia/tesis-primate/data/raw/peruvian_spider_monkey__AC/20240227_171157.wav,ac,9.160272108843538,True
/home/fcandia/tesis-primate/data/raw/peruvian_spider_monkey__AC/20240227_171321.wav,ac,16.973786848072564,True
/home/fcandia/tesis-primate/data/raw/peruvian_spider_monkey__AC/20240302_053548.wav,ac,35.80517006802721,True
/home/fcandia/tesis-primate/data/raw/peruvian_spider_monkey__AC/20240302_053732.wav,ac,17.531065759637187,True
/home/fcandia/tesis-primate/data/raw/peruvian_spider_monkey__AC/20240302_053734.wav,ac,20.526439909297054,True
/home/fcandia/tesis-primate/data/raw/peruvian_spider_monkey__AC/20240302_054313.wav,ac,52.128798185941044,True
/home/fcandia/tesis-primate/data/raw/peruvian_spider_monkey__AC/20240302_060350.wav,ac,25.739319727891157,True
/home/fcandia/tesis-primate/data/raw/peruvian_spider_monkey__AC/20240302_060605.wav,ac,27.55047619047619,True
/home/fcandia/tesis-primate/data/raw/peruvian_spider_monkey__AC/20240302_060700.wav,ac,35.16662131519274,True
/home/fcandia/tesis-primate/data/raw/peruvian_spider_monkey__AC/20240302_060737.wav,ac,22.709115646258503,True
/home/fcandia/tesis-primate/data/raw/peruvian_spider_monkey__AC/20240302_061128.wav,ac,21.21142857142857,True
/home/fcandia/tesis-primate/data/raw/peruvian_spider_monkey__AC/20240302_061141.wav,ac,59.791383219954646,True
/home/fcandia/tesis-primate/data/raw/peruvian_spider_monkey__AC/20240302_061148.wav,ac,24.508662131519273,True
/home/fcandia/tesis-primate/data/raw/peruvian_spider_monkey__AC/20240302_061212.wav,ac,37.08226757369614,True
/home/fcandia/tesis-primate/data/raw/peruvian_spider_monkey__AC/20240302_061828.wav,ac,32.92589569160998,True
/home/fcandia/tesis-primate/data/raw/peruvian_spider_monkey__AC/20240302_061838.wav,ac,52.61641723356009,True
/home/fcandia/tesis-primate/data/raw/peruvian_spider_monkey__AC/20240302_061914.wav,ac,38.963083900226756,True
/home/fcandia/tesis-primate/data/raw/peruvian_spider_monkey__AC/20240302_063040.wav,ac,48.06530612244898,True
/home/fcandia/tesis-primate/data/raw/peruvian_spider_monkey__AC/20240315_102020.wav,ac,46.602448979591834,True
/home/fcandia/tesis-primate/data/raw/peruvian_spider_monkey__AC/20240315_102128.wav,ac,51.710839002267576,True
/home/fcandia/tesis-primate/data/raw/peruvian_spider_monkey__AC/20240315_102222.wav,ac,68.0344671201814,True
/home/fcandia/tesis-primate/data/raw/peruvian_spider_monkey__AC/20240315_103109.wav,ac,47.13650793650794,True
/home/fcandia/tesis-primate/data/raw/peruvian_spider_monkey__AC/20240315_103231.wav,ac,33.22775510204082,True
/home/fcandia/tesis-primate/data/raw/peruvian_spider_monkey__AC/20240315_103820.wav,ac,52.082358276643994,True
/home/fcandia/tesis-primate/data/raw/peruvian_spider_monkey__AC/20240315_104031.wav,ac,76.55619047619048,True
/home/fcandia/tesis-primate/data/raw/peruvian_spider_monkey__AC/20240315_104220.wav,ac,49.64426303854875,True
/home/fcandia/tesis-primate/data/raw/peruvian_spider_monkey__AC/20240315_104348.wav,ac,64.69079365079365,True
/home/fcandia/tesis-primate/data/raw/peruvian_spider_monkey__AC/20240315_105045.wav,ac,53.47555555555556,True
/home/fcandia/tesis-primate/data/raw/peruvian_spider_monkey__AC/20240315_105258.wav,ac,59.396643990929704,True
/home/fcandia/tesis-primate/data/raw/peruvian_spider_monkey__AC/20240315_105358.wav,ac,38.15038548752835,True
/home/fcandia/tesis-primate/data/raw/peruvian_spider_monkey__AC/20240315_105610.wav,ac,53.75419501133787,True
/home/fcandia/tesis-primate/data/raw/peruvian_spider_monkey__AC/20240315_105936.wav,ac,53.10403628117914,True
/home/fcandia/tesis-primate/data/raw/peruvian_spider_monkey__AC/20240315_110105.wav,ac,51.01424036281179,True
/home/fcandia/tesis-primate/data/raw/peruvian_spider_monkey__AC/20240315_110219.wav,ac,7.523265306122449,True
/home/fcandia/tesis-primate/data/raw/peruvian_spider_monkey__AC/20240315_110322.wav,ac,6.710566893424036,True
/home/fcandia/tesis-primate/data/raw/peruvian_spider_monkey__AC/20240315_110427.wav,ac,47.322267573696145,True
/home/fcandia/tesis-primate/data/raw/peruvian_spider_monkey__AC/20240318_060905.wav,ac,60.18612244897959,True
/home/fcandia/tesis-primate/data/raw/peruvian_spider_monkey__AC/20240406_055447.wav,ac,15.928888888888888,True
/home/fcandia/tesis-primate/data/raw/peruvian_spider_monkey__AC/20240406_060415.wav,ac,15.81278911564626,True
/home/fcandia/tesis-primate/data/raw/peruvian_spider_monkey__AC/20240406_061631.wav,ac,15.905668934240364,True
/home/fcandia/tesis-primate/data/raw/peruvian_spider_monkey__AC/20240406_061645.wav,ac,38.12716553287982,True
/home/fcandia/tesis-primate/data/raw/peruvian_spider_monkey__AC/20240406_061723.wav,ac,21.5481179138322,True
/home/fcandia/tesis-primate/data/raw/peruvian_spider_monkey__AC/20240406_061744.wav,ac,19.82984126984127,True
/home/fcandia/tesis-primate/data/raw/peruvian_spider_monkey__AC/20240406_061848.wav,ac,32.76335600907029,True
/home/fcandia/tesis-primate/data/raw/peruvian_spider_monkey__AC/20240406_061932.wav,ac,33.50639455782313,True
/home/fcandia/tesis-primate/data/raw/peruvian_spider_monkey__AC/20240406_062036.wav,ac,32.71691609977324,True
/home/fcandia/tesis-primate/data/raw/peruvian_spider_monkey__AC/20240406_062107.wav,ac,36.1534693877551,True
/home/fcandia/tesis-primate/data/raw/peruvian_spider_monkey__AC/20240406_062211.wav,ac,39.21850340136054,True
/home/fcandia/tesis-primate/data/raw/peruvian_spider_monkey__AC/20240406_062308.wav,ac,22.01251700680272,True
/home/fcandia/tesis-primate/data/raw/peruvian_spider_monkey__AC/20240406_062648.wav,ac,31.37015873015873,True
/home/fcandia/tesis-primate/data/raw/peruvian_spider_monkey__AC/20240406_062729.wav,ac,38.846984126984125,True
/home/fcandia/tesis-primate/data/raw/peruvian_spider_monkey__AC/20240406_062914.wav,ac,12.422675736961452,True
/home/fcandia/tesis-primate/data/raw/peruvian_spider_monkey__AC/20240406_063028.wav,ac,27.46920634920635,True
/home/fcandia/tesis-primate/data/raw/peruvian_spider_monkey__AC/20240406_063607.wav,ac,60.25578231292517,True
/home/fcandia/tesis-primate/data/raw/peruvian_spider_monkey__AC/20240406_063733.wav,ac,38.05750566893424,True
/home/fcandia/tesis-primate/data/raw/peruvian_spider_monkey__AC/20240406_065211.wav,ac,10.425759637188209,True
/home/fcandia/tesis-primate/data/raw/peruvian_spider_monkey__AC/20240409_063135.wav,ac,12.463310657596372,True
/home/fcandia/tesis-primate/data/raw/peruvian_spider_monkey__AC/20240409_064044.wav,ac,8.7481179138322,False
/home/fcandia/tesis-primate/data/raw/peruvian_spider_monkey__AC/20240417_070754.wav,ac,11.563537414965987,True
/home/fcandia/tesis-primate/data/raw/peruvian_spider_monkey__AC/20240418_070732.wav,ac,31.207619047619048,True
/home/fcandia/tesis-primate/data/raw/peruvian_spider_monkey__AC/20240418_070812.wav,ac,40.751020408163264,True
/home/fcandia/tesis-primate/data/raw/peruvian_spider_monkey__AC/20240418_070851.wav,ac,30.603900226757368,True
/home/fcandia/tesis-primate/data/raw/peruvian_spider_monkey__AC/20240418_070922.wav,ac,30.743219954648527,True
/home/fcandia/tesis-primate/data/raw/peruvian_spider_monkey__AC/20240418_070952.wav,ac,30.65034013605442,True
/home/fcandia/tesis-primate/data/raw/peruvian_spider_monkey__AC/20240418_071051.wav,ac,31.277278911564625,True
/home/fcandia/tesis-primate/data/raw/peruvian_spider_monkey__AC/20240419_055615.wav,ac,31.579138321995465,True
/home/fcandia/tesis-primate/data/raw/peruvian_spider_monkey__AC/20240419_055932.wav,ac,32.833015873015874,True
/home/fcandia/tesis-primate/data/raw/peruvian_spider_monkey__AC/20240419_060008.wav,ac,31.346938775510203,True
/home/fcandia/tesis-primate/data/raw/peruvian_spider_monkey__AC/20240419_060042.wav,ac,31.60235827664399,True
/home/fcandia/tesis-primate/data/raw/peruvian_spider_monkey__AC/20240419_060128.wav,ac,36.548208616780045,True
/home/fcandia/tesis-primate/data/raw/peruvian_spider_monkey__AC/20240419_060212.wav,ac,31.02185941043084,True
/home/fcandia/tesis-primate/data/raw/peruvian_spider_monkey__AC/20240423_155910.wav,ac,32.70530612244898,True
/home/fcandia/tesis-primate/data/raw/peruvian_spider_monkey__AC/20240423_155942.wav,ac,30.615510204081634,True
/home/fcandia/tesis-primate/data/raw/peruvian_spider_monkey__AC/20240424_161902.wav,ac,37.24480725623583,True
/home/fcandia/tesis-primate/data/raw/peruvian_spider_monkey__AC/20240429_104758.wav,ac,26.308208616780046,True
/home/fcandia/tesis-primate/data/raw/peruvian_spider_monkey__AC/20240429_104828.wav,ac,15.000090702947846,True
/home/fcandia/tesis-primate/data/raw/peruvian_spider_monkey__AC/20240429_104844.wav,ac,23.359274376417233,True
/home/fcandia/tesis-primate/data/raw/peruvian_spider_monkey__AC/20240429_104915.wav,ac,33.22775510204082,True
/home/fcandia/tesis-primate/data/raw/peruvian_spider_monkey__AC/20240429_104951.wav,ac,33.483174603174604,True
/home/fcandia/tesis-primate/data/raw/peruvian_spider_monkey__AC/20240429_105047.wav,ac,30.383310657596372,True
/home/fcandia/tesis-primate/data/raw/peruvian_spider_monkey__AC/20240429_105147.wav,ac,23.521814058956917,True
/home/fcandia/tesis-primate/data/raw/peruvian_spider_monkey__AC/20240429_105239.wav,ac,34.690612244897956,True
/home/fcandia/tesis-primate/data/raw/peruvian_spider_monkey__AC/20240505_172225.wav,ac,52.453877551020405,True
/home/fcandia/tesis-primate/data/raw/peruvian_spider_monkey__AC/20240508_111625.wav,ac,37.73242630385487,True
/home/fcandia/tesis-primate/data/raw/peruvian_spider_monkey__AC/20240508_111701.wav,ac,35.64263038548753,True
/home/fcandia/tesis-primate/data/raw/peruvian_spider_monkey__AC/20240513_163114.wav,ac,46.300589569161,True
/home/fcandia/tesis-primate/data/raw/peruvian_spider_monkey__AC/20240513_163220.wav,ac,46.439909297052154,True
/home/fcandia/tesis-primate/data/raw/peruvian_spider_monkey__AC/20240513_163436.wav,ac,40.91356009070295,True
/home/fcandia/tesis-primate/data/raw/peruvian_spider_monkey__AC/20240513_163528.wav,ac,30.1859410430839,True
/home/fcandia/tesis-primate/data/raw/peruvian_spider_monkey__AC/20240513_164637.wav,ac,39.938321995464854,True
/home/fcandia/tesis-primate/data/raw/peruvian_spider_monkey__AC/20240513_164856.wav,ac,31.184399092970523,True
/home/fcandia/tesis-primate/data/raw/peruvian_spider_monkey__AC/20240522_063701.wav,ac,36.710748299319725,True
/home/fcandia/tesis-primate/data/raw/peruvian_spider_monkey__AC/20240617_151917.wav,ac,29.895691609977323,True
/home/fcandia/tesis-primate/data/raw/peruvian_spider_monkey__AC/20240617_152116.wav,ac,30.174331065759638,True
/home/fcandia/tesis-primate/data/raw/peruvian_spider_monkey__AC/20240617_152230.wav,ac,30.68517006802721,True
/home/fcandia/tesis-primate/data/raw/peruvian_spider_monkey__AC/20240617_152336.wav,ac,40.13569160997732,True
/home/fcandia/tesis-primate/data/raw/peruvian_spider_monkey__AC/20240617_152415.wav,ac,35.02730158730159,True
/home/fcandia/tesis-primate/data/raw/peruvian_spider_monkey__AC/20240617_152449.wav,ac,29.442902494331065,True
/home/fcandia/tesis-primate/data/raw/peruvian_spider_monkey__AC/20240617_152519.wav,ac,29.98857142857143,True
/home/fcandia/tesis-primate/data/raw/peruvian_spider_monkey__AC/20240617_152548.wav,ac,31.045079365079363,True
/home/fcandia/tesis-primate/data/raw/peruvian_spider_monkey__AC/20240622_055422.wav,ac,21.466848072562357,True
/home/fcandia/tesis-primate/data/raw/peruvian_spider_monkey__AC/20240622_060342.wav,ac,30.313650793650794,True
/home/fcandia/tesis-primate/data/raw/peruvian_spider_monkey__AC/20240622_061042.wav,ac,30.87092970521542,True
/home/fcandia/tesis-primate/data/raw/peruvian_spider_monkey__AC/20240805_161610.wav,ac,53.35945578231293,True
/home/fcandia/tesis-primate/data/raw/peruvian_spider_monkey__AC/20240805_162648.wav,ac,107.78702947845805,True
/home/fcandia/tesis-primate/data/raw/peruvian_spider_monkey__AC/20240809_154436.wav,ac,40.84390022675737,True
/home/fcandia/tesis-primate/data/raw/peruvian_spider_monkey__AC/20240809_154640.wav,ac,41.26185941043084,True
/home/fcandia/tesis-primate/data/raw/peruvian_spider_monkey__AC/20240809_154724.wav,ac,25.10077097505669,True
/home/fcandia/tesis-primate/data/raw/peruvian_spider_monkey__AC/20240809_154800.wav,ac,26.122448979591837,True
/home/fcandia/tesis-primate/data/raw/peruvian_spider_monkey__AC/20240812_081914.wav,ac,39.19528344671202,True
/home/fcandia/tesis-primate/data/raw/peruvian_spider_monkey__AC/20240816_161041.wav,ac,13.02639455782313,True
/home/fcandia/tesis-primate/data/raw/peruvian_spider_monkey__AC/20240816_161100.wav,ac,14.419591836734694,True
/home/fcandia/tesis-primate/data/raw/peruvian_spider_monkey__AC/20240816_161149.wav,ac,37.29124716553288,True
/home/fcandia/tesis-primate/data/raw/peruvian_spider_monkey__AC/20240816_161242.wav,ac,117.72517006802721,True
/home/fcandia/tesis-primate/data/raw/peruvian_spider_monkey__AC/20240823_073245.wav,ac,11.517097505668934,True
/home/fcandia/tesis-primate/data/raw/peruvian_spider_monkey__AC/20240823_073344.wav,ac,10.983038548752834,True
/home/fcandia/tesis-primate/data/raw/peruvian_spider_monkey__AC/20240826_163525.wav,ac,78.7156462585034,True
/home/fcandia/tesis-primate/data/raw/peruvian_spider_monkey__AC/20240830_104442.wav,ac,32.96072562358277,True
/home/fcandia/tesis-primate/data/raw/peruvian_spider_monkey__AC/20240830_104520.wav,ac,34.307482993197276,True
/home/fcandia/tesis-primate/data/raw/peruvian_spider_monkey__AC/20240830_112651.wav,ac,30.95219954648526,True
/home/fcandia/tesis-primate/data/raw/peruvian_spider_monkey__AC/20240830_112800.wav,ac,39.566802721088436,True
/home/fcandia/tesis-primate/data/raw/peruvian_spider_monkey__AC/20240830_112948.wav,ac,35.898049886621315,True
/home/fcandia/tesis-primate/data/raw/peruvian_spider_monkey__AC/20240830_113218.wav,ac,36.52498866213152,True
/home/fcandia/tesis-primate/data/raw/peruvian_spider_monkey__AC/20240830_113330.wav,ac,33.065215419501136,True
/home/fcandia/tesis-primate/data/raw/peruvian_spider_monkey__AC/20240830_113511.wav,ac,36.36244897959184,True
/home/fcandia/tesis-primate/data/raw/peruvian_spider_monkey__AC/20240830_113636.wav,ac,30.743219954648527,True
/home/fcandia/tesis-primate/data/raw/peruvian_spider_monkey__AC/20240830_113742.wav,ac,32.92589569160998,True
/home/fcandia/tesis-primate/data/raw/peruvian_spider_monkey__AC/20240909_085612.wav,ac,4.39437641723356,True
/home/fcandia/tesis-primate/data/raw/peruvian_spider_monkey__AC/20240909_090026.wav,ac,10.425759637188209,True
/home/fcandia/tesis-primate/data/raw/peruvian_spider_monkey__AC/20240909_090034.wav,ac,10.62312925170068,True
/home/fcandia/tesis-primate/data/raw/peruvian_spider_monkey__AC/20240909_090044.wav,ac,10.924988662131518,True
/home/fcandia/tesis-primate/data/raw/peruvian_spider_monkey__AC/20240909_090056.wav,ac,11.412607709750567,True
/home/fcandia/tesis-primate/data/raw/peruvian_spider_monkey__AC/20240909_090108.wav,ac,10.62312925170068,True
/home/fcandia/tesis-primate/data/raw/peruvian_spider_monkey__AC/20240909_090117.wav,ac,10.599909297052154,True
/home/fcandia/tesis-primate/data/raw/peruvian_spider_monkey__AC/20240909_090129.wav,ac,14.97687074829932,True
/home/fcandia/tesis-primate/data/raw/peruvian_spider_monkey__AC/20240909_090143.wav,ac,9.624671201814058,True
/home/fcandia/tesis-primate/data/raw/peruvian_spider_monkey__AC/20240909_090153.wav,ac,7.778684807256236,True
/home/fcandia/tesis-primate/data/raw/peruvian_spider_monkey__AC/20240909_090201.wav,ac,2.1652607709750566,True
/home/fcandia/tesis-primate/data/raw/peruvian_spider_monkey__AC/20240909_090208.wav,ac,2.3103854875283445,True
/home/fcandia/tesis-primate/data/raw/peruvian_spider_monkey__AC/20240909_090212.wav,ac,10.588299319727891,True
/home/fcandia/tesis-primate/data/raw/peruvian_spider_monkey__AC/20240909_090301.wav,ac,17.519455782312924,True
/home/fcandia/tesis-primate/data/raw/peruvian_spider_monkey__AC/20240909_090357.wav,ac,13.688163265306123,True
/home/fcandia/tesis-primate/data/raw/peruvian_spider_monkey__AC/20240911_061907.wav,ac,45.66204081632653,True
/home/fcandia/tesis-primate/data/raw/peruvian_spider_monkey__AC/20240913_091231.wav,ac,22.267936507936508,True
/home/fcandia/tesis-primate/data/raw/peruvian_spider_monkey__AC/20240913_091251.wav,ac,22.6162358276644,True
/home/fcandia/tesis-primate/data/raw/peruvian_spider_monkey__AC/20240913_091322.wav,ac,23.312834467120183,True
/home/fcandia/tesis-primate/data/raw/peruvian_spider_monkey__AC/20240913_091420.wav,ac,29.58222222222222,True
/home/fcandia/tesis-primate/data/raw/peruvian_spider_monkey__AC/20240916_090140.wav,ac,6.710566893424036,True
/home/fcandia/tesis-primate/data/raw/peruvian_spider_monkey__AC/20240916_090452.wav,ac,17.252426303854875,True
/home/fcandia/tesis-primate/data/raw/peruvian_spider_monkey__AC/20241002_060325.wav,ac,11.668027210884354,True
/home/fcandia/tesis-primate/data/raw/peruvian_spider_monkey__AC/20241002_060621.wav,ac,19.736961451247165,True
/home/fcandia/tesis-primate/data/raw/peruvian_spider_monkey__AC/20241002_060859.wav,ac,13.583673469387755,True
/home/fcandia/tesis-primate/data/raw/peruvian_spider_monkey__AC/20241002_060934.wav,ac,17.252426303854875,True
/home/fcandia/tesis-primate/data/raw/peruvian_spider_monkey__AC/20241002_061134.wav,ac,21.966077097505668,True
/home/fcandia/tesis-primate/data/raw/peruvian_spider_monkey__AC/20241002_065023.wav,ac,13.978412698412699,True
/home/fcandia/tesis-primate/data/raw/peruvian_spider_monkey__AC/20241002_065226.wav,ac,12.747755102040816,True
/home/fcandia/tesis-primate/data/raw/peruvian_spider_monkey__AC/20241004_053209.wav,ac,15.139410430839002,True
/home/fcandia/tesis-primate/data/raw/peruvian_spider_monkey__AC/20241004_053736.wav,ac,12.84063492063492,True
/home/fcandia/tesis-primate/data/raw/peruvian_spider_monkey__AC/20241004_053803.wav,ac,15.32517006802721,True
/home/fcandia/tesis-primate/data/raw/peruvian_spider_monkey__AC/20241004_053821.wav,ac,15.394829931972788,True
/home/fcandia/tesis-primate/data/raw/peruvian_spider_monkey__AC/20241004_053904.wav,ac,19.17968253968254,True
/home/fcandia/tesis-primate/data/raw/peruvian_spider_monkey__AC/20241004_054055.wav,ac,11.400997732426303,True
/home/fcandia/tesis-primate/data/raw/peruvian_spider_monkey__AC/20241004_054555.wav,ac,6.768616780045352,True
/home/fcandia/tesis-primate/data/raw/peruvian_spider_monkey__AC/20241004_060706.wav,ac,9.032562358276644,True
/home/fcandia/tesis-primate/data/raw/peruvian_spider_monkey__AC/20241013_161645.wav,ac,14.164172335600908,True
/home/fcandia/tesis-primate/data/raw/peruvian_spider_monkey__AC/20241013_161843.wav,ac,17.345306122448978,True
/home/fcandia/tesis-primate/data/raw/peruvian_spider_monkey__AC/20241016_075924.wav,ac,16.091428571428573,True
/home/fcandia/tesis-primate/data/raw/peruvian_spider_monkey__AC/20241016_080027.wav,ac,16.34684807256236,True
/home/fcandia/tesis-primate/data/raw/peruvian_spider_monkey__AC/20241016_080205.wav,ac,10.750839002267574,True
/home/fcandia/tesis-primate/data/raw/peruvian_spider_monkey__AC/20241020_103321.wav,ac,26.958367346938775,True
/home/fcandia/tesis-primate/data/raw/peruvian_spider_monkey__AC/20241020_103406.wav,ac,30.812879818594105,True
/home/fcandia/tesis-primate/data/raw/peruvian_spider_monkey__AC/20241020_103924.wav,ac,25.93668934240363,True
/home/fcandia/tesis-primate/data/raw/peruvian_spider_monkey__AC/20241020_104037.wav,ac,44.76807256235828,True
/home/fcandia/tesis-primate/data/raw/peruvian_spider_monkey__AC/20241021_052711.wav,ac,28.46766439909297,True
/home/fcandia/tesis-primate/data/raw/peruvian_spider_monkey__AC/20241021_052855.wav,ac,28.46766439909297,True
/home/fcandia/tesis-primate/data/raw/peruvian_spider_monkey__AC/20241021_053155.wav,ac,60.232562358276645,True
/home/fcandia/tesis-primate/data/raw/peruvian_spider_monkey__AC/20241028_154256.wav,ac,6.03718820861678,True
/home/fcandia/tesis-primate/data/raw/peruvian_spider_monkey__AC/20241028_154312.wav,ac,5.50312925170068,True
/home/fcandia/tesis-primate/data/raw/peruvian_spider_monkey__AC/20241028_154329.wav,ac,5.688888888888889,True
/home/fcandia/tesis-primate/data/raw/peruvian_spider_monkey__AC/20241028_154356.wav,ac,10.298049886621316,True
/home/fcandia/tesis-primate/data/raw/peruvian_spider_monkey__AC/20241028_154408.wav,ac,12.19047619047619,True
/home/fcandia/tesis-primate/data/raw/peruvian_spider_monkey__AC/20241028_154430.wav,ac,16.718367346938777,True
/home/fcandia/tesis-primate/data/raw/peruvian_spider_monkey__AC/20241028_154512.wav,ac,18.483083900226756,True
/home/fcandia/tesis-primate/data/raw/peruvian_spider_monkey__AC/20241028_154536.wav,ac,19.806621315192743,True
/home/fcandia/tesis-primate/data/raw/peruvian_spider_monkey__AC/20241028_154618.wav,ac,10.448979591836734,True
/home/fcandia/tesis-primate/data/raw/peruvian_spider_monkey__AC/20241028_154721.wav,ac,15.441269841269841,True
/home/fcandia/tesis-primate/data/raw/peruvian_spider_monkey__AC/20241028_154735.wav,ac,13.56045351473923,True
/home/fcandia/tesis-primate/data/raw/peruvian_spider_monkey__AC/20241028_154815.wav,ac,11.099138321995465,True
/home/fcandia/tesis-primate/data/raw/peruvian_spider_monkey__AC/20241028_154936.wav,ac,32.08997732426304,True
/home/fcandia/tesis-primate/data/raw/peruvian_spider_monkey__AC/20241028_155016.wav,ac,14.140952380952381,True
/home/fcandia/tesis-primate/data/raw/peruvian_spider_monkey__AC/20241028_155028.wav,ac,8.614603174603175,True
/home/fcandia/tesis-primate/data/raw/peruvian_spider_monkey__AC/20241028_155402.wav,ac,13.270204081632652,True
/home/fcandia/tesis-primate/data/raw/peruvian_spider_monkey__AC/20241028_155415.wav,ac,7.337505668934241,True
/home/fcandia/tesis-primate/data/raw/peruvian_spider_monkey__AC/20241028_155423.wav,ac,12.399455782312925,True
/home/fcandia/tesis-primate/data/raw/peruvian_spider_monkey__AC/20241028_155435.wav,ac,11.400997732426303,True
/home/fcandia/tesis-primate/data/raw/peruvian_spider_monkey__AC/20241028_155448.wav,ac,6.617687074829932,True
/home/fcandia/tesis-primate/data/raw/peruvian_spider_monkey__AC/20241028_155548.wav,ac,25.391020408163264,True
/home/fcandia/tesis-primate/data/raw/peruvian_spider_monkey__AC/20241028_155623.wav,ac,22.54657596371882,True
/home/fcandia/tesis-primate/data/raw/peruvian_spider_monkey__AC/20241028_155643.wav,ac,13.978412698412699,True
/home/fcandia/tesis-primate/data/raw/peruvian_spider_monkey__AC/20241028_155659.wav,ac,16.068208616780044,True
/home/fcandia/tesis-primate/data/raw/peruvian_spider_monkey__AC/20241028_155917.wav,ac,24.98467120181406,True
/home/fcandia/tesis-primate/data/raw/peruvian_spider_monkey__AC/20241029_092003.wav,ac,15.464489795918368,True
/home/fcandia/tesis-primate/data/raw/peruvian_spider_monkey__AC/20241029_092016.wav,ac,8.661043083900227,True
/home/fcandia/tesis-primate/data/raw/peruvian_spider_monkey__AC/20241029_092031.wav,ac,12.678095238095239,True
/home/fcandia/tesis-primate/data/raw/peruvian_spider_monkey__AC/20241029_092043.wav,ac,17.41496598639456,True
/home/fcandia/tesis-primate/data/raw/peruvian_spider_monkey__AC/20241029_092115.wav,ac,29.559002267573696,True
/home/fcandia/tesis-primate/data/raw/peruvian_spider_monkey__AC/20241029_092215.wav,ac,23.637913832199548,True
/home/fcandia/tesis-primate/data/raw/peruvian_spider_monkey__AC/20241029_092503.wav,ac,13.25859410430839,True
/home/fcandia/tesis-primate/data/raw/peruvian_spider_monkey__AC/20241029_162003.wav,ac,10.65795918367347,True
/home/fcandia/tesis-primate/data/raw/peruvian_spider_monkey__AC/20241029_162144.wav,ac,11.377777777777778,True
/home/fcandia/tesis-primate/data/raw/peruvian_spider_monkey__AC/20241029_162235.wav,ac,13.885532879818594,True
/home/fcandia/tesis-primate/data/raw/peruvian_spider_monkey__AC/20241029_162247.wav,ac,20.387120181405894,True
/home/fcandia/tesis-primate/data/raw/peruvian_spider_monkey__AC/20241029_162446.wav,ac,22.50013605442177,True
/home/fcandia/tesis-primate/data/raw/peruvian_spider_monkey__AC/20241029_162550.wav,ac,13.444353741496599,True
/home/fcandia/tesis-primate/data/raw/peruvian_spider_monkey__AC/20241029_162604.wav,ac,30.34848072562358,True
/home/fcandia/tesis-primate/data/raw/peruvian_spider_monkey__AC/20241029_162854.wav,ac,11.3081179138322,True
/home/fcandia/tesis-primate/data/raw/peruvian_spider_monkey__AC/20241029_163144.wav,ac,14.396371882086168,True
/home/fcandia/tesis-primate/data/raw/peruvian_spider_monkey__AC/20241029_163416.wav,ac,7.63936507936508,True
/home/fcandia/tesis-primate/data/raw/peruvian_spider_monkey__AC/20241029_163445.wav,ac,14.512471655328799,True
/home/fcandia/tesis-primate/data/raw/peruvian_spider_monkey__AC/20241030_081339.wav,ac,24.23002267573696,True
/home/fcandia/tesis-primate/data/raw/peruvian_spider_monkey__AC/20241030_081642.wav,ac,9.543401360544218,True
/home/fcandia/tesis-primate/data/raw/peruvian_spider_monkey__AC/20241030_081848.wav,ac,12.538775510204081,True
/home/fcandia/tesis-primate/data/raw/peruvian_spider_monkey__AC/20241031_085857.wav,ac,9.566621315192744,True
/home/fcandia/tesis-primate/data/raw/peruvian_spider_monkey__AC/20241031_085906.wav,ac,5.270929705215419,True
/home/fcandia/tesis-primate/data/raw/peruvian_spider_monkey__AC/20241031_090624.wav,ac,7.685804988662132,True
/home/fcandia/tesis-primate/data/raw/peruvian_spider_monkey__AC/20241031_090724.wav,ac,5.712108843537415,True
/home/fcandia/tesis-primate/data/raw/peruvian_spider_monkey__AC/20241031_090808.wav,ac,12.72453514739229,True
/home/fcandia/tesis-primate/data/raw/peruvian_spider_monkey__AC/20241031_090847.wav,ac,9.05578231292517,True
/home/fcandia/tesis-primate/data/raw/peruvian_spider_monkey__AC/20241031_090856.wav,ac,16.23074829931973,True
/home/fcandia/tesis-primate/data/raw/peruvian_spider_monkey__AC/20241031_090931.wav,ac,9.566621315192744,True
/home/fcandia/tesis-primate/data/raw/peruvian_spider_monkey__AC/20241031_091002.wav,ac,13.79265306122449,True
/home/fcandia/tesis-primate/data/raw/peruvian_spider_monkey__AC/20241031_091200.wav,ac,8.730702947845804,True
/home/fcandia/tesis-primate/data/raw/peruvian_spider_monkey__AC/20241106_083703.wav,ac,40.751020408163264,True
/home/fcandia/tesis-primate/data/raw/peruvian_spider_monkey__AC/20241106_083856.wav,ac,38.37097505668934,True
/home/fcandia/tesis-primate/data/raw/peruvian_spider_monkey__AC/20241106_084036.wav,ac,31.393378684807256,True
/home/fcandia/tesis-primate/data/raw/peruvian_spider_monkey__AC/20241106_084107.wav,ac,20.514829931972788,True
/home/fcandia/tesis-primate/data/raw/peruvian_spider_monkey__AC/20241106_084131.wav,ac,30.34848072562358,True
/home/fcandia/tesis-primate/data/raw/peruvian_spider_monkey__AC/20241106_084204.wav,ac,30.53424036281179,True
/home/fcandia/tesis-primate/data/raw/peruvian_spider_monkey__AC/20241106_084233.wav,ac,31.21922902494331,True
/home/fcandia/tesis-primate/data/raw/peruvian_spider_monkey__AC/20241128_054728.wav,ac,13.25859410430839,True
/home/fcandia/tesis-primate/data/raw/peruvian_spider_monkey__AC/20241128_054740.wav,ac,18.970702947845805,True
/home/fcandia/tesis-primate/data/raw/peruvian_spider_monkey__AC/20241128_054801.wav,ac,47.09006802721088,True
/home/fcandia/tesis-primate/data/raw/peruvian_spider_monkey__AC/20241128_060026.wav,ac,19.99238095238095,True
/home/fcandia/tesis-primate/data/raw/peruvian_spider_monkey__AC/20241128_060104.wav,ac,68.59174603174603,True
/home/fcandia/tesis-primate/data/raw/peruvian_spider_monkey__AC/20241128_060211.wav,ac,17.136326530612244,True
/home/fcandia/tesis-primate/data/raw/peruvian_spider_monkey__AC/20241128_060816.wav,ac,24.2184126984127,True
/home/fcandia/tesis-primate/data/raw/peruvian_spider_monkey__AC/20241128_060838.wav,ac,16.555827664399093,True
/home/fcandia/tesis-primate/data/raw/peruvian_spider_monkey__AC/20241226_095856.wav,ac,31.277278911564625,True
/home/fcandia/tesis-primate/data/raw/peruvian_spider_monkey__AC/20241226_100104.wav,ac,25.843809523809522,True
/home/fcandia/tesis-primate/data/raw/peruvian_spider_monkey__AC/20241226_100133.wav,ac,38.40580498866213,True
/home/fcandia/tesis-primate/data/raw/peruvian_spider_monkey__AC/20241226_100228.wav,ac,46.602448979591834,True
/home/fcandia/tesis-primate/data/raw/peruvian_spider_monkey__AC/20241226_100334.wav,ac,30.882539682539683,True
/home/fcandia/tesis-primate/data/raw/peruvian_spider_monkey__AC/20241226_100422.wav,ac,44.257233560090704,True
/home/fcandia/tesis-primate/data/raw/peruvian_spider_monkey__AC/20241226_100628.wav,ac,30.53424036281179,True
/home/fcandia/tesis-primate/data/raw/peruvian_spider_monkey__AC/20241226_100748.wav,ac,30.511020408163265,True
/home/fcandia/tesis-primate/data/raw/peruvian_spider_monkey__AC/20241226_100823.wav,ac,35.68907029478458,True
/home/fcandia/tesis-primate/data/raw/peruvian_spider_monkey__AC/20241226_100857.wav,ac,31.161179138321994,True
/home/fcandia/tesis-primate/data/raw/peruvian_spider_monkey__AC/20241226_100949.wav,ac,19.620861678004534,True
/home/fcandia/tesis-primate/data/raw/peruvian_spider_monkey__AC/20241226_101050.wav,ac,25.98312925170068,True
/home/fcandia/tesis-primate/data/raw/peruvian_spider_monkey__AC/20241226_101133.wav,ac,30.696780045351474,True
/home/fcandia/tesis-primate/data/raw/peruvian_spider_monkey__AC/20241226_101204.wav,ac,15.348390022675737,True
/home/fcandia/tesis-primate/data/raw/peruvian_spider_monkey__AC/20241226_101228.wav,ac,32.20607709750567,True
/home/fcandia/tesis-primate/data/raw/peruvian_spider_monkey__AC/20241226_101301.wav,ac,14.605351473922903,True
/home/fcandia/tesis-primate/data/raw/peruvian_spider_monkey__AC/20250201_085342.wav,ac,8.870022675736962,True
/home/fcandia/tesis-primate/data/raw/peruvian_spider_monkey__AC/20250211_083430.wav,ac,11.853786848072563,True
/home/fcandia/tesis-primate/data/raw/peruvian_spider_monkey__AC/20250211_083443.wav,ac,15.650249433106575,True
/home/fcandia/tesis-primate/data/raw/peruvian_spider_monkey__AC/20250211_083533.wav,ac,11.400997732426303,True
/home/fcandia/tesis-primate/data/raw/peruvian_spider_monkey__AC/20250227_061430.wav,ac,19.551201814058956,True
/home/fcandia/tesis-primate/data/raw/peruvian_spider_monkey__AC/20250227_061447.wav,ac,23.56825396825397,True
/home/fcandia/tesis-primate/data/raw/peruvian_spider_monkey__AC/20250227_061511.wav,ac,21.269478458049885,True
/home/fcandia/tesis-primate/data/raw/peruvian_spider_monkey__AC/20250227_061532.wav,ac,17.531065759637187,True
/home/fcandia/tesis-primate/data/raw/peruvian_spider_monkey__AC/20250330_084849.wav,ac,12.120816326530612,False
/home/fcandia/tesis-primate/data/raw/peruvian_spider_monkey__AC/20250330_084903.wav,ac,7.662585034013605,False
/home/fcandia/tesis-primate/data/raw/peruvian_spider_monkey__AC/20250330_091931.wav,ac,6.594467120181406,False
/home/fcandia/tesis-primate/data/raw/peruvian_spider_monkey__AC/20250330_091939.wav,ac,12.84063492063492,False
/home/fcandia/tesis-primate/data/raw/peruvian_spider_monkey__AC/20250330_092011.wav,ac,9.032562358276644,False
/home/fcandia/tesis-primate/data/raw/peruvian_spider_monkey__AC/20250330_092039.wav,ac,8.777142857142858,False
/home/fcandia/tesis-primate/data/raw/peruvian_spider_monkey__AC/20250330_092046.wav,ac,10.843718820861678,False
/home/fcandia/tesis-primate/data/raw/peruvian_spider_monkey__AC/20250330_092121.wav,ac,11.981496598639456,False
/home/fcandia/tesis-primate/data/raw/peruvian_spider_monkey__AC/20250330_092451.wav,ac,12.631655328798185,False
/home/fcandia/tesis-primate/data/raw/peruvian_spider_monkey__AC/20250330_092512.wav,ac,8.475283446712018,False
/home/fcandia/tesis-primate/data/raw/peruvian_spider_monkey__AC/20250330_092528.wav,ac,15.650249433106575,False
/home/fcandia/tesis-primate/data/raw/peruvian_spider_monkey__AC/20250330_092854.wav,ac,4.365351473922902,False
/home/fcandia/tesis-primate/data/raw/peruvian_spider_monkey__AC/20250330_092906.wav,ac,11.029478458049887,False
/home/fcandia/tesis-primate/data/raw/peruvian_spider_monkey__AC/241204_0709.wav,ac,5.376,True
/home/fcandia/tesis-primate/data/raw/peruvian_spider_monkey__AC/241204_0713 (2).wav,ac,30.528,True
/home/fcandia/tesis-primate/data/raw/peruvian_spider_monkey__AC/E and lower/20231214_0602.wav,ac,790.7787755102041,False
/home/fcandia/tesis-primate/data/raw/peruvian_spider_monkey__AC/E and lower/20231214_0611.wav,ac,472.58122448979594,False
/home/fcandia/tesis-primate/data/raw/peruvian_spider_monkey__AC/E and lower/20231215_0638.wav,ac,97.67183673469388,False
/home/fcandia/tesis-primate/data/raw/peruvian_spider_monkey__AC/E and lower/20231215_0649.wav,ac,82.36408163265307,False
/home/fcandia/tesis-primate/data/raw/peruvian_spider_monkey__AC/E and lower/20231215_0652.wav,ac,146.5730612244898,False
/home/fcandia/tesis-primate/data/raw/peruvian_spider_monkey__AC/E and lower/20231215_0656.wav,ac,67.94448979591837,False
/home/fcandia/tesis-primate/data/raw/peruvian_spider_monkey__AC/E and lower/20231215_0657.wav,ac,80.66612244897959,False
/home/fcandia/tesis-primate/data/raw/peruvian_spider_monkey__AC/E and lower/20231215_0701.wav,ac,76.09469387755102,False
/home/fcandia/tesis-primate/data/raw/peruvian_spider_monkey__AC/E and lower/20231221_0532.wav,ac,83.48734693877552,False
/home/fcandia/tesis-primate/data/raw/peruvian_spider_monkey__AC/E and lower/20231221_0533.wav,ac,60.734693877551024,False
/home/fcandia/tesis-primate/data/raw/peruvian_spider_monkey__AC/E and lower/20231221_0536.wav,ac,81.76326530612245,False
/home/fcandia/tesis-primate/data/raw/peruvian_spider_monkey__AC/E and lower/20231227_163705.wav,ac,116.04172335600907,False
/home/fcandia/tesis-primate/data/raw/peruvian_spider_monkey__AC/E and lower/20231227_165043.wav,ac,82.16380952380952,False
/home/fcandia/tesis-primate/data/raw/peruvian_spider_monkey__AC/E and lower/20231227_165309.wav,ac,168.54204081632653,False
/home/fcandia/tesis-primate/data/raw/peruvian_spider_monkey__AC/E and lower/20231227_165752.wav,ac,88.81632653061224,False
/home/fcandia/tesis-primate/data/raw/peruvian_spider_monkey__AC/E and lower/20231227_170013.wav,ac,109.47047619047619,False
/home/fcandia/tesis-primate/data/raw/peruvian_spider_monkey__AC/E and lower/20231227_171152.wav,ac,50.03900226757369,False
/home/fcandia/tesis-primate/data/raw/peruvian_spider_monkey__AC/E and lower/20240109_061935.wav,ac,63.93614512471655,False
/home/fcandia/tesis-primate/data/raw/peruvian_spider_monkey__AC/E and lower/20240109_062055.wav,ac,70.32163265306123,False
/home/fcandia/tesis-primate/data/raw/peruvian_spider_monkey__AC/E and lower/20240109_062210.wav,ac,79.9695238095238,False
/home/fcandia/tesis-primate/data/raw/peruvian_spider_monkey__AC/E and lower/20240109_062842.wav,ac,164.21151927437643,False
/home/fcandia/tesis-primate/data/raw/peruvian_spider_monkey__AC/E and lower/20240109_063158.wav,ac,95.91002267573697,False
/home/fcandia/tesis-primate/data/raw/peruvian_spider_monkey__AC/E and lower/20240109_063513.wav,ac,41.37795918367347,False
/home/fcandia/tesis-primate/data/raw/peruvian_spider_monkey__AC/E and lower/20240109_063956.wav,ac,48.66902494331066,False
/home/fcandia/tesis-primate/data/raw/peruvian_spider_monkey__AC/E and lower/20240109_065200.wav,ac,47.809886621315194,False
/home/fcandia/tesis-primate/data/raw/peruvian_spider_monkey__AC/E and lower/20240109_065303.wav,ac,152.64798185941044,False
/home/fcandia/tesis-primate/data/raw/peruvian_spider_monkey__AC/E and lower/20240109_070225.wav,ac,56.20390022675737,False
/home/fcandia/tesis-primate/data/raw/peruvian_spider_monkey__AC/E and lower/20240109_071951.wav,ac,77.99582766439909,False
/home/fcandia/tesis-primate/data/raw/peruvian_spider_monkey__AC/E and lower/20240109_072204.wav,ac,64.17995464852608,False
/home/fcandia/tesis-primate/data/raw/peruvian_spider_monkey__AC/E and lower/20240109_072942.wav,ac,48.39038548752834,False
/home/fcandia/tesis-primate/data/raw/peruvian_spider_monkey__AC/E and lower/20240109_073126.wav,ac,48.8431746031746,False
/home/fcandia/tesis-primate/data/raw/peruvian_spider_monkey__AC/E and lower/20240109_073827.wav,ac,15.116190476190477,False
/home/fcandia/tesis-primate/data/raw/peruvian_spider_monkey__AC/E and lower/20240109_074448.wav,ac,16.172698412698413,False
/home/fcandia/tesis-primate/data/raw/peruvian_spider_monkey__AC/E and lower/20240109_074627.wav,ac,33.63410430839002,False
/home/fcandia/tesis-primate/data/raw/peruvian_spider_monkey__AC/E and lower/20240109_074703.wav,ac,63.715555555555554,False
/home/fcandia/tesis-primate/data/raw/peruvian_spider_monkey__AC/E and lower/20240109_074817.wav,ac,46.42829931972789,False
/home/fcandia/tesis-primate/data/raw/peruvian_spider_monkey__AC/E and lower/20240109_075327.wav,ac,28.11936507936508,False
/home/fcandia/tesis-primate/data/raw/peruvian_spider_monkey__AC/E and lower/20240109_080051.wav,ac,35.16662131519274,False
/home/fcandia/tesis-primate/data/raw/peruvian_spider_monkey__AC/E and lower/20240110_0524.wav,ac,50.80816326530612,False
/home/fcandia/tesis-primate/data/raw/peruvian_spider_monkey__AC/E and lower/20240113_0550.wav,ac,105.69,False
/home/fcandia/tesis-primate/data/raw/peruvian_spider_monkey__AC/E and lower/20240113_0554.wav,ac,33.717,False
/home/fcandia/tesis-primate/data/raw/peruvian_spider_monkey__AC/E and lower/20240113_0609.wav,ac,46.551,True
/home/fcandia/tesis-primate/data/raw/peruvian_spider_monkey__AC/E and lower/20240113_0634.wav,ac,44.109,False
/home/fcandia/tesis-primate/data/raw/peruvian_spider_monkey__AC/E and lower/20240113_0636.wav,ac,27.402,False
/home/fcandia/tesis-primate/data/raw/peruvian_spider_monkey__AC/E and lower/20240113_0812.wav,ac,15.798,True
/home/fcandia/tesis-primate/data/raw/peruvian_spider_monkey__AC/E and lower/20240113_0819.wav,ac,138.315,False
/home/fcandia/tesis-primate/data/raw/peruvian_spider_monkey__AC/E and lower/20240113_0822.wav,ac,31.755,True
/home/fcandia/tesis-primate/data/raw/peruvian_spider_monkey__AC/E and lower/20240113_0826.wav,ac,64.287,False
/home/fcandia/tesis-primate/data/raw/peruvian_spider_monkey__AC/E and lower/20240117_060959.wav,ac,41.56371882086168,False
/home/fcandia/tesis-primate/data/raw/peruvian_spider_monkey__AC/E and lower/20240117_061936.wav,ac,17.333696145124716,False
/home/fcandia/tesis-primate/data/raw/peruvian_spider_monkey__AC/E and lower/20240117_062508.wav,ac,23.510204081632654,False
/home/fcandia/tesis-primate/data/raw/peruvian_spider_monkey__AC/E and lower/20240117_063838.wav,ac,11.447437641723356,False
/home/fcandia/tesis-primate/data/raw/peruvian_spider_monkey__AC/E and lower/20240117_064529.wav,ac,17.69360544217687,False
/home/fcandia/tesis-primate/data/raw/peruvian_spider_monkey__AC/E and lower/20240117_064819.wav,ac,24.752471655328797,False
/home/fcandia/tesis-primate/data/raw/peruvian_spider_monkey__AC/E and lower/20240117_064846.wav,ac,24.52027210884354,False
/home/fcandia/tesis-primate/data/raw/peruvian_spider_monkey__AC/E and lower/20240117_064916.wav,ac,23.04580498866213,False
/home/fcandia/tesis-primate/data/raw/peruvian_spider_monkey__AC/E and lower/20240117_064944.wav,ac,53.63809523809524,False
/home/fcandia/tesis-primate/data/raw/peruvian_spider_monkey__AC/E and lower/20240117_065108.wav,ac,21.21142857142857,False
/home/fcandia/tesis-primate/data/raw/peruvian_spider_monkey__AC/E and lower/20240117_065128.wav,ac,19.52798185941043,False
/home/fcandia/tesis-primate/data/raw/peruvian_spider_monkey__AC/E and lower/20240117_065410.wav,ac,16.370068027210884,False
/home/fcandia/tesis-primate/data/raw/peruvian_spider_monkey__AC/E and lower/20240117_070330.wav,ac,15.220680272108844,False
/home/fcandia/tesis-primate/data/raw/peruvian_spider_monkey__AC/E and lower/20240117_070421.wav,ac,38.23165532879818,False
/home/fcandia/tesis-primate/data/raw/peruvian_spider_monkey__AC/E and lower/20240117_071316.wav,ac,8.777142857142858,False
/home/fcandia/tesis-primate/data/raw/peruvian_spider_monkey__AC/E and lower/20240119_055703.wav,ac,68.24344671201814,False
/home/fcandia/tesis-primate/data/raw/peruvian_spider_monkey__AC/E and lower/20240119_061629.wav,ac,49.71392290249433,False
/home/fcandia/tesis-primate/data/raw/peruvian_spider_monkey__AC/E and lower/20240119_063511.wav,ac,12.979954648526077,False
/home/fcandia/tesis-primate/data/raw/peruvian_spider_monkey__AC/E and lower/20240119_064520.wav,ac,7.90639455782313,False
/home/fcandia/tesis-primate/data/raw/peruvian_spider_monkey__AC/E and lower/20240120_053210.wav,ac,108.22820861678005,False
/home/fcandia/tesis-primate/data/raw/peruvian_spider_monkey__AC/E and lower/20240120_054302.wav,ac,80.64290249433107,False
/home/fcandia/tesis-primate/data/raw/peruvian_spider_monkey__AC/E and lower/20240120_054423.wav,ac,11.749297052154194,False
/home/fcandia/tesis-primate/data/raw/peruvian_spider_monkey__AC/E and lower/20240126_165220.wav,ac,6.327437641723356,False
/home/fcandia/tesis-primate/data/raw/peruvian_spider_monkey__AC/E and lower/20240126_165321.wav,ac,21.640997732426303,False
/home/fcandia/tesis-primate/data/raw/peruvian_spider_monkey__AC/E and lower/20240126_165345.wav,ac,15.963718820861677,False
/home/fcandia/tesis-primate/data/raw/peruvian_spider_monkey__AC/E and lower/20240126_165658.wav,ac,9.311201814058958,False
/home/fcandia/tesis-primate/data/raw/peruvian_spider_monkey__AC/E and lower/20240126_170019.wav,ac,8.55655328798186,False
/home/fcandia/tesis-primate/data/raw/peruvian_spider_monkey__AC/E and lower/20240126_171418.wav,ac,22.0821768707483,False
/home/fcandia/tesis-primate/data/raw/peruvian_spider_monkey__AC/E and lower/20240127_165020.wav,ac,40.2053514739229,False
/home/fcandia/tesis-primate/data/raw/peruvian_spider_monkey__AC/E and lower/20240127_165717.wav,ac,17.531065759637187,False
/home/fcandia/tesis-primate/data/raw/peruvian_spider_monkey__AC/E and lower/20240127_170318.wav,ac,9.520181405895691,False
/home/fcandia/tesis-primate/data/raw/peruvian_spider_monkey__AC/E and lower/20240127_172940.wav,ac,11.528707482993198,False
/home/fcandia/tesis-primate/data/raw/peruvian_spider_monkey__AC/E and lower/20240131_060539.wav,ac,18.773333333333333,False
/home/fcandia/tesis-primate/data/raw/peruvian_spider_monkey__AC/E and lower/20240131_060610.wav,ac,18.91265306122449,False
/home/fcandia/tesis-primate/data/raw/peruvian_spider_monkey__AC/E and lower/20240131_061254.wav,ac,92.78693877551021,False
/home/fcandia/tesis-primate/data/raw/peruvian_spider_monkey__AC/E and lower/20240131_061432.wav,ac,69.0097052154195,False
/home/fcandia/tesis-primate/data/raw/peruvian_spider_monkey__AC/E and lower/20240131_061539.wav,ac,59.512743764172335,False
/home/fcandia/tesis-primate/data/raw/peruvian_spider_monkey__AC/E and lower/20240131_074548.wav,ac,51.06068027210885,False
/home/fcandia/tesis-primate/data/raw/peruvian_spider_monkey__AC/E and lower/20240131_074835.wav,ac,58.39818594104308,False
/home/fcandia/tesis-primate/data/raw/peruvian_spider_monkey__AC/E and lower/20240203_071355.wav,ac,16.84607709750567,False
/home/fcandia/tesis-primate/data/raw/peruvian_spider_monkey__AC/E and lower/20240204_071933.wav,ac,44.3849433106576,False
/home/fcandia/tesis-primate/data/raw/peruvian_spider_monkey__AC/E and lower/20240204_072651.wav,ac,128.03482993197278,False
/home/fcandia/tesis-primate/data/raw/peruvian_spider_monkey__AC/E and lower/20240204_072920.wav,ac,50.64272108843537,False
/home/fcandia/tesis-primate/data/raw/peruvian_spider_monkey__AC/E and lower/20240205_112644.wav,ac,5.270929705215419,False
/home/fcandia/tesis-primate/data/raw/peruvian_spider_monkey__AC/E and lower/20240205_112653.wav,ac,23.91655328798186,False
/home/fcandia/tesis-primate/data/raw/peruvian_spider_monkey__AC/E and lower/20240208_163038.wav,ac,36.52498866213152,False
/home/fcandia/tesis-primate/data/raw/peruvian_spider_monkey__AC/E and lower/20240214_170638.wav,ac,13.79265306122449,False
/home/fcandia/tesis-primate/data/raw/peruvian_spider_monkey__AC/E and lower/20240214_170834.wav,ac,26.63328798185941,False
/home/fcandia/tesis-primate/data/raw/peruvian_spider_monkey__AC/E and lower/20240214_171059.wav,ac,25.727709750566895,False
/home/fcandia/tesis-primate/data/raw/peruvian_spider_monkey__AC/E and lower/20240214_171242.wav,ac,32.62403628117914,False
/home/fcandia/tesis-primate/data/raw/peruvian_spider_monkey__AC/E and lower/20240214_171332.wav,ac,27.38793650793651,False
/home/fcandia/tesis-primate/data/raw/peruvian_spider_monkey__AC/E and lower/20240215_171606.wav,ac,24.543492063492064,False
/home/fcandia/tesis-primate/data/raw/peruvian_spider_monkey__AC/E and lower/20240227_085327.wav,ac,26.192108843537415,False
/home/fcandia/tesis-primate/data/raw/peruvian_spider_monkey__AC/E and lower/20240227_085525.wav,ac,35.631020408163266,False
/home/fcandia/tesis-primate/data/raw/peruvian_spider_monkey__AC/E and lower/20240227_085645.wav,ac,3.7035827664399092,False
/home/fcandia/tesis-primate/data/raw/peruvian_spider_monkey__AC/E and lower/20240227_091424.wav,ac,49.458503401360545,False
/home/fcandia/tesis-primate/data/raw/peruvian_spider_monkey__AC/E and lower/20240227_091525.wav,ac,50.5730612244898,False
/home/fcandia/tesis-primate/data/raw/peruvian_spider_monkey__AC/E and lower/20240227_092409.wav,ac,74.11809523809524,False
/home/fcandia/tesis-primate/data/raw/peruvian_spider_monkey__AC/E and lower/20240227_100557.wav,ac,37.01260770975057,False
/home/fcandia/tesis-primate/data/raw/peruvian_spider_monkey__AC/E and lower/20240227_162958.wav,ac,9.47374149659864,False
/home/fcandia/tesis-primate/data/raw/peruvian_spider_monkey__AC/E and lower/20240227_163121.wav,ac,17.519455782312924,False
/home/fcandia/tesis-primate/data/raw/peruvian_spider_monkey__AC/E and lower/20240227_163142.wav,ac,6.2345578231292516,False
/home/fcandia/tesis-primate/data/raw/peruvian_spider_monkey__AC/E and lower/20240227_163535.wav,ac,31.045079365079363,False
/home/fcandia/tesis-primate/data/raw/peruvian_spider_monkey__AC/E and lower/20240227_163826.wav,ac,10.031020408163265,False
/home/fcandia/tesis-primate/data/raw/peruvian_spider_monkey__AC/E and lower/20240302_054032.wav,ac,15.81278911564626,False
/home/fcandia/tesis-primate/data/raw/peruvian_spider_monkey__AC/E and lower/20240302_054204.wav,ac,19.59764172335601,False
/home/fcandia/tesis-primate/data/raw/peruvian_spider_monkey__AC/E and lower/20240302_060335.wav,ac,3.436553287981859,False
/home/fcandia/tesis-primate/data/raw/peruvian_spider_monkey__AC/E and lower/20240302_060806.wav,ac,26.63328798185941,False
/home/fcandia/tesis-primate/data/raw/peruvian_spider_monkey__AC/E and lower/20240302_061310.wav,ac,32.879455782312924,False
/home/fcandia/tesis-primate/data/raw/peruvian_spider_monkey__AC/E and lower/20240315_102358.wav,ac,43.21233560090703,False
/home/fcandia/tesis-primate/data/raw/peruvian_spider_monkey__AC/E and lower/20240315_104659.wav,ac,36.31600907029478,False
/home/fcandia/tesis-primate/data/raw/peruvian_spider_monkey__AC/E and lower/20240403_100541.wav,ac,18.06512471655329,False
/home/fcandia/tesis-primate/data/raw/peruvian_spider_monkey__AC/E and lower/20240403_101730.wav,ac,269.58367346938775,False
/home/fcandia/tesis-primate/data/raw/peruvian_spider_monkey__AC/E and lower/20240406_060350.wav,ac,7.337505668934241,False
/home/fcandia/tesis-primate/data/raw/peruvian_spider_monkey__AC/E and lower/20240418_071136.wav,ac,31.045079365079363,False
/home/fcandia/tesis-primate/data/raw/peruvian_spider_monkey__AC/E and lower/20240513_164746.wav,ac,27.956825396825398,False
/home/fcandia/tesis-primate/data/raw/peruvian_spider_monkey__AC/E and lower/20240522_065914.wav,ac,3.274013605442177,False
/home/fcandia/tesis-primate/data/raw/peruvian_spider_monkey__AC/E and lower/20240522_065953.wav,ac,36.47854875283447,False
/home/fcandia/tesis-primate/data/raw/peruvian_spider_monkey__AC/E and lower/20240522_070028.wav,ac,42.16743764172335,False
/home/fcandia/tesis-primate/data/raw/peruvian_spider_monkey__AC/E and lower/20240522_070111.wav,ac,41.98167800453515,False
/home/fcandia/tesis-primate/data/raw/peruvian_spider_monkey__AC/E and lower/20240621_062836.wav,ac,37.03582766439909,True
/home/fcandia/tesis-primate/data/raw/peruvian_spider_monkey__AC/E and lower/20240621_062911.wav,ac,30.812879818594105,True
/home/fcandia/tesis-primate/data/raw/peruvian_spider_monkey__AC/E and lower/20240621_063037.wav,ac,34.098503401360546,True
/home/fcandia/tesis-primate/data/raw/peruvian_spider_monkey__AC/E and lower/20240621_063220.wav,ac,31.13795918367347,True
/home/fcandia/tesis-primate/data/raw/peruvian_spider_monkey__AC/E and lower/20240621_063248.wav,ac,30.116281179138323,True
/home/fcandia/tesis-primate/data/raw/peruvian_spider_monkey__AC/E and lower/20240621_063353.wav,ac,30.383310657596372,True
/home/fcandia/tesis-primate/data/raw/peruvian_spider_monkey__AC/E and lower/20240621_063530.wav,ac,30.511020408163265,True
/home/fcandia/tesis-primate/data/raw/peruvian_spider_monkey__AC/E and lower/20240621_064253.wav,ac,31.10312925170068,True
/home/fcandia/tesis-primate/data/raw/peruvian_spider_monkey__AC/E and lower/20240621_064324.wav,ac,30.615510204081634,True
/home/fcandia/tesis-primate/data/raw/peruvian_spider_monkey__AC/E and lower/20240621_074718.wav,ac,39.32299319727891,True
/home/fcandia/tesis-primate/data/raw/peruvian_spider_monkey__AC/E and lower/20240621_074757.wav,ac,30.928979591836736,True
/home/fcandia/tesis-primate/data/raw/peruvian_spider_monkey__AC/E and lower/20240621_074901.wav,ac,30.26721088435374,True
/home/fcandia/tesis-primate/data/raw/peruvian_spider_monkey__AC/E and lower/20240911_055759.wav,ac,39.60163265306122,False
/home/fcandia/tesis-primate/data/raw/peruvian_spider_monkey__AC/E and lower/20240911_061950.wav,ac,40.57687074829932,False
/home/fcandia/tesis-primate/data/raw/peruvian_spider_monkey__AC/E and lower/20240911_062216.wav,ac,50.54984126984127,False
/home/fcandia/tesis-primate/data/raw/peruvian_spider_monkey__AC/E and lower/20240911_062304.wav,ac,43.30521541950113,False
/home/fcandia/tesis-primate/data/raw/peruvian_spider_monkey__AC/E and lower/20240911_062434.wav,ac,46.625668934240366,False
/home/fcandia/tesis-primate/data/raw/peruvian_spider_monkey__AC/E and lower/20240911_062519.wav,ac,45.65043083900227,False
/home/fcandia/tesis-primate/data/raw/peruvian_spider_monkey__AC/E and lower/20240911_062605.wav,ac,38.92825396825397,False
/home/fcandia/tesis-primate/data/raw/peruvian_spider_monkey__AC/E and lower/20240911_063746.wav,ac,30.592290249433105,False
/home/fcandia/tesis-primate/data/raw/peruvian_spider_monkey__AC/E and lower/20240911_064033.wav,ac,25.158820861678006,False
/home/fcandia/tesis-primate/data/raw/peruvian_spider_monkey__AC/E and lower/20240919_092948.wav,ac,56.517369614512475,False
/home/fcandia/tesis-primate/data/raw/peruvian_spider_monkey__AC/E and lower/20240919_093226.wav,ac,209.04925170068026,False
/home/fcandia/tesis-primate/data/raw/peruvian_spider_monkey__AC/E and lower/20240919_093726.wav,ac,80.01596371882086,False
/home/fcandia/tesis-primate/data/raw/peruvian_spider_monkey__AC/E and lower/20240919_094118.wav,ac,21.61777777777778,False
/home/fcandia/tesis-primate/data/raw/peruvian_spider_monkey__AC/E and lower/20241002_060921.wav,ac,10.12390022675737,False
/home/fcandia/tesis-primate/data/raw/peruvian_spider_monkey__AC/E and lower/20241020_104133.wav,ac,35.41043083900227,False
/home/fcandia/tesis-primate/data/raw/peruvian_spider_monkey__AC/E and lower/20241028_154352.wav,ac,6.060408163265306,False
/home/fcandia/tesis-primate/data/raw/peruvian_spider_monkey__AC/E and lower/20241029_162211.wav,ac,18.808163265306124,False
/home/fcandia/tesis-primate/data/raw/peruvian_spider_monkey__AC/E and lower/20241029_162640.wav,ac,19.319002267573698,False
/home/fcandia/tesis-primate/data/raw/peruvian_spider_monkey__AC/E and lower/20241029_162804.wav,ac,25.727709750566895,False
/home/fcandia/tesis-primate/data/raw/peruvian_spider_monkey__AC/E and lower/20241106_084532.wav,ac,25.692879818594104,False
/home/fcandia/tesis-primate/data/raw/peruvian_spider_monkey__AC/E and lower/20241106_084827.wav,ac,52.43065759637188,False
/home/fcandia/tesis-primate/data/raw/peruvian_spider_monkey__AC/E and lower/20241226_095925.wav,ac,30.928979591836736,False
/home/fcandia/tesis-primate/data/raw/peruvian_spider_monkey__AC/E and lower/20241226_095958.wav,ac,12.376235827664399,False
/home/fcandia/tesis-primate/data/raw/peruvian_spider_monkey__AC/E and lower/20250111_072453.wav,ac,27.659,False
/home/fcandia/tesis-primate/data/raw/peruvian_spider_monkey__AC/E and lower/20250111_072529.wav,ac,27.659,False
/home/fcandia/tesis-primate/data/raw/peruvian_spider_monkey__AC/E and lower/240124_0014.wav,ac,59.97714285714286,False
/home/fcandia/tesis-primate/data/raw/peruvian_spider_monkey__AC/E and lower/240124_0016.wav,ac,60.76081632653061,False
/home/fcandia/tesis-primate/data/raw/peruvian_spider_monkey__AC/E and lower/240124_0017.wav,ac,61.02204081632653,False
/home/fcandia/tesis-primate/data/raw/peruvian_spider_monkey__AC/E and lower/240124_0019.wav,ac,62.458775510204084,False
/home/fcandia/tesis-primate/data/raw/peruvian_spider_monkey__AC/E and lower/241204_0709 (2).wav,ac,9.936,False
/home/fcandia/tesis-primate/data/raw/peruvian_spider_monkey__AC/E and lower/241204_0710 (2).wav,ac,26.136,False
/home/fcandia/tesis-primate/data/raw/peruvian_spider_monkey__AC/E and lower/241204_0710.wav,ac,33.744,False
/home/fcandia/tesis-primate/data/raw/peruvian_spider_monkey__AC/E and lower/241204_0713.wav,ac,8.208,False
/home/fcandia/tesis-primate/data/raw/peruvian_spider_monkey__AC/New sounds/20241004_053259.wav,ac,20.54965986394558,False
/home/fcandia/tesis-primate/data/raw/peruvian_spider_monkey__AC/New sounds/20241004_053328.wav,ac,25.727709750566895,False
/home/fcandia/tesis-primate/data/raw/peruvian_spider_monkey__AC/New sounds/20241029_162508.wav,ac,27.353106575963718,False
/home/fcandia/tesis-primate/data/raw/peruvian_spider_monkey__AC/New sounds/20241031_085857.wav,ac,9.566621315192744,False
/home/fcandia/tesis-primate/data/raw/peruvian_spider_monkey__AC/New sounds/20241031_091023.wav,ac,15.232290249433106,False
/home/fcandia/tesis-primate/data/raw/shock_headed_capuchin_monkey__CC/20241209_131112.wav,cc,10.588299319727891,True
/home/fcandia/tesis-primate/data/raw/shock_headed_capuchin_monkey__CC/20241209_131346.wav,cc,21.037278911564627,True
/home/fcandia/tesis-primate/data/raw/shock_headed_capuchin_monkey__CC/20241209_131945.wav,cc,25.704489795918366,True
/home/fcandia/tesis-primate/data/raw/shock_headed_capuchin_monkey__CC/20241209_132324.wav,cc,21.176598639455783,True
/home/fcandia/tesis-primate/data/raw/shock_headed_capuchin_monkey__CC/20241209_132831.wav,cc,20.654149659863947,True
/home/fcandia/tesis-primate/data/raw/shock_headed_capuchin_monkey__CC/20241209_132851.wav,cc,30.580680272108843,True
/home/fcandia/tesis-primate/data/raw/shock_headed_capuchin_monkey__CC/20241209_132921.wav,cc,18.715283446712018,True
/home/fcandia/tesis-primate/data/raw/shock_headed_capuchin_monkey__CC/samples recorded/20240407_060650.wav,cc,48.01886621315193,False
/home/fcandia/tesis-primate/data/raw/shock_headed_capuchin_monkey__CC/samples recorded/20241209_131547.wav,cc,8.196643990929704,False
/home/fcandia/tesis-primate/data/raw/shock_headed_capuchin_monkey__CC/samples recorded/20241209_131604.wav,cc,15.487709750566893,False
/home/fcandia/tesis-primate/data/raw/shock_headed_capuchin_monkey__CC/samples recorded/20241209_132301.wav,cc,22.105396825396827,False
/home/fcandia/tesis-primate/data/raw/shock_headed_capuchin_monkey__CC/samples recorded/20241209_132404.wav,cc,15.696689342403628,False
/home/fcandia/tesis-primate/data/raw/shock_headed_capuchin_monkey__CC/samples recorded/20241209_132737.wav,cc,52.33777777777778,False
/home/fcandia/tesis-primate/data/raw/shock_headed_capuchin_monkey__CC/samples recorded/20241209_132955.wav,cc,10.356099773242631,False
/home/fcandia/tesis-primate/data/raw/shock_headed_capuchin_monkey__CC/samples recorded/240407_0618.wav,cc,31.059591836734693,False
/home/fcandia/tesis-primate/data/raw/shock_headed_capuchin_monkey__CC/samples recorded/240407_0656.wav,cc,31.216326530612246,False
/home/fcandia/tesis-primate/data/raw/toppins_titi_monkey__PT/20231214_0630.wav,pt,391.3142857142857,True
/home/fcandia/tesis-primate/data/raw/toppins_titi_monkey__PT/20231227_061016.wav,pt,96.76916099773243,True
/home/fcandia/tesis-primate/data/raw/toppins_titi_monkey__PT/20240120_065258.wav,pt,62.2875283446712,True
/home/fcandia/tesis-primate/data/raw/toppins_titi_monkey__PT/20240208_055945.wav,pt,41.470839002267574,True
/home/fcandia/tesis-primate/data/raw/toppins_titi_monkey__PT/20240208_063535.wav,pt,61.50965986394558,True
/home/fcandia/tesis-primate/data/raw/toppins_titi_monkey__PT/20240215_060238.wav,pt,53.278185941043084,True
/home/fcandia/tesis-primate/data/raw/toppins_titi_monkey__PT/20240215_060336.wav,pt,51.57151927437642,True
/home/fcandia/tesis-primate/data/raw/toppins_titi_monkey__PT/20240215_060433.wav,pt,48.00725623582766,True
/home/fcandia/tesis-primate/data/raw/toppins_titi_monkey__PT/20240215_060523.wav,pt,32.92589569160998,True
/home/fcandia/tesis-primate/data/raw/toppins_titi_monkey__PT/20240215_061248.wav,pt,182.05605442176872,True
/home/fcandia/tesis-primate/data/raw/toppins_titi_monkey__PT/20240415_113605.wav,pt,31.277278911564625,True
/home/fcandia/tesis-primate/data/raw/toppins_titi_monkey__PT/20240415_113650.wav,pt,30.72,True
/home/fcandia/tesis-primate/data/raw/toppins_titi_monkey__PT/20240415_114228.wav,pt,31.091519274376417,True
/home/fcandia/tesis-primate/data/raw/toppins_titi_monkey__PT/20240415_114301.wav,pt,25.21687074829932,True
/home/fcandia/tesis-primate/data/raw/toppins_titi_monkey__PT/20240415_114505.wav,pt,30.34848072562358,True
/home/fcandia/tesis-primate/data/raw/toppins_titi_monkey__PT/20240415_114535.wav,pt,30.464580498866212,True
/home/fcandia/tesis-primate/data/raw/toppins_titi_monkey__PT/20240415_114623.wav,pt,26.586848072562358,True
/home/fcandia/tesis-primate/data/raw/toppins_titi_monkey__PT/20240415_114647.wav,pt,30.139501133786847,True
/home/fcandia/tesis-primate/data/raw/toppins_titi_monkey__PT/20240415_114748.wav,pt,30.464580498866212,True
/home/fcandia/tesis-primate/data/raw/toppins_titi_monkey__PT/20240415_114818.wav,pt,30.55746031746032,True
/home/fcandia/tesis-primate/data/raw/toppins_titi_monkey__PT/20240415_114849.wav,pt,30.464580498866212,True
/home/fcandia/tesis-primate/data/raw/toppins_titi_monkey__PT/20240415_114919.wav,pt,30.511020408163265,True
/home/fcandia/tesis-primate/data/raw/toppins_titi_monkey__PT/20240415_114950.wav,pt,31.672018140589568,True
/home/fcandia/tesis-primate/data/raw/toppins_titi_monkey__PT/20240415_121622.wav,pt,31.555918367346937,True
/home/fcandia/tesis-primate/data/raw/toppins_titi_monkey__PT/20240415_121700.wav,pt,30.812879818594105,True
/home/fcandia/tesis-primate/data/raw/toppins_titi_monkey__PT/20240415_121730.wav,pt,30.998639455782314,True
/home/fcandia/tesis-primate/data/raw/toppins_titi_monkey__PT/20240415_121759.wav,pt,30.743219954648527,True
/home/fcandia/tesis-primate/data/raw/toppins_titi_monkey__PT/20240415_121848.wav,pt,31.161179138321994,True
/home/fcandia/tesis-primate/data/raw/toppins_titi_monkey__PT/20240415_121922.wav,pt,30.998639455782314,True
/home/fcandia/tesis-primate/data/raw/toppins_titi_monkey__PT/20240415_121955.wav,pt,30.53424036281179,True
/home/fcandia/tesis-primate/data/raw/toppins_titi_monkey__PT/20240415_122029.wav,pt,30.905759637188208,True
/home/fcandia/tesis-primate/data/raw/toppins_titi_monkey__PT/20240415_122057.wav,pt,30.743219954648527,True
/home/fcandia/tesis-primate/data/raw/toppins_titi_monkey__PT/20240415_122128.wav,pt,30.696780045351474,True
/home/fcandia/tesis-primate/data/raw/toppins_titi_monkey__PT/20240415_122222.wav,pt,30.859319727891158,True
/home/fcandia/tesis-primate/data/raw/toppins_titi_monkey__PT/20240415_122333.wav,pt,30.905759637188208,True
/home/fcandia/tesis-primate/data/raw/toppins_titi_monkey__PT/20240415_122409.wav,pt,30.34848072562358,True
/home/fcandia/tesis-primate/data/raw/toppins_titi_monkey__PT/20240415_122437.wav,pt,35.99092970521542,True
/home/fcandia/tesis-primate/data/raw/toppins_titi_monkey__PT/20240415_122513.wav,pt,30.418140589569163,True
/home/fcandia/tesis-primate/data/raw/toppins_titi_monkey__PT/20240415_122713.wav,pt,30.95219954648526,True
/home/fcandia/tesis-primate/data/raw/toppins_titi_monkey__PT/20240415_122743.wav,pt,30.139501133786847,True
/home/fcandia/tesis-primate/data/raw/toppins_titi_monkey__PT/20240415_122854.wav,pt,30.209160997732425,True
/home/fcandia/tesis-primate/data/raw/toppins_titi_monkey__PT/20240415_122923.wav,pt,29.675102040816327,True
/home/fcandia/tesis-primate/data/raw/toppins_titi_monkey__PT/20240415_122954.wav,pt,22.941315192743765,True
/home/fcandia/tesis-primate/data/raw/toppins_titi_monkey__PT/20240415_123142.wav,pt,20.921179138321996,True
/home/fcandia/tesis-primate/data/raw/toppins_titi_monkey__PT/20240418_064422.wav,pt,31.091519274376417,True
/home/fcandia/tesis-primate/data/raw/toppins_titi_monkey__PT/20240418_064530.wav,pt,31.045079365079363,True
/home/fcandia/tesis-primate/data/raw/toppins_titi_monkey__PT/20240418_064754.wav,pt,30.905759637188208,True
/home/fcandia/tesis-primate/data/raw/toppins_titi_monkey__PT/20240418_064848.wav,pt,31.045079365079363,True
/home/fcandia/tesis-primate/data/raw/toppins_titi_monkey__PT/20240418_065128.wav,pt,24.68281179138322,True
/home/fcandia/tesis-primate/data/raw/toppins_titi_monkey__PT/20240418_065412.wav,pt,31.091519274376417,True
/home/fcandia/tesis-primate/data/raw/toppins_titi_monkey__PT/20240418_065441.wav,pt,30.139501133786847,True
/home/fcandia/tesis-primate/data/raw/toppins_titi_monkey__PT/20240418_065547.wav,pt,31.091519274376417,True
/home/fcandia/tesis-primate/data/raw/toppins_titi_monkey__PT/20240418_065616.wav,pt,30.511020408163265,True
/home/fcandia/tesis-primate/data/raw/toppins_titi_monkey__PT/20240418_065703.wav,pt,30.627120181405896,True
/home/fcandia/tesis-primate/data/raw/toppins_titi_monkey__PT/20240418_065756.wav,pt,30.905759637188208,True
/home/fcandia/tesis-primate/data/raw/toppins_titi_monkey__PT/20240419_073044.wav,pt,30.696780045351474,True
/home/fcandia/tesis-primate/data/raw/toppins_titi_monkey__PT/20240419_073124.wav,pt,31.207619047619048,True
/home/fcandia/tesis-primate/data/raw/toppins_titi_monkey__PT/20240419_073211.wav,pt,29.80281179138322,True
/home/fcandia/tesis-primate/data/raw/toppins_titi_monkey__PT/20240419_073212.wav,pt,30.093061224489794,True
/home/fcandia/tesis-primate/data/raw/toppins_titi_monkey__PT/20240419_073242.wav,pt,54.102494331065756,True
/home/fcandia/tesis-primate/data/raw/toppins_titi_monkey__PT/20240419_073252.wav,pt,31.41659863945578,True
/home/fcandia/tesis-primate/data/raw/toppins_titi_monkey__PT/20240419_073334.wav,pt,29.024943310657598,True
/home/fcandia/tesis-primate/data/raw/toppins_titi_monkey__PT/20240419_073434.wav,pt,24.98467120181406,True
/home/fcandia/tesis-primate/data/raw/toppins_titi_monkey__PT/20240419_073436.wav,pt,26.772607709750567,True
/home/fcandia/tesis-primate/data/raw/toppins_titi_monkey__PT/20240419_073938.wav,pt,30.383310657596372,True
/home/fcandia/tesis-primate/data/raw/toppins_titi_monkey__PT/20240419_074036.wav,pt,34.249433106575964,True
/home/fcandia/tesis-primate/data/raw/toppins_titi_monkey__PT/20240419_074200.wav,pt,30.975419501133786,True
/home/fcandia/tesis-primate/data/raw/toppins_titi_monkey__PT/20240419_074236.wav,pt,30.209160997732425,True
/home/fcandia/tesis-primate/data/raw/toppins_titi_monkey__PT/20240419_074318.wav,pt,36.33922902494331,True
/home/fcandia/tesis-primate/data/raw/toppins_titi_monkey__PT/20240419_074406.wav,pt,31.068299319727892,True
/home/fcandia/tesis-primate/data/raw/toppins_titi_monkey__PT/20240419_074435.wav,pt,33.97079365079365,True
/home/fcandia/tesis-primate/data/raw/toppins_titi_monkey__PT/20240419_074625.wav,pt,31.672018140589568,True
/home/fcandia/tesis-primate/data/raw/toppins_titi_monkey__PT/20240424_073935.wav,pt,30.766439909297052,True
/home/fcandia/tesis-primate/data/raw/toppins_titi_monkey__PT/20240424_074007.wav,pt,30.67356009070295,True
/home/fcandia/tesis-primate/data/raw/toppins_titi_monkey__PT/20240424_074036.wav,pt,31.30049886621315,True
/home/fcandia/tesis-primate/data/raw/toppins_titi_monkey__PT/20240424_074107.wav,pt,30.511020408163265,True
/home/fcandia/tesis-primate/data/raw/toppins_titi_monkey__PT/20240424_074229.wav,pt,47.438367346938776,True
/home/fcandia/tesis-primate/data/raw/toppins_titi_monkey__PT/20240424_074406.wav,pt,8.661043083900227,True
/home/fcandia/tesis-primate/data/raw/toppins_titi_monkey__PT/20240424_074449.wav,pt,30.67356009070295,True
/home/fcandia/tesis-primate/data/raw/toppins_titi_monkey__PT/20240424_074550.wav,pt,30.627120181405896,True
/home/fcandia/tesis-primate/data/raw/toppins_titi_monkey__PT/20240424_074626.wav,pt,31.509478458049887,True
/home/fcandia/tesis-primate/data/raw/toppins_titi_monkey__PT/20240424_074747.wav,pt,30.67356009070295,True
/home/fcandia/tesis-primate/data/raw/toppins_titi_monkey__PT/20240424_075026.wav,pt,31.741678004535146,True
/home/fcandia/tesis-primate/data/raw/toppins_titi_monkey__PT/20240424_075119.wav,pt,30.023401360544216,True
/home/fcandia/tesis-primate/data/raw/toppins_titi_monkey__PT/20240424_075214.wav,pt,45.81297052154195,True
/home/fcandia/tesis-primate/data/raw/toppins_titi_monkey__PT/20240424_075258.wav,pt,30.37170068027211,True
/home/fcandia/tesis-primate/data/raw/toppins_titi_monkey__PT/20240425_071524.wav,pt,26.610068027210886,True
/home/fcandia/tesis-primate/data/raw/toppins_titi_monkey__PT/20240425_071554.wav,pt,30.464580498866212,True
/home/fcandia/tesis-primate/data/raw/toppins_titi_monkey__PT/20240425_071625.wav,pt,36.060589569160996,True
/home/fcandia/tesis-primate/data/raw/toppins_titi_monkey__PT/20240425_071708.wav,pt,35.75873015873016,True
/home/fcandia/tesis-primate/data/raw/toppins_titi_monkey__PT/20240425_071844.wav,pt,14.233832199546486,True
/home/fcandia/tesis-primate/data/raw/toppins_titi_monkey__PT/20240425_071928.wav,pt,26.308208616780046,True
/home/fcandia/tesis-primate/data/raw/toppins_titi_monkey__PT/20240425_071956.wav,pt,39.50875283446712,True
/home/fcandia/tesis-primate/data/raw/toppins_titi_monkey__PT/20240425_072135.wav,pt,40.4259410430839,True
/home/fcandia/tesis-primate/data/raw/toppins_titi_monkey__PT/20240425_072222.wav,pt,23.196734693877552,True
/home/fcandia/tesis-primate/data/raw/toppins_titi_monkey__PT/20240427_090451.wav,pt,29.245532879818594,True
/home/fcandia/tesis-primate/data/raw/toppins_titi_monkey__PT/20240427_090520.wav,pt,24.044263038548753,True
/home/fcandia/tesis-primate/data/raw/toppins_titi_monkey__PT/20240427_090654.wav,pt,28.281904761904762,True
/home/fcandia/tesis-primate/data/raw/toppins_titi_monkey__PT/20240427_090723.wav,pt,32.496326530612244,True
/home/fcandia/tesis-primate/data/raw/toppins_titi_monkey__PT/20240427_090941.wav,pt,38.846984126984125,True
/home/fcandia/tesis-primate/data/raw/toppins_titi_monkey__PT/20240427_091101.wav,pt,33.13487528344671,True
/home/fcandia/tesis-primate/data/raw/toppins_titi_monkey__PT/20240427_091132.wav,pt,21.5481179138322,True
/home/fcandia/tesis-primate/data/raw/toppins_titi_monkey__PT/20240427_093550.wav,pt,33.28580498866213,True
/home/fcandia/tesis-primate/data/raw/toppins_titi_monkey__PT/20240429_061900.wav,pt,21.989297052154196,True
/home/fcandia/tesis-primate/data/raw/toppins_titi_monkey__PT/20240429_061926.wav,pt,30.53424036281179,True
/home/fcandia/tesis-primate/data/raw/toppins_titi_monkey__PT/20240429_062012.wav,pt,30.209160997732425,True
/home/fcandia/tesis-primate/data/raw/toppins_titi_monkey__PT/20240429_071239.wav,pt,35.22467120181406,True
/home/fcandia/tesis-primate/data/raw/toppins_titi_monkey__PT/20240429_071314.wav,pt,24.079092970521543,True
/home/fcandia/tesis-primate/data/raw/toppins_titi_monkey__PT/20240429_071338.wav,pt,19.11002267573696,True
/home/fcandia/tesis-primate/data/raw/toppins_titi_monkey__PT/20240429_071356.wav,pt,33.52961451247165,True
/home/fcandia/tesis-primate/data/raw/toppins_titi_monkey__PT/20240429_071540.wav,pt,35.27111111111111,True
/home/fcandia/tesis-primate/data/raw/toppins_titi_monkey__PT/20240429_071630.wav,pt,31.114739229024945,True
/home/fcandia/tesis-primate/data/raw/toppins_titi_monkey__PT/20240429_071704.wav,pt,47.06684807256236,True
/home/fcandia/tesis-primate/data/raw/toppins_titi_monkey__PT/20240429_071807.wav,pt,43.42131519274376,True
/home/fcandia/tesis-primate/data/raw/toppins_titi_monkey__PT/20240429_071916.wav,pt,41.61015873015873,True
/home/fcandia/tesis-primate/data/raw/toppins_titi_monkey__PT/20240429_072007.wav,pt,32.879455782312924,True
/home/fcandia/tesis-primate/data/raw/toppins_titi_monkey__PT/20240429_072041.wav,pt,35.015691609977324,True
/home/fcandia/tesis-primate/data/raw/toppins_titi_monkey__PT/20240429_072123.wav,pt,33.36707482993197,True
/home/fcandia/tesis-primate/data/raw/toppins_titi_monkey__PT/20240429_072413.wav,pt,31.579138321995465,True
/home/fcandia/tesis-primate/data/raw/toppins_titi_monkey__PT/20240429_072532.wav,pt,31.114739229024945,True
/home/fcandia/tesis-primate/data/raw/toppins_titi_monkey__PT/20240501_054616.wav,pt,30.325260770975056,True
/home/fcandia/tesis-primate/data/raw/toppins_titi_monkey__PT/20240501_054657.wav,pt,32.20607709750567,True
/home/fcandia/tesis-primate/data/raw/toppins_titi_monkey__PT/20240502_070952.wav,pt,31.184399092970523,True
/home/fcandia/tesis-primate/data/raw/toppins_titi_monkey__PT/20240502_071021.wav,pt,40.91356009070295,True
/home/fcandia/tesis-primate/data/raw/toppins_titi_monkey__PT/20240502_071103.wav,pt,30.696780045351474,True
/home/fcandia/tesis-primate/data/raw/toppins_titi_monkey__PT/20240502_071219.wav,pt,31.045079365079363,True
/home/fcandia/tesis-primate/data/raw/toppins_titi_monkey__PT/20240505_060435.wav,pt,31.41659863945578,True
/home/fcandia/tesis-primate/data/raw/toppins_titi_monkey__PT/20240505_060504.wav,pt,30.65034013605442,True
/home/fcandia/tesis-primate/data/raw/toppins_titi_monkey__PT/20240505_060535.wav,pt,30.325260770975056,True
/home/fcandia/tesis-primate/data/raw/toppins_titi_monkey__PT/20240505_060608.wav,pt,31.32371882086168,True
/home/fcandia/tesis-primate/data/raw/toppins_titi_monkey__PT/20240505_060645.wav,pt,31.230839002267572,True
/home/fcandia/tesis-primate/data/raw/toppins_titi_monkey__PT/20240505_061145.wav,pt,33.36707482993197,True
/home/fcandia/tesis-primate/data/raw/toppins_titi_monkey__PT/20240507_060053.wav,pt,31.161179138321994,True
/home/fcandia/tesis-primate/data/raw/toppins_titi_monkey__PT/20240507_060124.wav,pt,30.789659863945577,True
/home/fcandia/tesis-primate/data/raw/toppins_titi_monkey__PT/20240507_060155.wav,pt,31.02185941043084,True
/home/fcandia/tesis-primate/data/raw/toppins_titi_monkey__PT/20240507_060750.wav,pt,31.091519274376417,True
/home/fcandia/tesis-primate/data/raw/toppins_titi_monkey__PT/20240507_060959.wav,pt,30.325260770975056,True
/home/fcandia/tesis-primate/data/raw/toppins_titi_monkey__PT/20240507_061114.wav,pt,30.928979591836736,True
/home/fcandia/tesis-primate/data/raw/toppins_titi_monkey__PT/20240507_061146.wav,pt,30.139501133786847,True
/home/fcandia/tesis-primate/data/raw/toppins_titi_monkey__PT/20240507_061249.wav,pt,35.9677097505669,True
/home/fcandia/tesis-primate/data/raw/toppins_titi_monkey__PT/20240507_061323.wav,pt,61.06848072562358,True
/home/fcandia/tesis-primate/data/raw/toppins_titi_monkey__PT/20240507_061424.wav,pt,30.65034013605442,True
/home/fcandia/tesis-primate/data/raw/toppins_titi_monkey__PT/20240507_061602.wav,pt,31.184399092970523,True
/home/fcandia/tesis-primate/data/raw/toppins_titi_monkey__PT/20240507_061738.wav,pt,26.540408163265305,True
/home/fcandia/tesis-primate/data/raw/toppins_titi_monkey__PT/20240507_064548.wav,pt,31.091519274376417,True
/home/fcandia/tesis-primate/data/raw/toppins_titi_monkey__PT/20240507_070149.wav,pt,30.580680272108843,True
/home/fcandia/tesis-primate/data/raw/toppins_titi_monkey__PT/20240507_070220.wav,pt,30.464580498866212,True
/home/fcandia/tesis-primate/data/raw/toppins_titi_monkey__PT/20240507_070259.wav,pt,30.812879818594105,True
/home/fcandia/tesis-primate/data/raw/toppins_titi_monkey__PT/20240508_095435.wav,pt,26.749387755102042,True
/home/fcandia/tesis-primate/data/raw/toppins_titi_monkey__PT/20240508_095502.wav,pt,12.236916099773243,True
/home/fcandia/tesis-primate/data/raw/toppins_titi_monkey__PT/20240508_095514.wav,pt,39.41587301587302,True
/home/fcandia/tesis-primate/data/raw/toppins_titi_monkey__PT/20240508_095551.wav,pt,22.058956916099774,True
/home/fcandia/tesis-primate/data/raw/toppins_titi_monkey__PT/20240508_095618.wav,pt,17.205986394557822,True
/home/fcandia/tesis-primate/data/raw/toppins_titi_monkey__PT/20240508_095634.wav,pt,30.464580498866212,True
/home/fcandia/tesis-primate/data/raw/toppins_titi_monkey__PT/20240508_095705.wav,pt,27.88716553287982,True
/home/fcandia/tesis-primate/data/raw/toppins_titi_monkey__PT/20240508_095733.wav,pt,32.48471655328798,True
/home/fcandia/tesis-primate/data/raw/toppins_titi_monkey__PT/20240508_095805.wav,pt,42.63183673469388,True
/home/fcandia/tesis-primate/data/raw/toppins_titi_monkey__PT/20240508_095847.wav,pt,31.90421768707483,True
/home/fcandia/tesis-primate/data/raw/toppins_titi_monkey__PT/20240508_095932.wav,pt,26.006349206349206,True
/home/fcandia/tesis-primate/data/raw/toppins_titi_monkey__PT/20240508_095956.wav,pt,18.715283446712018,True
/home/fcandia/tesis-primate/data/raw/toppins_titi_monkey__PT/20240508_100018.wav,pt,35.31755102040816,True
/home/fcandia/tesis-primate/data/raw/toppins_titi_monkey__PT/20240508_100055.wav,pt,37.50022675736962,True
/home/fcandia/tesis-primate/data/raw/toppins_titi_monkey__PT/20240508_100225.wav,pt,42.29514739229025,True
/home/fcandia/tesis-primate/data/raw/toppins_titi_monkey__PT/20240508_100310.wav,pt,56.726349206349205,True
/home/fcandia/tesis-primate/data/raw/toppins_titi_monkey__PT/20240508_100405.wav,pt,45.67365079365079,True
/home/fcandia/tesis-primate/data/raw/toppins_titi_monkey__PT/20240508_100451.wav,pt,42.840816326530614,True
/home/fcandia/tesis-primate/data/raw/toppins_titi_monkey__PT/20240508_100544.wav,pt,31.463038548752834,True
/home/fcandia/tesis-primate/data/raw/toppins_titi_monkey__PT/20240508_101524.wav,pt,22.906485260770975,True
/home/fcandia/tesis-primate/data/raw/toppins_titi_monkey__PT/20240508_101650.wav,pt,31.962267573696145,True
/home/fcandia/tesis-primate/data/raw/toppins_titi_monkey__PT/20240509_055753.wav,pt,31.32371882086168,True
/home/fcandia/tesis-primate/data/raw/toppins_titi_monkey__PT/20240509_055822.wav,pt,30.696780045351474,True
/home/fcandia/tesis-primate/data/raw/toppins_titi_monkey__PT/20240509_055920.wav,pt,31.091519274376417,True
/home/fcandia/tesis-primate/data/raw/toppins_titi_monkey__PT/20240509_060036.wav,pt,30.766439909297052,True
/home/fcandia/tesis-primate/data/raw/toppins_titi_monkey__PT/20240510_064121.wav,pt,30.824489795918367,True
/home/fcandia/tesis-primate/data/raw/toppins_titi_monkey__PT/20240510_064232.wav,pt,34.365532879818595,True
/home/fcandia/tesis-primate/data/raw/toppins_titi_monkey__PT/20240510_064448.wav,pt,29.547392290249434,True
/home/fcandia/tesis-primate/data/raw/toppins_titi_monkey__PT/20240510_065828.wav,pt,30.603900226757368,True
/home/fcandia/tesis-primate/data/raw/toppins_titi_monkey__PT/20240510_065859.wav,pt,11.145578231292516,True
/home/fcandia/tesis-primate/data/raw/toppins_titi_monkey__PT/20240510_070111.wav,pt,30.093061224489794,True
/home/fcandia/tesis-primate/data/raw/toppins_titi_monkey__PT/20240510_070141.wav,pt,31.30049886621315,True
/home/fcandia/tesis-primate/data/raw/toppins_titi_monkey__PT/20240510_070212.wav,pt,21.942857142857143,True
/home/fcandia/tesis-primate/data/raw/toppins_titi_monkey__PT/20240510_071046.wav,pt,20.607709750566894,True
/home/fcandia/tesis-primate/data/raw/toppins_titi_monkey__PT/20240510_071144.wav,pt,30.801269841269843,True
/home/fcandia/tesis-primate/data/raw/toppins_titi_monkey__PT/20240510_071232.wav,pt,32.13641723356009,True
/home/fcandia/tesis-primate/data/raw/toppins_titi_monkey__PT/20240510_071302.wav,pt,11.493877551020407,True
/home/fcandia/tesis-primate/data/raw/toppins_titi_monkey__PT/20240510_072128.wav,pt,29.350022675736962,True
/home/fcandia/tesis-primate/data/raw/toppins_titi_monkey__PT/20240510_072328.wav,pt,30.882539682539683,True
/home/fcandia/tesis-primate/data/raw/toppins_titi_monkey__PT/20240511_094548.wav,pt,12.49233560090703,True
/home/fcandia/tesis-primate/data/raw/toppins_titi_monkey__PT/20240511_094607.wav,pt,23.010975056689343,True
/home/fcandia/tesis-primate/data/raw/toppins_titi_monkey__PT/20240511_094634.wav,pt,25.44907029478458,True
/home/fcandia/tesis-primate/data/raw/toppins_titi_monkey__PT/20240511_094657.wav,pt,24.404172335600908,True
/home/fcandia/tesis-primate/data/raw/toppins_titi_monkey__PT/20240511_094734.wav,pt,24.38095238095238,True
/home/fcandia/tesis-primate/data/raw/toppins_titi_monkey__PT/20240511_094802.wav,pt,16.788027210884355,True
/home/fcandia/tesis-primate/data/raw/toppins_titi_monkey__PT/20240511_094820.wav,pt,15.719909297052155,True
/home/fcandia/tesis-primate/data/raw/toppins_titi_monkey__PT/20240511_094834.wav,pt,24.79891156462585,True
/home/fcandia/tesis-primate/data/raw/toppins_titi_monkey__PT/20240513_064519.wav,pt,30.48780045351474,True
/home/fcandia/tesis-primate/data/raw/toppins_titi_monkey__PT/20240513_064612.wav,pt,31.091519274376417,True
/home/fcandia/tesis-primate/data/raw/toppins_titi_monkey__PT/20240513_064846.wav,pt,30.25560090702948,True
/home/fcandia/tesis-primate/data/raw/toppins_titi_monkey__PT/20240513_064915.wav,pt,30.1859410430839,True
/home/fcandia/tesis-primate/data/raw/toppins_titi_monkey__PT/20240520_071227.wav,pt,29.76798185941043,True
/home/fcandia/tesis-primate/data/raw/toppins_titi_monkey__PT/20240521_072544.wav,pt,22.453696145124717,True
/home/fcandia/tesis-primate/data/raw/toppins_titi_monkey__PT/20240524_064955.wav,pt,51.919818594104306,True
/home/fcandia/tesis-primate/data/raw/toppins_titi_monkey__PT/20240524_065044.wav,pt,41.145759637188206,True
/home/fcandia/tesis-primate/data/raw/toppins_titi_monkey__PT/20240524_065125.wav,pt,41.19219954648526,True
/home/fcandia/tesis-primate/data/raw/toppins_titi_monkey__PT/20240524_065206.wav,pt,40.40272108843537,True
/home/fcandia/tesis-primate/data/raw/toppins_titi_monkey__PT/20240524_065350.wav,pt,31.613968253968252,True
/home/fcandia/tesis-primate/data/raw/toppins_titi_monkey__PT/20240524_065427.wav,pt,49.20308390022676,True
/home/fcandia/tesis-primate/data/raw/toppins_titi_monkey__PT/20240524_065514.wav,pt,41.21541950113379,True
/home/fcandia/tesis-primate/data/raw/toppins_titi_monkey__PT/20240524_065556.wav,pt,33.599274376417235,True
/home/fcandia/tesis-primate/data/raw/toppins_titi_monkey__PT/20240524_065629.wav,pt,11.42421768707483,True
/home/fcandia/tesis-primate/data/raw/toppins_titi_monkey__PT/20240524_065713.wav,pt,35.015691609977324,True
/home/fcandia/tesis-primate/data/raw/toppins_titi_monkey__PT/20240524_065745.wav,pt,29.744761904761905,True
/home/fcandia/tesis-primate/data/raw/toppins_titi_monkey__PT/20240524_065816.wav,pt,24.125532879818593,True
/home/fcandia/tesis-primate/data/raw/toppins_titi_monkey__PT/20240524_065842.wav,pt,28.792743764172336,True
/home/fcandia/tesis-primate/data/raw/toppins_titi_monkey__PT/20240609_072929.wav,pt,29.593832199546487,True
/home/fcandia/tesis-primate/data/raw/toppins_titi_monkey__PT/20240609_073024.wav,pt,30.824489795918367,True
/home/fcandia/tesis-primate/data/raw/toppins_titi_monkey__PT/20240609_073055.wav,pt,30.10467120181406,True
/home/fcandia/tesis-primate/data/raw/toppins_titi_monkey__PT/20240609_073159.wav,pt,30.26721088435374,True
/home/fcandia/tesis-primate/data/raw/toppins_titi_monkey__PT/20240609_073226.wav,pt,30.592290249433105,True
/home/fcandia/tesis-primate/data/raw/toppins_titi_monkey__PT/20240609_073257.wav,pt,30.696780045351474,True
/home/fcandia/tesis-primate/data/raw/toppins_titi_monkey__PT/20240609_073328.wav,pt,29.98857142857143,True
/home/fcandia/tesis-primate/data/raw/toppins_titi_monkey__PT/20240618_064939.wav,pt,43.165895691609975,True
/home/fcandia/tesis-primate/data/raw/toppins_titi_monkey__PT/20240618_065023.wav,pt,40.36789115646258,True
/home/fcandia/tesis-primate/data/raw/toppins_titi_monkey__PT/20240618_065106.wav,pt,49.26113378684807,True
/home/fcandia/tesis-primate/data/raw/toppins_titi_monkey__PT/20240618_065211.wav,pt,46.335419501133785,True
/home/fcandia/tesis-primate/data/raw/toppins_titi_monkey__PT/20240618_065302.wav,pt,31.52108843537415,True
/home/fcandia/tesis-primate/data/raw/toppins_titi_monkey__PT/20240618_065344.wav,pt,30.83609977324263,True
/home/fcandia/tesis-primate/data/raw/toppins_titi_monkey__PT/20240618_065416.wav,pt,31.381768707482994,True
/home/fcandia/tesis-primate/data/raw/toppins_titi_monkey__PT/20240618_065452.wav,pt,34.144943310657595,True
/home/fcandia/tesis-primate/data/raw/toppins_titi_monkey__PT/20240618_065527.wav,pt,32.26412698412698,True
/home/fcandia/tesis-primate/data/raw/toppins_titi_monkey__PT/20240618_065557.wav,pt,34.38875283446712,True
/home/fcandia/tesis-primate/data/raw/toppins_titi_monkey__PT/20240618_065633.wav,pt,31.579138321995465,True
/home/fcandia/tesis-primate/data/raw/toppins_titi_monkey__PT/20240618_065726.wav,pt,33.494784580498866,True
/home/fcandia/tesis-primate/data/raw/toppins_titi_monkey__PT/20240618_065757.wav,pt,36.18829931972789,True
/home/fcandia/tesis-primate/data/raw/toppins_titi_monkey__PT/20240618_065834.wav,pt,30.522630385487528,True
/home/fcandia/tesis-primate/data/raw/toppins_titi_monkey__PT/20240618_065904.wav,pt,30.511020408163265,True
/home/fcandia/tesis-primate/data/raw/toppins_titi_monkey__PT/20240618_065934.wav,pt,30.975419501133786,True
/home/fcandia/tesis-primate/data/raw/toppins_titi_monkey__PT/20240618_070407.wav,pt,32.79818594104309,True
/home/fcandia/tesis-primate/data/raw/toppins_titi_monkey__PT/20240618_070448.wav,pt,34.19138321995465,True
/home/fcandia/tesis-primate/data/raw/toppins_titi_monkey__PT/20240627-064755.wav,pt,29.593832199546487,True
/home/fcandia/tesis-primate/data/raw/toppins_titi_monkey__PT/20240627-064822.wav,pt,30.53424036281179,True
/home/fcandia/tesis-primate/data/raw/toppins_titi_monkey__PT/20240627-064853.wav,pt,30.139501133786847,True
/home/fcandia/tesis-primate/data/raw/toppins_titi_monkey__PT/20240628_064535.wav,pt,30.45297052154195,True
/home/fcandia/tesis-primate/data/raw/toppins_titi_monkey__PT/20240628_064603.wav,pt,29.57061224489796,True
/home/fcandia/tesis-primate/data/raw/toppins_titi_monkey__PT/20240628_064632.wav,pt,30.894149659863945,True
/home/fcandia/tesis-primate/data/raw/toppins_titi_monkey__PT/20240629_075154.wav,pt,31.05668934240363,True
/home/fcandia/tesis-primate/data/raw/toppins_titi_monkey__PT/20240629_075432.wav,pt,30.499410430839003,True
/home/fcandia/tesis-primate/data/raw/toppins_titi_monkey__PT/20240805_090327.wav,pt,43.46775510204082,True
/home/fcandia/tesis-primate/data/raw/toppins_titi_monkey__PT/20240805_090419.wav,pt,5.294149659863946,True
/home/fcandia/tesis-primate/data/raw/toppins_titi_monkey__PT/20240805_090432.wav,pt,56.23873015873016,True
/home/fcandia/tesis-primate/data/raw/toppins_titi_monkey__PT/20240805_090539.wav,pt,6.013968253968254,True
/home/fcandia/tesis-primate/data/raw/toppins_titi_monkey__PT/20240805_090747.wav,pt,12.30657596371882,True
/home/fcandia/tesis-primate/data/raw/toppins_titi_monkey__PT/20240805_090806.wav,pt,13.235374149659863,True
/home/fcandia/tesis-primate/data/raw/toppins_titi_monkey__PT/20240805_090831.wav,pt,11.656417233560092,True
/home/fcandia/tesis-primate/data/raw/toppins_titi_monkey__PT/20240805_090853.wav,pt,12.445895691609977,True
/home/fcandia/tesis-primate/data/raw/toppins_titi_monkey__PT/20240805_090917.wav,pt,12.84063492063492,True
/home/fcandia/tesis-primate/data/raw/toppins_titi_monkey__PT/20240805_091036.wav,pt,8.684263038548753,True
/home/fcandia/tesis-primate/data/raw/toppins_titi_monkey__PT/20240805_091140.wav,pt,27.28344671201814,True
/home/fcandia/tesis-primate/data/raw/toppins_titi_monkey__PT/20240805_091302.wav,pt,21.91963718820862,True
/home/fcandia/tesis-primate/data/raw/toppins_titi_monkey__PT/20240818_073657.wav,pt,38.47546485260771,True
/home/fcandia/tesis-primate/data/raw/toppins_titi_monkey__PT/20240818_073733.wav,pt,33.111655328798186,True
/home/fcandia/tesis-primate/data/raw/toppins_titi_monkey__PT/20240818_073807.wav,pt,15.580589569160997,True
/home/fcandia/tesis-primate/data/raw/toppins_titi_monkey__PT/20240818_073822.wav,pt,15.719909297052155,True
/home/fcandia/tesis-primate/data/raw/toppins_titi_monkey__PT/20240828_063612.wav,pt,68.64979591836735,True
/home/fcandia/tesis-primate/data/raw/toppins_titi_monkey__PT/20240828_063720.wav,pt,40.925170068027214,True
/home/fcandia/tesis-primate/data/raw/toppins_titi_monkey__PT/20240828_063800.wav,pt,60.22095238095238,True
/home/fcandia/tesis-primate/data/raw/toppins_titi_monkey__PT/20240828_063901.wav,pt,46.126439909297055,True
/home/fcandia/tesis-primate/data/raw/toppins_titi_monkey__PT/20240828_063949.wav,pt,30.522630385487528,True
/home/fcandia/tesis-primate/data/raw/toppins_titi_monkey__PT/20240828_064017.wav,pt,29.90730158730159,True
/home/fcandia/tesis-primate/data/raw/toppins_titi_monkey__PT/20240828_064048.wav,pt,31.068299319727892,True
/home/fcandia/tesis-primate/data/raw/toppins_titi_monkey__PT/20240831_071809.wav,pt,73.9091156462585,True
/home/fcandia/tesis-primate/data/raw/toppins_titi_monkey__PT/20240831_072616.wav,pt,28.293514739229025,True
/home/fcandia/tesis-primate/data/raw/toppins_titi_monkey__PT/20241002_053314.wav,pt,32.51954648526077,True
/home/fcandia/tesis-primate/data/raw/toppins_titi_monkey__PT/20241002_053353.wav,pt,18.970702947845805,True
/home/fcandia/tesis-primate/data/raw/toppins_titi_monkey__PT/20241003_063502.wav,pt,15.603809523809524,True
/home/fcandia/tesis-primate/data/raw/toppins_titi_monkey__PT/20241003_063515.wav,pt,15.62702947845805,True
/home/fcandia/tesis-primate/data/raw/toppins_titi_monkey__PT/20241003_063748.wav,pt,26.772607709750567,True
/home/fcandia/tesis-primate/data/raw/toppins_titi_monkey__PT/20241003_063812.wav,pt,42.887256235827664,True
/home/fcandia/tesis-primate/data/raw/toppins_titi_monkey__PT/20241003_082028.wav,pt,11.331337868480725,False
/home/fcandia/tesis-primate/data/raw/toppins_titi_monkey__PT/20241003_082142.wav,pt,51.141950113378684,True
/home/fcandia/tesis-primate/data/raw/toppins_titi_monkey__PT/20241003_082233.wav,pt,30.603900226757368,True
/home/fcandia/tesis-primate/data/raw/toppins_titi_monkey__PT/20241003_082303.wav,pt,30.093061224489794,True
/home/fcandia/tesis-primate/data/raw/toppins_titi_monkey__PT/20241003_082334.wav,pt,32.76335600907029,True
/home/fcandia/tesis-primate/data/raw/toppins_titi_monkey__PT/20241003_082406.wav,pt,29.90730158730159,True
/home/fcandia/tesis-primate/data/raw/toppins_titi_monkey__PT/20241003_082436.wav,pt,15.464489795918368,True
/home/fcandia/tesis-primate/data/raw/toppins_titi_monkey__PT/20241003_082541.wav,pt,21.060498866213152,True
/home/fcandia/tesis-primate/data/raw/toppins_titi_monkey__PT/20241003_082628.wav,pt,19.934331065759636,True
/home/fcandia/tesis-primate/data/raw/toppins_titi_monkey__PT/20241003_082654.wav,pt,10.65795918367347,True
/home/fcandia/tesis-primate/data/raw/toppins_titi_monkey__PT/20241004_064133.wav,pt,18.18122448979592,True
/home/fcandia/tesis-primate/data/raw/toppins_titi_monkey__PT/20241004_064248.wav,pt,28.107755102040816,True
/home/fcandia/tesis-primate/data/raw/toppins_titi_monkey__PT/20241004_064349.wav,pt,18.52952380952381,True
/home/fcandia/tesis-primate/data/raw/toppins_titi_monkey__PT/20241004_064408.wav,pt,15.975328798185942,True
/home/fcandia/tesis-primate/data/raw/toppins_titi_monkey__PT/20241011_064539.wav,pt,15.928888888888888,True
/home/fcandia/tesis-primate/data/raw/toppins_titi_monkey__PT/20241011_064606.wav,pt,15.534149659863946,True
/home/fcandia/tesis-primate/data/raw/toppins_titi_monkey__PT/20241011_064631.wav,pt,17.438185941043084,True
/home/fcandia/tesis-primate/data/raw/toppins_titi_monkey__PT/20241011_064648.wav,pt,13.003174603174603,True
/home/fcandia/tesis-primate/data/raw/toppins_titi_monkey__PT/20241011_064737.wav,pt,9.798820861678005,True
/home/fcandia/tesis-primate/data/raw/toppins_titi_monkey__PT/20241011_064751.wav,pt,9.079002267573696,True
/home/fcandia/tesis-primate/data/raw/toppins_titi_monkey__PT/20241011_064806.wav,pt,18.250884353741498,True
/home/fcandia/tesis-primate/data/raw/toppins_titi_monkey__PT/20241011_064847.wav,pt,10.216780045351474,True
/home/fcandia/tesis-primate/data/raw/toppins_titi_monkey__PT/20241011_064905.wav,pt,15.789569160997733,True
/home/fcandia/tesis-primate/data/raw/toppins_titi_monkey__PT/20241011_064923.wav,pt,14.675011337868481,True
/home/fcandia/tesis-primate/data/raw/toppins_titi_monkey__PT/20241011_065139.wav,pt,21.81514739229025,True
/home/fcandia/tesis-primate/data/raw/toppins_titi_monkey__PT/20241011_065159.wav,pt,15.069750566893424,True
/home/fcandia/tesis-primate/data/raw/toppins_titi_monkey__PT/20241011_065215.wav,pt,15.74312925170068,True
/home/fcandia/tesis-primate/data/raw/toppins_titi_monkey__PT/20241011_065231.wav,pt,14.907210884353741,True
/home/fcandia/tesis-primate/data/raw/toppins_titi_monkey__PT/20241011_065301.wav,pt,22.96453514739229,True
/home/fcandia/tesis-primate/data/raw/toppins_titi_monkey__PT/20241011_065323.wav,pt,26.9815873015873,True
/home/fcandia/tesis-primate/data/raw/toppins_titi_monkey__PT/20241011_065355.wav,pt,28.63020408163265,True
/home/fcandia/tesis-primate/data/raw/toppins_titi_monkey__PT/20241011_065431.wav,pt,19.969160997732427,True
/home/fcandia/tesis-primate/data/raw/toppins_titi_monkey__PT/20241011_065454.wav,pt,11.400997732426303,True
/home/fcandia/tesis-primate/data/raw/toppins_titi_monkey__PT/20241204_0523 (2).wav,pt,16.464,True
/home/fcandia/tesis-primate/data/raw/toppins_titi_monkey__PT/20241204_0523 (3).wav,pt,20.976,True
/home/fcandia/tesis-primate/data/raw/toppins_titi_monkey__PT/20241204_0523.wav,pt,25.368,True
/home/fcandia/tesis-primate/data/raw/toppins_titi_monkey__PT/20241204_0525.wav,pt,17.52,True
/home/fcandia/tesis-primate/data/raw/toppins_titi_monkey__PT/20241204_0527.wav,pt,13.848,True
/home/fcandia/tesis-primate/data/raw/toppins_titi_monkey__PT/20250110_091813.wav,pt,30.88,True
/home/fcandia/tesis-primate/data/raw/toppins_titi_monkey__PT/20250110_091852.wav,pt,24.4,True
/home/fcandia/tesis-primate/data/raw/toppins_titi_monkey__PT/20250110_091917.wav,pt,30.08,True
/home/fcandia/tesis-primate/data/raw/toppins_titi_monkey__PT/20250211_102255.wav,pt,10.379319727891156,True
/home/fcandia/tesis-primate/data/raw/toppins_titi_monkey__PT/E and lower/20231227_054741.wav,pt,83.38285714285715,False
/home/fcandia/tesis-primate/data/raw/toppins_titi_monkey__PT/E and lower/20231227_055304.wav,pt,133.51473922902494,False
/home/fcandia/tesis-primate/data/raw/toppins_titi_monkey__PT/E and lower/20231227_055539.wav,pt,75.2907029478458,False
/home/fcandia/tesis-primate/data/raw/toppins_titi_monkey__PT/E and lower/20240120_065355.wav,pt,79.62122448979592,False
/home/fcandia/tesis-primate/data/raw/toppins_titi_monkey__PT/E and lower/20240125_171557.wav,pt,66.74575963718821,False
/home/fcandia/tesis-primate/data/raw/toppins_titi_monkey__PT/E and lower/20240125_171704.wav,pt,83.49895691609977,False
/home/fcandia/tesis-primate/data/raw/toppins_titi_monkey__PT/E and lower/20240125_171834.wav,pt,78.64598639455782,False
/home/fcandia/tesis-primate/data/raw/toppins_titi_monkey__PT/E and lower/20240125_172000.wav,pt,8.93968253968254,False
/home/fcandia/tesis-primate/data/raw/toppins_titi_monkey__PT/E and lower/20240208_054554.wav,pt,60.824671201814056,False
/home/fcandia/tesis-primate/data/raw/toppins_titi_monkey__PT/E and lower/20240208_054659.wav,pt,45.464671201814056,False
/home/fcandia/tesis-primate/data/raw/toppins_titi_monkey__PT/E and lower/20240208_055203.wav,pt,23.91655328798186,False
/home/fcandia/tesis-primate/data/raw/toppins_titi_monkey__PT/E and lower/20240208_055418.wav,pt,48.05369614512472,False
/home/fcandia/tesis-primate/data/raw/toppins_titi_monkey__PT/E and lower/20240208_055516.wav,pt,62.17142857142857,False
/home/fcandia/tesis-primate/data/raw/toppins_titi_monkey__PT/E and lower/20240208_055749.wav,pt,55.17061224489796,False
/home/fcandia/tesis-primate/data/raw/toppins_titi_monkey__PT/E and lower/20240208_055849.wav,pt,55.71628117913832,False
/home/fcandia/tesis-primate/data/raw/toppins_titi_monkey__PT/E and lower/20240208_063640.wav,pt,49.075374149659865,False
/home/fcandia/tesis-primate/data/raw/toppins_titi_monkey__PT/E and lower/20240215_061147.wav,pt,49.58621315192744,False
/home/fcandia/tesis-primate/data/raw/toppins_titi_monkey__PT/E and lower/20240415_121835.wav,pt,12.376235827664399,False
/home/fcandia/tesis-primate/data/raw/toppins_titi_monkey__PT/E and lower/20240419_073050.wav,pt,29.895691609977323,False
/home/fcandia/tesis-primate/data/raw/toppins_titi_monkey__PT/E and lower/20240419_073120.wav,pt,35.15501133786848,False
/home/fcandia/tesis-primate/data/raw/toppins_titi_monkey__PT/E and lower/20240424_074314.wav,pt,30.696780045351474,False
/home/fcandia/tesis-primate/data/raw/toppins_titi_monkey__PT/E and lower/20240520_071256.wav,pt,10.031020408163265,False
/home/fcandia/tesis-primate/data/raw/toppins_titi_monkey__PT/E and lower/20240520_071312.wav,pt,20.54965986394558,False
/home/fcandia/tesis-primate/data/raw/toppins_titi_monkey__PT/E and lower/20240524_070410.wav,pt,29.30358276643991,False
/home/fcandia/tesis-primate/data/raw/toppins_titi_monkey__PT/E and lower/20240609_073125.wav,pt,16.103038548752835,False
/home/fcandia/tesis-primate/data/raw/toppins_titi_monkey__PT/E and lower/20240618_070005.wav,pt,38.67283446712018,False
/home/fcandia/tesis-primate/data/raw/toppins_titi_monkey__PT/E and lower/20240618_070230.wav,pt,31.10312925170068,False
/home/fcandia/tesis-primate/data/raw/toppins_titi_monkey__PT/E and lower/20240618_070333.wav,pt,30.1859410430839,True
/home/fcandia/tesis-primate/data/raw/toppins_titi_monkey__PT/E and lower/20241002_070807.wav,pt,36.014149659863946,False
/home/fcandia/tesis-primate/data/raw/toppins_titi_monkey__PT/E and lower/20241004_064115.wav,pt,8.579773242630386,False
/home/fcandia/tesis-primate/data/raw/toppins_titi_monkey__PT/E and lower/20241004_064316.wav,pt,3.575873015873016,False
/home/fcandia/tesis-primate/data/raw/toppins_titi_monkey__PT/E and lower/20241004_064320.wav,pt,17.856145124716555,False
/home/fcandia/tesis-primate/data/raw/toppins_titi_monkey__PT/E and lower/20241004_064459.wav,pt,10.797278911564625,False
/home/fcandia/tesis-primate/data/raw/toppins_titi_monkey__PT/E and lower/20241011_064937.wav,pt,10.00780045351474,False
/home/fcandia/tesis-primate/data/raw/toppins_titi_monkey__PT/E and lower/20241011_065250.wav,pt,10.541859410430838,False
/home/fcandia/tesis-primate/data/raw/toppins_titi_monkey__PT/E and lower/20241104_085404.wav,pt,21.257868480725623,False
/home/fcandia/tesis-primate/data/raw/toppins_titi_monkey__PT/E and lower/20241104_085430.wav,pt,10.332879818594105,False
/home/fcandia/tesis-primate/data/raw/toppins_titi_monkey__PT/E and lower/20241104_085526.wav,pt,22.38403628117914,False
/home/fcandia/tesis-primate/data/raw/toppins_titi_monkey__PT/E and lower/20241104_085557.wav,pt,15.847619047619048,False
/home/fcandia/tesis-primate/data/raw/toppins_titi_monkey__PT/E and lower/20250110_091813.wav,pt,27.659,False
/home/fcandia/tesis-primate/data/raw/toppins_titi_monkey__PT/E and lower/20250110_091852.wav,pt,27.659,False
/home/fcandia/tesis-primate/data/raw/toppins_titi_monkey__PT/E and lower/20250110_091917.wav,pt,27.659,False
/home/fcandia/tesis-primate/data/raw/toppins_titi_monkey__PT/E and lower/20250110_091949.wav,pt,27.659,False
/home/fcandia/tesis-primate/data/raw/toppins_titi_monkey__PT/E and lower/20250111_062646.wav,pt,27.659,False
/home/fcandia/tesis-primate/data/raw/toppins_titi_monkey__PT/E and lower/20250111_062730.wav,pt,27.659,False
/home/fcandia/tesis-primate/data/raw/toppins_titi_monkey__PT/E and lower/20250111_062822.wav,pt,27.659,False
/home/fcandia/tesis-primate/data/raw/toppins_titi_monkey__PT/E and lower/20250111_062901.wav,pt,27.659,False
/home/fcandia/tesis-primate/data/raw/toppins_titi_monkey__PT/E and lower/20250111_062941.wav,pt,27.659,False
/home/fcandia/tesis-primate/data/raw/toppins_titi_monkey__PT/E and lower/20250111_063021.wav,pt,27.659,False
/home/fcandia/tesis-primate/data/raw/toppins_titi_monkey__PT/E and lower/20250111_063106.wav,pt,27.659,False
/home/fcandia/tesis-primate/data/raw/toppins_titi_monkey__PT/E and lower/20250111_063144.wav,pt,27.659,False
/home/fcandia/tesis-primate/data/raw/toppins_titi_monkey__PT/New Sounds/20240923_093007.wav,pt,19.22612244897959,False
/home/fcandia/tesis-primate/data/raw/toppins_titi_monkey__PT/New Sounds/20240923_093024.wav,pt,10.518639455782314,False
/home/fcandia/tesis-primate/data/raw/toppins_titi_monkey__PT/New Sounds/20240923_093055.wav,pt,19.736961451247165,False
/home/fcandia/tesis-primate/data/raw/toppins_titi_monkey__PT/New Sounds/20241004_064426.wav,pt,14.744671201814059,False
/home/fcandia/tesis-primate/data/raw/weddells_saddleBack_tamarin__LW/20240117_162607.wav,lw,5.746938775510204,True
/home/fcandia/tesis-primate/data/raw/weddells_saddleBack_tamarin__LW/20240117_162623.wav,lw,3.320453514739229,True
/home/fcandia/tesis-primate/data/raw/weddells_saddleBack_tamarin__LW/20240117_162633.wav,lw,20.189750566893423,True
/home/fcandia/tesis-primate/data/raw/weddells_saddleBack_tamarin__LW/20240117_162715.wav,lw,7.070476190476191,True
/home/fcandia/tesis-primate/data/raw/weddells_saddleBack_tamarin__LW/20240117_162716.wav,lw,55.251882086167804,True
/home/fcandia/tesis-primate/data/raw/weddells_saddleBack_tamarin__LW/20240117_162807.wav,lw,9.264761904761905,True
/home/fcandia/tesis-primate/data/raw/weddells_saddleBack_tamarin__LW/20240117_162821.wav,lw,56.505759637188206,True
/home/fcandia/tesis-primate/data/raw/weddells_saddleBack_tamarin__LW/20240117_162825.wav,lw,36.24634920634921,True
/home/fcandia/tesis-primate/data/raw/weddells_saddleBack_tamarin__LW/20240117_162916.wav,lw,14.570521541950113,True
/home/fcandia/tesis-primate/data/raw/weddells_saddleBack_tamarin__LW/20240117_163009.wav,lw,14.640181405895692,True
/home/fcandia/tesis-primate/data/raw/weddells_saddleBack_tamarin__LW/20240117_163024.wav,lw,58.11954648526077,True
/home/fcandia/tesis-primate/data/raw/weddells_saddleBack_tamarin__LW/20240117_164651.wav,lw,6.188117913832199,True
/home/fcandia/tesis-primate/data/raw/weddells_saddleBack_tamarin__LW/20240119_160049.wav,lw,60.97560090702948,True
/home/fcandia/tesis-primate/data/raw/weddells_saddleBack_tamarin__LW/20240125_162201.wav,lw,23.858503401360544,True
/home/fcandia/tesis-primate/data/raw/weddells_saddleBack_tamarin__LW/20240125_162433.wav,lw,35.58458049886622,True
/home/fcandia/tesis-primate/data/raw/weddells_saddleBack_tamarin__LW/20240125_162924.wav,lw,21.04888888888889,True
/home/fcandia/tesis-primate/data/raw/weddells_saddleBack_tamarin__LW/20240129_121936.wav,lw,30.731609977324265,True
/home/fcandia/tesis-primate/data/raw/weddells_saddleBack_tamarin__LW/20240129_122010.wav,lw,46.11482993197279,True
/home/fcandia/tesis-primate/data/raw/weddells_saddleBack_tamarin__LW/20240129_122105.wav,lw,11.19201814058957,True
/home/fcandia/tesis-primate/data/raw/weddells_saddleBack_tamarin__LW/20240129_122308.wav,lw,25.55356009070295,True
/home/fcandia/tesis-primate/data/raw/weddells_saddleBack_tamarin__LW/20240129_122526.wav,lw,48.808344671201816,True
/home/fcandia/tesis-primate/data/raw/weddells_saddleBack_tamarin__LW/20240129_122624.wav,lw,20.24780045351474,True
/home/fcandia/tesis-primate/data/raw/weddells_saddleBack_tamarin__LW/20240129_122648.wav,lw,64.05224489795918,True
/home/fcandia/tesis-primate/data/raw/weddells_saddleBack_tamarin__LW/20240129_122759.wav,lw,33.378684807256235,True
/home/fcandia/tesis-primate/data/raw/weddells_saddleBack_tamarin__LW/20240129_123048.wav,lw,18.84299319727891,True
/home/fcandia/tesis-primate/data/raw/weddells_saddleBack_tamarin__LW/20240129_123503.wav,lw,36.36244897959184,True
/home/fcandia/tesis-primate/data/raw/weddells_saddleBack_tamarin__LW/20240129_123707.wav,lw,76.05696145124716,True
/home/fcandia/tesis-primate/data/raw/weddells_saddleBack_tamarin__LW/20240129_124011.wav,lw,32.113197278911564,True
/home/fcandia/tesis-primate/data/raw/weddells_saddleBack_tamarin__LW/20240129_124528.wav,lw,14.454421768707483,True
/home/fcandia/tesis-primate/data/raw/weddells_saddleBack_tamarin__LW/20240129_124555.wav,lw,19.098412698412698,True
/home/fcandia/tesis-primate/data/raw/weddells_saddleBack_tamarin__LW/20240129_124847.wav,lw,20.421950113378685,True
/home/fcandia/tesis-primate/data/raw/weddells_saddleBack_tamarin__LW/20240207_063839.wav,lw,8.498503401360544,True
/home/fcandia/tesis-primate/data/raw/weddells_saddleBack_tamarin__LW/20240207_063907.wav,lw,27.31827664399093,True
/home/fcandia/tesis-primate/data/raw/weddells_saddleBack_tamarin__LW/20240207_063949.wav,lw,16.103038548752835,True
/home/fcandia/tesis-primate/data/raw/weddells_saddleBack_tamarin__LW/20240207_064006.wav,lw,19.098412698412698,True
/home/fcandia/tesis-primate/data/raw/weddells_saddleBack_tamarin__LW/20240207_064043.wav,lw,58.37496598639456,True
/home/fcandia/tesis-primate/data/raw/weddells_saddleBack_tamarin__LW/20240207_064141.wav,lw,24.88018140589569,True
/home/fcandia/tesis-primate/data/raw/weddells_saddleBack_tamarin__LW/20240207_064413.wav,lw,52.94149659863945,True
/home/fcandia/tesis-primate/data/raw/weddells_saddleBack_tamarin__LW/20240207_064511.wav,lw,38.66122448979592,True
/home/fcandia/tesis-primate/data/raw/weddells_saddleBack_tamarin__LW/20240207_064600.wav,lw,35.75873015873016,True
/home/fcandia/tesis-primate/data/raw/weddells_saddleBack_tamarin__LW/20240207_064639.wav,lw,22.186666666666667,True
/home/fcandia/tesis-primate/data/raw/weddells_saddleBack_tamarin__LW/20240207_064716.wav,lw,19.353832199546485,True
/home/fcandia/tesis-primate/data/raw/weddells_saddleBack_tamarin__LW/20240207_064808.wav,lw,24.102312925170068,True
/home/fcandia/tesis-primate/data/raw/weddells_saddleBack_tamarin__LW/20240207_064930.wav,lw,17.890975056689342,True
/home/fcandia/tesis-primate/data/raw/weddells_saddleBack_tamarin__LW/20240207_064947.wav,lw,19.202902494331067,True
/home/fcandia/tesis-primate/data/raw/weddells_saddleBack_tamarin__LW/20240207_065014.wav,lw,29.3384126984127,True
/home/fcandia/tesis-primate/data/raw/weddells_saddleBack_tamarin__LW/20240207_065113.wav,lw,24.671201814058957,True
/home/fcandia/tesis-primate/data/raw/weddells_saddleBack_tamarin__LW/20240207_065212.wav,lw,266.4838095238095,True
/home/fcandia/tesis-primate/data/raw/weddells_saddleBack_tamarin__LW/20240207_102952.wav,lw,30.058231292517007,True
/home/fcandia/tesis-primate/data/raw/weddells_saddleBack_tamarin__LW/20240207_103155.wav,lw,38.2897052154195,True
/home/fcandia/tesis-primate/data/raw/weddells_saddleBack_tamarin__LW/20240210_114710.wav,lw,31.660408163265306,True
/home/fcandia/tesis-primate/data/raw/weddells_saddleBack_tamarin__LW/20240210_120034.wav,lw,40.56526077097506,True
/home/fcandia/tesis-primate/data/raw/weddells_saddleBack_tamarin__LW/20240210_120504.wav,lw,111.23519274376417,True
/home/fcandia/tesis-primate/data/raw/weddells_saddleBack_tamarin__LW/20240210_120708.wav,lw,22.070566893424036,True
/home/fcandia/tesis-primate/data/raw/weddells_saddleBack_tamarin__LW/20240210_120738.wav,lw,35.48009070294785,True
/home/fcandia/tesis-primate/data/raw/weddells_saddleBack_tamarin__LW/20240210_121015.wav,lw,16.77641723356009,True
/home/fcandia/tesis-primate/data/raw/weddells_saddleBack_tamarin__LW/20240210_121234.wav,lw,101.71501133786848,True
/home/fcandia/tesis-primate/data/raw/weddells_saddleBack_tamarin__LW/20240210_121417.wav,lw,30.812879818594105,True
/home/fcandia/tesis-primate/data/raw/weddells_saddleBack_tamarin__LW/20240210_121518.wav,lw,65.1435827664399,True
/home/fcandia/tesis-primate/data/raw/weddells_saddleBack_tamarin__LW/20240210_121621.wav,lw,4.876190476190477,True
/home/fcandia/tesis-primate/data/raw/weddells_saddleBack_tamarin__LW/20240210_121627.wav,lw,15.27873015873016,True
/home/fcandia/tesis-primate/data/raw/weddells_saddleBack_tamarin__LW/20240210_121731.wav,lw,10.251609977324263,True
/home/fcandia/tesis-primate/data/raw/weddells_saddleBack_tamarin__LW/20240210_121801.wav,lw,5.317369614512471,True
/home/fcandia/tesis-primate/data/raw/weddells_saddleBack_tamarin__LW/20240210_121844.wav,lw,5.979138321995465,True
/home/fcandia/tesis-primate/data/raw/weddells_saddleBack_tamarin__LW/20240214_101201.wav,lw,20.59609977324263,True
/home/fcandia/tesis-primate/data/raw/weddells_saddleBack_tamarin__LW/20240214_101229.wav,lw,7.093696145124716,True
/home/fcandia/tesis-primate/data/raw/weddells_saddleBack_tamarin__LW/20240214_101346.wav,lw,11.099138321995465,True
/home/fcandia/tesis-primate/data/raw/weddells_saddleBack_tamarin__LW/20240214_101402.wav,lw,9.334421768707482,True
/home/fcandia/tesis-primate/data/raw/weddells_saddleBack_tamarin__LW/20240214_101433.wav,lw,10.611519274376418,True
/home/fcandia/tesis-primate/data/raw/weddells_saddleBack_tamarin__LW/20240214_101458.wav,lw,4.829750566893424,True
/home/fcandia/tesis-primate/data/raw/weddells_saddleBack_tamarin__LW/20240214_101505.wav,lw,16.799637188208617,True
/home/fcandia/tesis-primate/data/raw/weddells_saddleBack_tamarin__LW/20240214_101527.wav,lw,10.425759637188209,True
/home/fcandia/tesis-primate/data/raw/weddells_saddleBack_tamarin__LW/20240214_101539.wav,lw,10.739229024943311,True
/home/fcandia/tesis-primate/data/raw/weddells_saddleBack_tamarin__LW/20240214_101553.wav,lw,23.370884353741495,True
/home/fcandia/tesis-primate/data/raw/weddells_saddleBack_tamarin__LW/20240214_101621.wav,lw,13.595283446712019,True
/home/fcandia/tesis-primate/data/raw/weddells_saddleBack_tamarin__LW/20240214_101705.wav,lw,8.347573696145124,True
/home/fcandia/tesis-primate/data/raw/weddells_saddleBack_tamarin__LW/20240214_101723.wav,lw,9.85687074829932,True
/home/fcandia/tesis-primate/data/raw/weddells_saddleBack_tamarin__LW/20240214_101738.wav,lw,11.609977324263038,True
/home/fcandia/tesis-primate/data/raw/weddells_saddleBack_tamarin__LW/20240214_101748.wav,lw,7.465215419501134,True
/home/fcandia/tesis-primate/data/raw/weddells_saddleBack_tamarin__LW/20240214_101814.wav,lw,30.00018140589569,True
/home/fcandia/tesis-primate/data/raw/weddells_saddleBack_tamarin__LW/20240214_101844.wav,lw,10.85532879818594,True
/home/fcandia/tesis-primate/data/raw/weddells_saddleBack_tamarin__LW/20240214_101857.wav,lw,29.23392290249433,True
/home/fcandia/tesis-primate/data/raw/weddells_saddleBack_tamarin__LW/20240214_101926.wav,lw,10.019410430839002,True
/home/fcandia/tesis-primate/data/raw/weddells_saddleBack_tamarin__LW/20240214_101947.wav,lw,7.48843537414966,True
/home/fcandia/tesis-primate/data/raw/weddells_saddleBack_tamarin__LW/20240214_102002.wav,lw,9.427301587301587,True
/home/fcandia/tesis-primate/data/raw/weddells_saddleBack_tamarin__LW/20240214_102017.wav,lw,9.183492063492064,True
/home/fcandia/tesis-primate/data/raw/weddells_saddleBack_tamarin__LW/20240214_102115.wav,lw,6.710566893424036,True
/home/fcandia/tesis-primate/data/raw/weddells_saddleBack_tamarin__LW/20240214_102132.wav,lw,8.591383219954649,True
/home/fcandia/tesis-primate/data/raw/weddells_saddleBack_tamarin__LW/20240214_102149.wav,lw,8.196643990929704,True
/home/fcandia/tesis-primate/data/raw/weddells_saddleBack_tamarin__LW/20240214_102215.wav,lw,9.880090702947847,True
/home/fcandia/tesis-primate/data/raw/weddells_saddleBack_tamarin__LW/20240214_102234.wav,lw,9.264761904761905,True
/home/fcandia/tesis-primate/data/raw/weddells_saddleBack_tamarin__LW/20240214_102327.wav,lw,6.873106575963718,True
/home/fcandia/tesis-primate/data/raw/weddells_saddleBack_tamarin__LW/20240214_102355.wav,lw,11.609977324263038,True
/home/fcandia/tesis-primate/data/raw/weddells_saddleBack_tamarin__LW/20240214_102444.wav,lw,10.65795918367347,True
/home/fcandia/tesis-primate/data/raw/weddells_saddleBack_tamarin__LW/20240214_102452.wav,lw,5.131609977324263,True
/home/fcandia/tesis-primate/data/raw/weddells_saddleBack_tamarin__LW/20240214_102513.wav,lw,26.308208616780046,True
/home/fcandia/tesis-primate/data/raw/weddells_saddleBack_tamarin__LW/20240214_102539.wav,lw,9.160272108843538,True
/home/fcandia/tesis-primate/data/raw/weddells_saddleBack_tamarin__LW/20240214_102601.wav,lw,14.431201814058957,True
/home/fcandia/tesis-primate/data/raw/weddells_saddleBack_tamarin__LW/20240214_102616.wav,lw,15.27873015873016,True
/home/fcandia/tesis-primate/data/raw/weddells_saddleBack_tamarin__LW/20240214_102634.wav,lw,13.10766439909297,True
/home/fcandia/tesis-primate/data/raw/weddells_saddleBack_tamarin__LW/20240214_102652.wav,lw,7.918004535147392,True
/home/fcandia/tesis-primate/data/raw/weddells_saddleBack_tamarin__LW/20240214_102713.wav,lw,9.218321995464853,True
/home/fcandia/tesis-primate/data/raw/weddells_saddleBack_tamarin__LW/20240214_102825.wav,lw,6.222947845804988,True
/home/fcandia/tesis-primate/data/raw/weddells_saddleBack_tamarin__LW/20240214_102900.wav,lw,5.6656689342403626,True
/home/fcandia/tesis-primate/data/raw/weddells_saddleBack_tamarin__LW/20240217_083921.wav,lw,17.182766439909297,True
/home/fcandia/tesis-primate/data/raw/weddells_saddleBack_tamarin__LW/20240217_084801.wav,lw,45.10476190476191,True
/home/fcandia/tesis-primate/data/raw/weddells_saddleBack_tamarin__LW/20240217_084852.wav,lw,50.59628117913832,True
/home/fcandia/tesis-primate/data/raw/weddells_saddleBack_tamarin__LW/20240217_084954.wav,lw,55.797551020408164,True
/home/fcandia/tesis-primate/data/raw/weddells_saddleBack_tamarin__LW/20240217_085057.wav,lw,20.619319727891156,True
/home/fcandia/tesis-primate/data/raw/weddells_saddleBack_tamarin__LW/20240217_085211.wav,lw,45.81297052154195,True
/home/fcandia/tesis-primate/data/raw/weddells_saddleBack_tamarin__LW/20240217_085325.wav,lw,20.154920634920636,True
/home/fcandia/tesis-primate/data/raw/weddells_saddleBack_tamarin__LW/20240217_085401.wav,lw,39.19528344671202,True
/home/fcandia/tesis-primate/data/raw/weddells_saddleBack_tamarin__LW/20240217_090032.wav,lw,92.39219954648526,True
/home/fcandia/tesis-primate/data/raw/weddells_saddleBack_tamarin__LW/20240217_090423.wav,lw,93.68090702947846,True
/home/fcandia/tesis-primate/data/raw/weddells_saddleBack_tamarin__LW/20240217_090659.wav,lw,59.81460317460318,True
/home/fcandia/tesis-primate/data/raw/weddells_saddleBack_tamarin__LW/20240217_092428.wav,lw,66.339410430839,True
/home/fcandia/tesis-primate/data/raw/weddells_saddleBack_tamarin__LW/20240217_092638.wav,lw,66.40907029478458,True
/home/fcandia/tesis-primate/data/raw/weddells_saddleBack_tamarin__LW/20240217_093000.wav,lw,77.7404081632653,True
/home/fcandia/tesis-primate/data/raw/weddells_saddleBack_tamarin__LW/20240217_093650.wav,lw,65.01587301587301,True
/home/fcandia/tesis-primate/data/raw/weddells_saddleBack_tamarin__LW/20240219_075843.wav,lw,47.25260770975056,True
/home/fcandia/tesis-primate/data/raw/weddells_saddleBack_tamarin__LW/20240219_080108.wav,lw,92.94947845804988,True
/home/fcandia/tesis-primate/data/raw/weddells_saddleBack_tamarin__LW/20240219_080321.wav,lw,21.59455782312925,True
/home/fcandia/tesis-primate/data/raw/weddells_saddleBack_tamarin__LW/20240219_080438.wav,lw,29.38485260770975,True
/home/fcandia/tesis-primate/data/raw/weddells_saddleBack_tamarin__LW/20240219_080515.wav,lw,61.90439909297052,True
/home/fcandia/tesis-primate/data/raw/weddells_saddleBack_tamarin__LW/20240219_080618.wav,lw,78.13514739229025,True
/home/fcandia/tesis-primate/data/raw/weddells_saddleBack_tamarin__LW/20240219_080817.wav,lw,38.8237641723356,True
/home/fcandia/tesis-primate/data/raw/weddells_saddleBack_tamarin__LW/20240219_081002.wav,lw,29.396462585034012,True
/home/fcandia/tesis-primate/data/raw/weddells_saddleBack_tamarin__LW/20240219_081931.wav,lw,22.709115646258503,True
/home/fcandia/tesis-primate/data/raw/weddells_saddleBack_tamarin__LW/20240223_164309.wav,lw,270.83755102040817,True
/home/fcandia/tesis-primate/data/raw/weddells_saddleBack_tamarin__LW/20240223_165223.wav,lw,19.736961451247165,True
/home/fcandia/tesis-primate/data/raw/weddells_saddleBack_tamarin__LW/20240223_165247.wav,lw,43.653514739229024,True
/home/fcandia/tesis-primate/data/raw/weddells_saddleBack_tamarin__LW/20240223_165342.wav,lw,53.75419501133787,True
/home/fcandia/tesis-primate/data/raw/weddells_saddleBack_tamarin__LW/20240223_165451.wav,lw,56.26195011337869,True
/home/fcandia/tesis-primate/data/raw/weddells_saddleBack_tamarin__LW/20240223_165645.wav,lw,38.196825396825396,True
/home/fcandia/tesis-primate/data/raw/weddells_saddleBack_tamarin__LW/20240223_165727.wav,lw,14.152562358276644,True
/home/fcandia/tesis-primate/data/raw/weddells_saddleBack_tamarin__LW/20240313_161456.wav,lw,54.82231292517007,True
/home/fcandia/tesis-primate/data/raw/weddells_saddleBack_tamarin__LW/20240313_163452.wav,lw,32.20607709750567,True
/home/fcandia/tesis-primate/data/raw/weddells_saddleBack_tamarin__LW/20240313_163548.wav,lw,70.12426303854875,True
/home/fcandia/tesis-primate/data/raw/weddells_saddleBack_tamarin__LW/20240313_163821.wav,lw,22.430476190476192,True
/home/fcandia/tesis-primate/data/raw/weddells_saddleBack_tamarin__LW/20240313_163919.wav,lw,12.30657596371882,True
/home/fcandia/tesis-primate/data/raw/weddells_saddleBack_tamarin__LW/20240313_164135.wav,lw,35.062131519274374,True
/home/fcandia/tesis-primate/data/raw/weddells_saddleBack_tamarin__LW/20240313_164337.wav,lw,4.667210884353741,True
/home/fcandia/tesis-primate/data/raw/weddells_saddleBack_tamarin__LW/20240313_164510.wav,lw,33.8314739229025,True
/home/fcandia/tesis-primate/data/raw/weddells_saddleBack_tamarin__LW/20240313_164720.wav,lw,40.00798185941043,True
/home/fcandia/tesis-primate/data/raw/weddells_saddleBack_tamarin__LW/20240313_164802.wav,lw,50.108662131519274,True
/home/fcandia/tesis-primate/data/raw/weddells_saddleBack_tamarin__LW/20240313_164932.wav,lw,60.18612244897959,True
/home/fcandia/tesis-primate/data/raw/weddells_saddleBack_tamarin__LW/20240313_165200.wav,lw,55.44925170068027,True
/home/fcandia/tesis-primate/data/raw/weddells_saddleBack_tamarin__LW/20240313_165431.wav,lw,100.54240362811791,True
/home/fcandia/tesis-primate/data/raw/weddells_saddleBack_tamarin__LW/20240313_170242.wav,lw,69.1025850340136,True
/home/fcandia/tesis-primate/data/raw/weddells_saddleBack_tamarin__LW/20240313_170427.wav,lw,46.4863492063492,True
/home/fcandia/tesis-primate/data/raw/weddells_saddleBack_tamarin__LW/20240404_065040.wav,lw,85.22884353741496,True
/home/fcandia/tesis-primate/data/raw/weddells_saddleBack_tamarin__LW/20240404_065209.wav,lw,187.26893424036282,True
/home/fcandia/tesis-primate/data/raw/weddells_saddleBack_tamarin__LW/20240404_065527.wav,lw,83.78920634920635,True
/home/fcandia/tesis-primate/data/raw/weddells_saddleBack_tamarin__LW/20240405_064940.wav,lw,44.46621315192744,True
/home/fcandia/tesis-primate/data/raw/weddells_saddleBack_tamarin__LW/20240405_065028.wav,lw,90.39528344671201,True
/home/fcandia/tesis-primate/data/raw/weddells_saddleBack_tamarin__LW/20240405_065156.wav,lw,32.41505668934241,True
/home/fcandia/tesis-primate/data/raw/weddells_saddleBack_tamarin__LW/20240405_065325.wav,lw,79.55156462585035,True
/home/fcandia/tesis-primate/data/raw/weddells_saddleBack_tamarin__LW/20240406_064426.wav,lw,18.599183673469387,True
/home/fcandia/tesis-primate/data/raw/weddells_saddleBack_tamarin__LW/20240406_064711.wav,lw,25.611609977324264,True
/home/fcandia/tesis-primate/data/raw/weddells_saddleBack_tamarin__LW/20240406_065029.wav,lw,26.261768707482993,True
/home/fcandia/tesis-primate/data/raw/weddells_saddleBack_tamarin__LW/20240409_070823.wav,lw,57.53904761904762,True
/home/fcandia/tesis-primate/data/raw/weddells_saddleBack_tamarin__LW/20240409_070943.wav,lw,30.093061224489794,True
/home/fcandia/tesis-primate/data/raw/weddells_saddleBack_tamarin__LW/20240409_070950.wav,lw,33.69215419501134,True
/home/fcandia/tesis-primate/data/raw/weddells_saddleBack_tamarin__LW/20240409_071040.wav,lw,30.580680272108843,True
/home/fcandia/tesis-primate/data/raw/weddells_saddleBack_tamarin__LW/20240409_072006.wav,lw,34.853151927437644,True
/home/fcandia/tesis-primate/data/raw/weddells_saddleBack_tamarin__LW/20240409_072157.wav,lw,32.995555555555555,True
/home/fcandia/tesis-primate/data/raw/weddells_saddleBack_tamarin__LW/20240415_141109.wav,lw,30.67356009070295,True
/home/fcandia/tesis-primate/data/raw/weddells_saddleBack_tamarin__LW/20240415_141156.wav,lw,30.48780045351474,True
/home/fcandia/tesis-primate/data/raw/weddells_saddleBack_tamarin__LW/20240415_141250.wav,lw,30.25560090702948,True
/home/fcandia/tesis-primate/data/raw/weddells_saddleBack_tamarin__LW/20240415_142027.wav,lw,36.33922902494331,True
/home/fcandia/tesis-primate/data/raw/weddells_saddleBack_tamarin__LW/20240415_142101.wav,lw,31.43981859410431,True
/home/fcandia/tesis-primate/data/raw/weddells_saddleBack_tamarin__LW/20240415_142132.wav,lw,31.068299319727892,True
/home/fcandia/tesis-primate/data/raw/weddells_saddleBack_tamarin__LW/20240415_142218.wav,lw,31.648798185941043,True
/home/fcandia/tesis-primate/data/raw/weddells_saddleBack_tamarin__LW/20240417_072505.wav,lw,26.59845804988662,True
/home/fcandia/tesis-primate/data/raw/weddells_saddleBack_tamarin__LW/20240417_072600.wav,lw,35.22467120181406,True
/home/fcandia/tesis-primate/data/raw/weddells_saddleBack_tamarin__LW/20240417_072638.wav,lw,31.068299319727892,True
/home/fcandia/tesis-primate/data/raw/weddells_saddleBack_tamarin__LW/20240417_072715.wav,lw,33.55283446712018,True
/home/fcandia/tesis-primate/data/raw/weddells_saddleBack_tamarin__LW/20240417_072755.wav,lw,17.57750566893424,True
/home/fcandia/tesis-primate/data/raw/weddells_saddleBack_tamarin__LW/20240417_072834.wav,lw,34.89959183673469,True
/home/fcandia/tesis-primate/data/raw/weddells_saddleBack_tamarin__LW/20240417_072910.wav,lw,31.880997732426305,True
/home/fcandia/tesis-primate/data/raw/weddells_saddleBack_tamarin__LW/20240417_073015.wav,lw,14.349931972789115,True
/home/fcandia/tesis-primate/data/raw/weddells_saddleBack_tamarin__LW/20240417_073041.wav,lw,28.514104308390024,True
/home/fcandia/tesis-primate/data/raw/weddells_saddleBack_tamarin__LW/20240417_073208.wav,lw,39.91510204081633,True
/home/fcandia/tesis-primate/data/raw/weddells_saddleBack_tamarin__LW/20240417_073250.wav,lw,40.4259410430839,True
/home/fcandia/tesis-primate/data/raw/weddells_saddleBack_tamarin__LW/20240417_073338.wav,lw,22.825215419501134,True
/home/fcandia/tesis-primate/data/raw/weddells_saddleBack_tamarin__LW/20240417_073543.wav,lw,31.02185941043084,True
/home/fcandia/tesis-primate/data/raw/weddells_saddleBack_tamarin__LW/20240417_073618.wav,lw,26.70294784580499,True
/home/fcandia/tesis-primate/data/raw/weddells_saddleBack_tamarin__LW/20240417_073921.wav,lw,28.096145124716553,True
/home/fcandia/tesis-primate/data/raw/weddells_saddleBack_tamarin__LW/20240417_073956.wav,lw,29.512562358276643,True
/home/fcandia/tesis-primate/data/raw/weddells_saddleBack_tamarin__LW/20240417_074025.wav,lw,55.48408163265306,True
/home/fcandia/tesis-primate/data/raw/weddells_saddleBack_tamarin__LW/20240417_074119.wav,lw,33.32063492063492,True
/home/fcandia/tesis-primate/data/raw/weddells_saddleBack_tamarin__LW/20240417_074154.wav,lw,33.34385487528345,True
/home/fcandia/tesis-primate/data/raw/weddells_saddleBack_tamarin__LW/20240417_074230.wav,lw,20.59609977324263,True
/home/fcandia/tesis-primate/data/raw/weddells_saddleBack_tamarin__LW/20240417_074301.wav,lw,23.312834467120183,True
/home/fcandia/tesis-primate/data/raw/weddells_saddleBack_tamarin__LW/20240417_074650.wav,lw,26.9815873015873,True
/home/fcandia/tesis-primate/data/raw/weddells_saddleBack_tamarin__LW/20240423_160757.wav,lw,29.1178231292517,True
/home/fcandia/tesis-primate/data/raw/weddells_saddleBack_tamarin__LW/20240423_160827.wav,lw,29.72154195011338,True
/home/fcandia/tesis-primate/data/raw/weddells_saddleBack_tamarin__LW/20240423_161019.wav,lw,41.26185941043084,True
/home/fcandia/tesis-primate/data/raw/weddells_saddleBack_tamarin__LW/20240423_161209.wav,lw,38.89342403628118,True
/home/fcandia/tesis-primate/data/raw/weddells_saddleBack_tamarin__LW/20240423_161415.wav,lw,15.116190476190477,True
/home/fcandia/tesis-primate/data/raw/weddells_saddleBack_tamarin__LW/20240423_161429.wav,lw,13.978412698412699,True
/home/fcandia/tesis-primate/data/raw/weddells_saddleBack_tamarin__LW/20240423_161444.wav,lw,36.73396825396826,True
/home/fcandia/tesis-primate/data/raw/weddells_saddleBack_tamarin__LW/20240423_161646.wav,lw,18.52952380952381,True
/home/fcandia/tesis-primate/data/raw/weddells_saddleBack_tamarin__LW/20240423_161705.wav,lw,16.764807256235827,True
/home/fcandia/tesis-primate/data/raw/weddells_saddleBack_tamarin__LW/20240423_161720.wav,lw,20.94439909297052,True
/home/fcandia/tesis-primate/data/raw/weddells_saddleBack_tamarin__LW/20240423_161744.wav,lw,16.32362811791383,True
/home/fcandia/tesis-primate/data/raw/weddells_saddleBack_tamarin__LW/20240423_161808.wav,lw,31.184399092970523,True
/home/fcandia/tesis-primate/data/raw/weddells_saddleBack_tamarin__LW/20240423_161842.wav,lw,25.797369614512473,True
/home/fcandia/tesis-primate/data/raw/weddells_saddleBack_tamarin__LW/20240423_161915.wav,lw,22.54657596371882,True
/home/fcandia/tesis-primate/data/raw/weddells_saddleBack_tamarin__LW/20240423_161944.wav,lw,15.836009070294784,True
/home/fcandia/tesis-primate/data/raw/weddells_saddleBack_tamarin__LW/20240423_162011.wav,lw,25.959909297052153,True
/home/fcandia/tesis-primate/data/raw/weddells_saddleBack_tamarin__LW/20240423_162113.wav,lw,29.210702947845807,True
/home/fcandia/tesis-primate/data/raw/weddells_saddleBack_tamarin__LW/20240423_162204.wav,lw,13.397913832199546,True
/home/fcandia/tesis-primate/data/raw/weddells_saddleBack_tamarin__LW/20240429_103603.wav,lw,31.730068027210883,True
/home/fcandia/tesis-primate/data/raw/weddells_saddleBack_tamarin__LW/20240429_103707.wav,lw,38.846984126984125,True
/home/fcandia/tesis-primate/data/raw/weddells_saddleBack_tamarin__LW/20240429_103810.wav,lw,20.874739229024943,True
/home/fcandia/tesis-primate/data/raw/weddells_saddleBack_tamarin__LW/20240429_103835.wav,lw,34.27265306122449,True
/home/fcandia/tesis-primate/data/raw/weddells_saddleBack_tamarin__LW/20240429_103907.wav,lw,38.89342403628118,True
/home/fcandia/tesis-primate/data/raw/weddells_saddleBack_tamarin__LW/20240429_103953.wav,lw,40.49560090702948,True
/home/fcandia/tesis-primate/data/raw/weddells_saddleBack_tamarin__LW/20240429_104031.wav,lw,30.232380952380954,True
/home/fcandia/tesis-primate/data/raw/weddells_saddleBack_tamarin__LW/20240429_104127.wav,lw,38.800544217687076,True
/home/fcandia/tesis-primate/data/raw/weddells_saddleBack_tamarin__LW/20240429_104219.wav,lw,23.173514739229024,True
/home/fcandia/tesis-primate/data/raw/weddells_saddleBack_tamarin__LW/20240429_104301.wav,lw,26.911927437641722,True
/home/fcandia/tesis-primate/data/raw/weddells_saddleBack_tamarin__LW/20240429_104352.wav,lw,9.079002267573696,True
/home/fcandia/tesis-primate/data/raw/weddells_saddleBack_tamarin__LW/20240429_104402.wav,lw,36.91972789115646,True
/home/fcandia/tesis-primate/data/raw/weddells_saddleBack_tamarin__LW/20240429_104447.wav,lw,33.55283446712018,True
/home/fcandia/tesis-primate/data/raw/weddells_saddleBack_tamarin__LW/20240429_104519.wav,lw,23.103854875283446,True
/home/fcandia/tesis-primate/data/raw/weddells_saddleBack_tamarin__LW/20240429_104556.wav,lw,16.92734693877551,True
/home/fcandia/tesis-primate/data/raw/weddells_saddleBack_tamarin__LW/20240429_104638.wav,lw,31.950657596371883,True
/home/fcandia/tesis-primate/data/raw/weddells_saddleBack_tamarin__LW/20240429_104844.wav,lw,23.359274376417233,True
/home/fcandia/tesis-primate/data/raw/weddells_saddleBack_tamarin__LW/20240501_141117.wav,lw,31.30049886621315,True
/home/fcandia/tesis-primate/data/raw/weddells_saddleBack_tamarin__LW/20240501_141147.wav,lw,31.579138321995465,True
/home/fcandia/tesis-primate/data/raw/weddells_saddleBack_tamarin__LW/20240502_070025.wav,lw,39.404263038548756,True
/home/fcandia/tesis-primate/data/raw/weddells_saddleBack_tamarin__LW/20240502_070141.wav,lw,27.329886621315193,True
/home/fcandia/tesis-primate/data/raw/weddells_saddleBack_tamarin__LW/20240504_121241.wav,lw,30.812879818594105,True
/home/fcandia/tesis-primate/data/raw/weddells_saddleBack_tamarin__LW/20240504_121521.wav,lw,35.50331065759637,True
/home/fcandia/tesis-primate/data/raw/weddells_saddleBack_tamarin__LW/20240504_121644.wav,lw,32.995555555555555,True
/home/fcandia/tesis-primate/data/raw/weddells_saddleBack_tamarin__LW/20240504_121927.wav,lw,30.812879818594105,True
/home/fcandia/tesis-primate/data/raw/weddells_saddleBack_tamarin__LW/20240504_122047.wav,lw,30.627120181405896,True
/home/fcandia/tesis-primate/data/raw/weddells_saddleBack_tamarin__LW/20240504_122133.wav,lw,34.76027210884354,True
/home/fcandia/tesis-primate/data/raw/weddells_saddleBack_tamarin__LW/20240504_122216.wav,lw,31.045079365079363,True
/home/fcandia/tesis-primate/data/raw/weddells_saddleBack_tamarin__LW/20240504_122245.wav,lw,35.38721088435374,True
/home/fcandia/tesis-primate/data/raw/weddells_saddleBack_tamarin__LW/20240504_123202.wav,lw,7.453605442176871,True
/home/fcandia/tesis-primate/data/raw/weddells_saddleBack_tamarin__LW/20240505_060714.wav,lw,30.603900226757368,True
/home/fcandia/tesis-primate/data/raw/weddells_saddleBack_tamarin__LW/20240505_060851.wav,lw,30.48780045351474,True
/home/fcandia/tesis-primate/data/raw/weddells_saddleBack_tamarin__LW/20240505_061216.wav,lw,29.95374149659864,True
/home/fcandia/tesis-primate/data/raw/weddells_saddleBack_tamarin__LW/20240505_061414.wav,lw,31.184399092970523,True
/home/fcandia/tesis-primate/data/raw/weddells_saddleBack_tamarin__LW/20240505_061443.wav,lw,31.114739229024945,True
/home/fcandia/tesis-primate/data/raw/weddells_saddleBack_tamarin__LW/20240505_061530.wav,lw,30.25560090702948,True
/home/fcandia/tesis-primate/data/raw/weddells_saddleBack_tamarin__LW/20240505_061608.wav,lw,45.67365079365079,True
/home/fcandia/tesis-primate/data/raw/weddells_saddleBack_tamarin__LW/20240505_061737.wav,lw,30.67356009070295,True
/home/fcandia/tesis-primate/data/raw/weddells_saddleBack_tamarin__LW/20240505_061828.wav,lw,31.62557823129252,True
/home/fcandia/tesis-primate/data/raw/weddells_saddleBack_tamarin__LW/20240505_061901.wav,lw,30.975419501133786,True
/home/fcandia/tesis-primate/data/raw/weddells_saddleBack_tamarin__LW/20240508_082820.wav,lw,15.17424036281179,True
/home/fcandia/tesis-primate/data/raw/weddells_saddleBack_tamarin__LW/20240508_082850.wav,lw,38.196825396825396,True
/home/fcandia/tesis-primate/data/raw/weddells_saddleBack_tamarin__LW/20240508_082937.wav,lw,48.18140589569161,True
/home/fcandia/tesis-primate/data/raw/weddells_saddleBack_tamarin__LW/20240508_083150.wav,lw,21.571337868480725,True
/home/fcandia/tesis-primate/data/raw/weddells_saddleBack_tamarin__LW/20240508_083413.wav,lw,20.921179138321996,True
/home/fcandia/tesis-primate/data/raw/weddells_saddleBack_tamarin__LW/20240514_154804.wav,lw,30.859319727891158,True
/home/fcandia/tesis-primate/data/raw/weddells_saddleBack_tamarin__LW/20240514_154846.wav,lw,31.41659863945578,True
/home/fcandia/tesis-primate/data/raw/weddells_saddleBack_tamarin__LW/20240514_154915.wav,lw,31.207619047619048,True
/home/fcandia/tesis-primate/data/raw/weddells_saddleBack_tamarin__LW/20240514_155052.wav,lw,30.67356009070295,True
/home/fcandia/tesis-primate/data/raw/weddells_saddleBack_tamarin__LW/20240514_155126.wav,lw,30.48780045351474,True
/home/fcandia/tesis-primate/data/raw/weddells_saddleBack_tamarin__LW/20240514_155210.wav,lw,35.20145124716553,True
/home/fcandia/tesis-primate/data/raw/weddells_saddleBack_tamarin__LW/20240514_155246.wav,lw,41.424399092970525,True
/home/fcandia/tesis-primate/data/raw/weddells_saddleBack_tamarin__LW/20240514_155329.wav,lw,40.147301587301584,True
/home/fcandia/tesis-primate/data/raw/weddells_saddleBack_tamarin__LW/20240514_155650.wav,lw,30.627120181405896,True
/home/fcandia/tesis-primate/data/raw/weddells_saddleBack_tamarin__LW/20240514_155918.wav,lw,30.859319727891158,True
/home/fcandia/tesis-primate/data/raw/weddells_saddleBack_tamarin__LW/20240514_160835.wav,lw,31.555918367346937,True
/home/fcandia/tesis-primate/data/raw/weddells_saddleBack_tamarin__LW/20240514_161429.wav,lw,31.13795918367347,True
/home/fcandia/tesis-primate/data/raw/weddells_saddleBack_tamarin__LW/20240516_161443.wav,lw,30.905759637188208,True
/home/fcandia/tesis-primate/data/raw/weddells_saddleBack_tamarin__LW/20240520_070305.wav,lw,30.023401360544216,True
/home/fcandia/tesis-primate/data/raw/weddells_saddleBack_tamarin__LW/20240520_070335.wav,lw,30.603900226757368,True
/home/fcandia/tesis-primate/data/raw/weddells_saddleBack_tamarin__LW/20240520_070405.wav,lw,31.068299319727892,True
/home/fcandia/tesis-primate/data/raw/weddells_saddleBack_tamarin__LW/20240520_070436.wav,lw,30.511020408163265,True
/home/fcandia/tesis-primate/data/raw/weddells_saddleBack_tamarin__LW/20240520_070507.wav,lw,30.464580498866212,True
/home/fcandia/tesis-primate/data/raw/weddells_saddleBack_tamarin__LW/20240520_070537.wav,lw,25.402630385487527,True
/home/fcandia/tesis-primate/data/raw/weddells_saddleBack_tamarin__LW/20240520_070613.wav,lw,25.611609977324264,True
/home/fcandia/tesis-primate/data/raw/weddells_saddleBack_tamarin__LW/20240520_070637.wav,lw,30.37170068027211,True
/home/fcandia/tesis-primate/data/raw/weddells_saddleBack_tamarin__LW/20240520_070707.wav,lw,30.418140589569163,True
/home/fcandia/tesis-primate/data/raw/weddells_saddleBack_tamarin__LW/20240520_070738.wav,lw,31.532698412698412,True
/home/fcandia/tesis-primate/data/raw/weddells_saddleBack_tamarin__LW/20240520_070831.wav,lw,30.441360544217687,True
/home/fcandia/tesis-primate/data/raw/weddells_saddleBack_tamarin__LW/20240520_070906.wav,lw,35.50331065759637,True
/home/fcandia/tesis-primate/data/raw/weddells_saddleBack_tamarin__LW/20240520_071202.wav,lw,26.586848072562358,True
/home/fcandia/tesis-primate/data/raw/weddells_saddleBack_tamarin__LW/20240520_071352.wav,lw,31.184399092970523,True
/home/fcandia/tesis-primate/data/raw/weddells_saddleBack_tamarin__LW/20240520_071421.wav,lw,31.114739229024945,True
/home/fcandia/tesis-primate/data/raw/weddells_saddleBack_tamarin__LW/20240520_071500.wav,lw,30.72,True
/home/fcandia/tesis-primate/data/raw/weddells_saddleBack_tamarin__LW/20240520_071536.wav,lw,31.091519274376417,True
/home/fcandia/tesis-primate/data/raw/weddells_saddleBack_tamarin__LW/20240520_071610.wav,lw,30.53424036281179,True
/home/fcandia/tesis-primate/data/raw/weddells_saddleBack_tamarin__LW/20240520_071653.wav,lw,30.72,True
/home/fcandia/tesis-primate/data/raw/weddells_saddleBack_tamarin__LW/20240520_071750.wav,lw,30.580680272108843,True
/home/fcandia/tesis-primate/data/raw/weddells_saddleBack_tamarin__LW/20240520_071846.wav,lw,30.812879818594105,True
/home/fcandia/tesis-primate/data/raw/weddells_saddleBack_tamarin__LW/20240520_071933.wav,lw,35.50331065759637,True
/home/fcandia/tesis-primate/data/raw/weddells_saddleBack_tamarin__LW/20240520_072024.wav,lw,25.611609977324264,True
/home/fcandia/tesis-primate/data/raw/weddells_saddleBack_tamarin__LW/20240520_072109.wav,lw,30.53424036281179,True
/home/fcandia/tesis-primate/data/raw/weddells_saddleBack_tamarin__LW/20240527_093534.wav,lw,33.216145124716554,True
/home/fcandia/tesis-primate/data/raw/weddells_saddleBack_tamarin__LW/20240527_093606.wav,lw,35.87482993197279,True
/home/fcandia/tesis-primate/data/raw/weddells_saddleBack_tamarin__LW/20240527_093643.wav,lw,38.034285714285716,True
/home/fcandia/tesis-primate/data/raw/weddells_saddleBack_tamarin__LW/20240527_093724.wav,lw,30.55746031746032,True
/home/fcandia/tesis-primate/data/raw/weddells_saddleBack_tamarin__LW/20240527_093810.wav,lw,31.532698412698412,True
/home/fcandia/tesis-primate/data/raw/weddells_saddleBack_tamarin__LW/20240527_093843.wav,lw,39.91510204081633,True
/home/fcandia/tesis-primate/data/raw/weddells_saddleBack_tamarin__LW/20240527_093920.wav,lw,31.950657596371883,True
/home/fcandia/tesis-primate/data/raw/weddells_saddleBack_tamarin__LW/20240527_093952.wav,lw,31.71845804988662,True
/home/fcandia/tesis-primate/data/raw/weddells_saddleBack_tamarin__LW/20240527_094024.wav,lw,28.258684807256238,True
/home/fcandia/tesis-primate/data/raw/weddells_saddleBack_tamarin__LW/20240528_081444.wav,lw,31.567528344671203,True
/home/fcandia/tesis-primate/data/raw/weddells_saddleBack_tamarin__LW/20240528_081515.wav,lw,31.555918367346937,True
/home/fcandia/tesis-primate/data/raw/weddells_saddleBack_tamarin__LW/20240528_081547.wav,lw,34.22621315192744,True
/home/fcandia/tesis-primate/data/raw/weddells_saddleBack_tamarin__LW/20240528_081620.wav,lw,33.50639455782313,True
/home/fcandia/tesis-primate/data/raw/weddells_saddleBack_tamarin__LW/20240528_081654.wav,lw,33.34385487528345,True
/home/fcandia/tesis-primate/data/raw/weddells_saddleBack_tamarin__LW/20240528_081746.wav,lw,39.996371882086166,True
/home/fcandia/tesis-primate/data/raw/weddells_saddleBack_tamarin__LW/20240528_081824.wav,lw,35.43365079365079,True
/home/fcandia/tesis-primate/data/raw/weddells_saddleBack_tamarin__LW/20240528_081900.wav,lw,32.391836734693875,True
/home/fcandia/tesis-primate/data/raw/weddells_saddleBack_tamarin__LW/20240528_081940.wav,lw,34.702222222222225,True
/home/fcandia/tesis-primate/data/raw/weddells_saddleBack_tamarin__LW/20240528_082014.wav,lw,26.284988662131518,True
/home/fcandia/tesis-primate/data/raw/weddells_saddleBack_tamarin__LW/20240604_152730.wav,lw,30.26721088435374,True
/home/fcandia/tesis-primate/data/raw/weddells_saddleBack_tamarin__LW/20240604_152836.wav,lw,31.068299319727892,True
/home/fcandia/tesis-primate/data/raw/weddells_saddleBack_tamarin__LW/20240610_140949.wav,lw,30.905759637188208,True
/home/fcandia/tesis-primate/data/raw/weddells_saddleBack_tamarin__LW/20240610_141028.wav,lw,30.766439909297052,True
/home/fcandia/tesis-primate/data/raw/weddells_saddleBack_tamarin__LW/20240610_141119.wav,lw,30.441360544217687,True
/home/fcandia/tesis-primate/data/raw/weddells_saddleBack_tamarin__LW/20240610_141324.wav,lw,39.172063492063494,True
/home/fcandia/tesis-primate/data/raw/weddells_saddleBack_tamarin__LW/20240611_070057.wav,lw,20.82829931972789,True
/home/fcandia/tesis-primate/data/raw/weddells_saddleBack_tamarin__LW/20240611_070122.wav,lw,26.81904761904762,True
/home/fcandia/tesis-primate/data/raw/weddells_saddleBack_tamarin__LW/20240611_070148.wav,lw,30.603900226757368,True
/home/fcandia/tesis-primate/data/raw/weddells_saddleBack_tamarin__LW/20240611_070241.wav,lw,34.528072562358275,True
/home/fcandia/tesis-primate/data/raw/weddells_saddleBack_tamarin__LW/20240611_070313.wav,lw,37.94140589569161,True
/home/fcandia/tesis-primate/data/raw/weddells_saddleBack_tamarin__LW/20240611_070445.wav,lw,30.30204081632653,True
/home/fcandia/tesis-primate/data/raw/weddells_saddleBack_tamarin__LW/20240611_070514.wav,lw,30.55746031746032,True
/home/fcandia/tesis-primate/data/raw/weddells_saddleBack_tamarin__LW/20240611_070545.wav,lw,34.690612244897956,True
/home/fcandia/tesis-primate/data/raw/weddells_saddleBack_tamarin__LW/20240611_070620.wav,lw,30.278820861678003,True
/home/fcandia/tesis-primate/data/raw/weddells_saddleBack_tamarin__LW/20240611_070654.wav,lw,31.32371882086168,True
/home/fcandia/tesis-primate/data/raw/weddells_saddleBack_tamarin__LW/20240611_070722.wav,lw,30.093061224489794,True
/home/fcandia/tesis-primate/data/raw/weddells_saddleBack_tamarin__LW/20240611_070752.wav,lw,30.418140589569163,True
/home/fcandia/tesis-primate/data/raw/weddells_saddleBack_tamarin__LW/20240611_070823.wav,lw,30.046621315192745,True
/home/fcandia/tesis-primate/data/raw/weddells_saddleBack_tamarin__LW/20240611_070853.wav,lw,30.232380952380954,True
/home/fcandia/tesis-primate/data/raw/weddells_saddleBack_tamarin__LW/20240611_070923.wav,lw,30.37170068027211,True
/home/fcandia/tesis-primate/data/raw/weddells_saddleBack_tamarin__LW/20240611_071141.wav,lw,30.394920634920634,True
/home/fcandia/tesis-primate/data/raw/weddells_saddleBack_tamarin__LW/20240611_071211.wav,lw,45.139591836734695,True
/home/fcandia/tesis-primate/data/raw/weddells_saddleBack_tamarin__LW/20240621_151211.wav,lw,26.63328798185941,True
/home/fcandia/tesis-primate/data/raw/weddells_saddleBack_tamarin__LW/20240621_151258.wav,lw,30.812879818594105,True
/home/fcandia/tesis-primate/data/raw/weddells_saddleBack_tamarin__LW/20240621_151414.wav,lw,25.611609977324264,True
/home/fcandia/tesis-primate/data/raw/weddells_saddleBack_tamarin__LW/20240621_151507.wav,lw,30.627120181405896,True
/home/fcandia/tesis-primate/data/raw/weddells_saddleBack_tamarin__LW/20240621_151548.wav,lw,25.890249433106575,True
/home/fcandia/tesis-primate/data/raw/weddells_saddleBack_tamarin__LW/20240621_151614.wav,lw,25.56517006802721,True
/home/fcandia/tesis-primate/data/raw/weddells_saddleBack_tamarin__LW/20240621_151639.wav,lw,30.696780045351474,True
/home/fcandia/tesis-primate/data/raw/weddells_saddleBack_tamarin__LW/20240621_151709.wav,lw,30.65034013605442,True
/home/fcandia/tesis-primate/data/raw/weddells_saddleBack_tamarin__LW/20240621_151822.wav,lw,30.53424036281179,True
/home/fcandia/tesis-primate/data/raw/weddells_saddleBack_tamarin__LW/20240621_151902.wav,lw,30.53424036281179,True
/home/fcandia/tesis-primate/data/raw/weddells_saddleBack_tamarin__LW/20240621_152010.wav,lw,30.34848072562358,True
/home/fcandia/tesis-primate/data/raw/weddells_saddleBack_tamarin__LW/20240621_152111.wav,lw,35.64263038548753,True
/home/fcandia/tesis-primate/data/raw/weddells_saddleBack_tamarin__LW/20240621_152146.wav,lw,31.045079365079363,True
/home/fcandia/tesis-primate/data/raw/weddells_saddleBack_tamarin__LW/20240621_152232.wav,lw,30.998639455782314,True
/home/fcandia/tesis-primate/data/raw/weddells_saddleBack_tamarin__LW/20240621_152438.wav,lw,32.25251700680272,True
/home/fcandia/tesis-primate/data/raw/weddells_saddleBack_tamarin__LW/20240822_084753.wav,lw,21.0140589569161,True
/home/fcandia/tesis-primate/data/raw/weddells_saddleBack_tamarin__LW/20240822_084824.wav,lw,18.970702947845805,True
/home/fcandia/tesis-primate/data/raw/weddells_saddleBack_tamarin__LW/20240822_084840.wav,lw,20.201360544217685,True
/home/fcandia/tesis-primate/data/raw/weddells_saddleBack_tamarin__LW/20240822_084901.wav,lw,18.06512471655329,True
/home/fcandia/tesis-primate/data/raw/weddells_saddleBack_tamarin__LW/20240822_084918.wav,lw,21.408798185941045,True
/home/fcandia/tesis-primate/data/raw/weddells_saddleBack_tamarin__LW/20240822_085005.wav,lw,31.880997732426305,True
/home/fcandia/tesis-primate/data/raw/weddells_saddleBack_tamarin__LW/20240822_085037.wav,lw,26.63328798185941,True
/home/fcandia/tesis-primate/data/raw/weddells_saddleBack_tamarin__LW/20240822_085203.wav,lw,47.438367346938776,True
/home/fcandia/tesis-primate/data/raw/weddells_saddleBack_tamarin__LW/20240823_072215.wav,lw,27.840725623582767,True
/home/fcandia/tesis-primate/data/raw/weddells_saddleBack_tamarin__LW/20240823_072318.wav,lw,29.210702947845807,True
/home/fcandia/tesis-primate/data/raw/weddells_saddleBack_tamarin__LW/20240823_072435.wav,lw,39.68290249433107,True
/home/fcandia/tesis-primate/data/raw/weddells_saddleBack_tamarin__LW/20240823_072553.wav,lw,39.65968253968254,True
/home/fcandia/tesis-primate/data/raw/weddells_saddleBack_tamarin__LW/20240823_073017.wav,lw,40.19374149659864,True
/home/fcandia/tesis-primate/data/raw/weddells_saddleBack_tamarin__LW/20240905_080346.wav,lw,33.3902947845805,True
/home/fcandia/tesis-primate/data/raw/weddells_saddleBack_tamarin__LW/20240905_080428.wav,lw,20.038820861678005,True
/home/fcandia/tesis-primate/data/raw/weddells_saddleBack_tamarin__LW/20240905_080457.wav,lw,24.288072562358277,True
/home/fcandia/tesis-primate/data/raw/weddells_saddleBack_tamarin__LW/20240905_080530.wav,lw,31.695238095238096,True
/home/fcandia/tesis-primate/data/raw/weddells_saddleBack_tamarin__LW/20240905_080559.wav,lw,24.61315192743764,True
/home/fcandia/tesis-primate/data/raw/weddells_saddleBack_tamarin__LW/20240905_080700.wav,lw,30.812879818594105,True
/home/fcandia/tesis-primate/data/raw/weddells_saddleBack_tamarin__LW/20240905_080730.wav,lw,24.938231292517006,True
/home/fcandia/tesis-primate/data/raw/weddells_saddleBack_tamarin__LW/20240905_080754.wav,lw,37.24480725623583,True
/home/fcandia/tesis-primate/data/raw/weddells_saddleBack_tamarin__LW/20240905_080831.wav,lw,30.232380952380954,True
/home/fcandia/tesis-primate/data/raw/weddells_saddleBack_tamarin__LW/20240905_080902.wav,lw,33.62249433106576,True
/home/fcandia/tesis-primate/data/raw/weddells_saddleBack_tamarin__LW/20240905_081025.wav,lw,36.45532879818594,True
/home/fcandia/tesis-primate/data/raw/weddells_saddleBack_tamarin__LW/20240905_081059.wav,lw,37.77886621315193,True
/home/fcandia/tesis-primate/data/raw/weddells_saddleBack_tamarin__LW/20240905_081136.wav,lw,31.277278911564625,True
/home/fcandia/tesis-primate/data/raw/weddells_saddleBack_tamarin__LW/20240905_081212.wav,lw,53.54521541950113,True
/home/fcandia/tesis-primate/data/raw/weddells_saddleBack_tamarin__LW/20240905_081306.wav,lw,60.162902494331064,True
/home/fcandia/tesis-primate/data/raw/weddells_saddleBack_tamarin__LW/20240905_081404.wav,lw,56.679909297052156,True
/home/fcandia/tesis-primate/data/raw/weddells_saddleBack_tamarin__LW/20240905_081511.wav,lw,33.34385487528345,True
/home/fcandia/tesis-primate/data/raw/weddells_saddleBack_tamarin__LW/20240921_161927.wav,lw,18.94748299319728,True
/home/fcandia/tesis-primate/data/raw/weddells_saddleBack_tamarin__LW/20240921_162015.wav,lw,31.068299319727892,True
/home/fcandia/tesis-primate/data/raw/weddells_saddleBack_tamarin__LW/20240921_162058.wav,lw,25.193650793650793,True
/home/fcandia/tesis-primate/data/raw/weddells_saddleBack_tamarin__LW/20240921_163017.wav,lw,15.371609977324264,True
/home/fcandia/tesis-primate/data/raw/weddells_saddleBack_tamarin__LW/20240921_163035.wav,lw,20.410340136054423,True
/home/fcandia/tesis-primate/data/raw/weddells_saddleBack_tamarin__LW/20240921_163053.wav,lw,19.969160997732427,True
/home/fcandia/tesis-primate/data/raw/weddells_saddleBack_tamarin__LW/20241116_054024.wav,lw,4.098321995464852,True
/home/fcandia/tesis-primate/data/raw/weddells_saddleBack_tamarin__LW/20241116_054110.wav,lw,48.251065759637186,True
/home/fcandia/tesis-primate/data/raw/weddells_saddleBack_tamarin__LW/20241116_054221.wav,lw,17.04344671201814,True
/home/fcandia/tesis-primate/data/raw/weddells_saddleBack_tamarin__LW/20241116_054252.wav,lw,8.730702947845804,True
/home/fcandia/tesis-primate/data/raw/weddells_saddleBack_tamarin__LW/20241116_054335.wav,lw,11.888616780045352,True
/home/fcandia/tesis-primate/data/raw/weddells_saddleBack_tamarin__LW/20241116_054345.wav,lw,23.637913832199548,True
/home/fcandia/tesis-primate/data/raw/weddells_saddleBack_tamarin__LW/20250107_095254.wav,lw,15.116190476190477,True
/home/fcandia/tesis-primate/data/raw/weddells_saddleBack_tamarin__LW/20250107_095322.wav,lw,18.599183673469387,True
/home/fcandia/tesis-primate/data/raw/weddells_saddleBack_tamarin__LW/20250113_093520.wav,lw,15.17424036281179,True
/home/fcandia/tesis-primate/data/raw/weddells_saddleBack_tamarin__LW/20250113_093535.wav,lw,22.19827664399093,True
/home/fcandia/tesis-primate/data/raw/weddells_saddleBack_tamarin__LW/20250113_093602.wav,lw,21.687437641723356,True
/home/fcandia/tesis-primate/data/raw/weddells_saddleBack_tamarin__LW/20250113_093658.wav,lw,30.511020408163265,True
/home/fcandia/tesis-primate/data/raw/weddells_saddleBack_tamarin__LW/20250113_093732.wav,lw,26.470748299319727,True
/home/fcandia/tesis-primate/data/raw/weddells_saddleBack_tamarin__LW/20250113_093823.wav,lw,30.522630385487528,True
/home/fcandia/tesis-primate/data/raw/weddells_saddleBack_tamarin__LW/20250113_093902.wav,lw,35.71229024943311,True
/home/fcandia/tesis-primate/data/raw/weddells_saddleBack_tamarin__LW/20250113_093935.wav,lw,21.524897959183672,True
/home/fcandia/tesis-primate/data/raw/weddells_saddleBack_tamarin__LW/20250113_093957.wav,lw,62.02049886621315,True
/home/fcandia/tesis-primate/data/raw/weddells_saddleBack_tamarin__LW/20250113_094101.wav,lw,25.75092970521542,True
/home/fcandia/tesis-primate/data/raw/weddells_saddleBack_tamarin__LW/20250113_094130.wav,lw,32.78657596371882,True
/home/fcandia/tesis-primate/data/raw/weddells_saddleBack_tamarin__LW/20250113_094213.wav,lw,14.466031746031746,True
/home/fcandia/tesis-primate/data/raw/weddells_saddleBack_tamarin__LW/240125_0025.wav,lw,71.81061224489795,True
/home/fcandia/tesis-primate/data/raw/weddells_saddleBack_tamarin__LW/240125_0028.wav,lw,63.6865306122449,True
/home/fcandia/tesis-primate/data/raw/weddells_saddleBack_tamarin__LW/E and lower/20240119_161406.wav,lw,62.368798185941046,False
/home/fcandia/tesis-primate/data/raw/weddells_saddleBack_tamarin__LW/E and lower/20240125_162118.wav,lw,10.541859410430838,False
/home/fcandia/tesis-primate/data/raw/weddells_saddleBack_tamarin__LW/E and lower/20240125_162319.wav,lw,15.47609977324263,False
/home/fcandia/tesis-primate/data/raw/weddells_saddleBack_tamarin__LW/E and lower/20240125_162401.wav,lw,28.560544217687074,False
/home/fcandia/tesis-primate/data/raw/weddells_saddleBack_tamarin__LW/E and lower/20240125_162533.wav,lw,13.339863945578232,False
/home/fcandia/tesis-primate/data/raw/weddells_saddleBack_tamarin__LW/E and lower/20240125_162613.wav,lw,34.5512925170068,False
/home/fcandia/tesis-primate/data/raw/weddells_saddleBack_tamarin__LW/E and lower/20240125_162710.wav,lw,41.28507936507936,False
/home/fcandia/tesis-primate/data/raw/weddells_saddleBack_tamarin__LW/E and lower/20240125_162953.wav,lw,17.565895691609978,False
/home/fcandia/tesis-primate/data/raw/weddells_saddleBack_tamarin__LW/E and lower/20240125_163101.wav,lw,15.151020408163266,False
/home/fcandia/tesis-primate/data/raw/weddells_saddleBack_tamarin__LW/E and lower/20240127_115449.wav,lw,86.95873015873016,False
/home/fcandia/tesis-primate/data/raw/weddells_saddleBack_tamarin__LW/E and lower/20240127_115909.wav,lw,99.99673469387756,False
/home/fcandia/tesis-primate/data/raw/weddells_saddleBack_tamarin__LW/E and lower/20240127_120917.wav,lw,69.75274376417234,False
/home/fcandia/tesis-primate/data/raw/weddells_saddleBack_tamarin__LW/E and lower/20240129_121623.wav,lw,30.63873015873016,False
/home/fcandia/tesis-primate/data/raw/weddells_saddleBack_tamarin__LW/E and lower/20240129_121749.wav,lw,10.716009070294785,False
/home/fcandia/tesis-primate/data/raw/weddells_saddleBack_tamarin__LW/E and lower/20240129_122224.wav,lw,41.86557823129252,False
/home/fcandia/tesis-primate/data/raw/weddells_saddleBack_tamarin__LW/E and lower/20240129_122423.wav,lw,19.22612244897959,False
/home/fcandia/tesis-primate/data/raw/weddells_saddleBack_tamarin__LW/E and lower/20240129_122502.wav,lw,24.18358276643991,False
/home/fcandia/tesis-primate/data/raw/weddells_saddleBack_tamarin__LW/E and lower/20240129_124655.wav,lw,30.476190476190474,False
/home/fcandia/tesis-primate/data/raw/weddells_saddleBack_tamarin__LW/E and lower/20240129_124826.wav,lw,11.911836734693878,False
/home/fcandia/tesis-primate/data/raw/weddells_saddleBack_tamarin__LW/E and lower/20240207_103029.wav,lw,83.61505668934241,False
/home/fcandia/tesis-primate/data/raw/weddells_saddleBack_tamarin__LW/E and lower/20240210_120317.wav,lw,9.241541950113378,False
/home/fcandia/tesis-primate/data/raw/weddells_saddleBack_tamarin__LW/E and lower/20240210_120356.wav,lw,26.71455782312925,False
/home/fcandia/tesis-primate/data/raw/weddells_saddleBack_tamarin__LW/E and lower/20240210_120424.wav,lw,41.35473922902494,False
/home/fcandia/tesis-primate/data/raw/weddells_saddleBack_tamarin__LW/E and lower/20240210_121114.wav,lw,78.2164172335601,False
/home/fcandia/tesis-primate/data/raw/weddells_saddleBack_tamarin__LW/E and lower/20240210_121749.wav,lw,4.876190476190477,False
/home/fcandia/tesis-primate/data/raw/weddells_saddleBack_tamarin__LW/E and lower/20240210_121830.wav,lw,6.30421768707483,False
/home/fcandia/tesis-primate/data/raw/weddells_saddleBack_tamarin__LW/E and lower/20240214_101305.wav,lw,26.273378684807255,False
/home/fcandia/tesis-primate/data/raw/weddells_saddleBack_tamarin__LW/E and lower/20240214_101330.wav,lw,9.218321995464853,False
/home/fcandia/tesis-primate/data/raw/weddells_saddleBack_tamarin__LW/E and lower/20240217_085823.wav,lw,60.19773242630386,False
/home/fcandia/tesis-primate/data/raw/weddells_saddleBack_tamarin__LW/E and lower/20240217_085933.wav,lw,60.74340136054422,False
/home/fcandia/tesis-primate/data/raw/weddells_saddleBack_tamarin__LW/E and lower/20240217_090837.wav,lw,20.387120181405894,False
/home/fcandia/tesis-primate/data/raw/weddells_saddleBack_tamarin__LW/E and lower/20240217_090902.wav,lw,63.87809523809524,False
/home/fcandia/tesis-primate/data/raw/weddells_saddleBack_tamarin__LW/E and lower/20240217_091036.wav,lw,60.55764172335601,False
/home/fcandia/tesis-primate/data/raw/weddells_saddleBack_tamarin__LW/E and lower/20240217_091223.wav,lw,16.69514739229025,False
/home/fcandia/tesis-primate/data/raw/weddells_saddleBack_tamarin__LW/E and lower/20240217_091255.wav,lw,62.136598639455784,False
/home/fcandia/tesis-primate/data/raw/weddells_saddleBack_tamarin__LW/E and lower/20240217_091504.wav,lw,63.97097505668934,False
/home/fcandia/tesis-primate/data/raw/weddells_saddleBack_tamarin__LW/E and lower/20240217_091742.wav,lw,39.70612244897959,False
/home/fcandia/tesis-primate/data/raw/weddells_saddleBack_tamarin__LW/E and lower/20240217_092153.wav,lw,27.70140589569161,False
/home/fcandia/tesis-primate/data/raw/weddells_saddleBack_tamarin__LW/E and lower/20240217_092751.wav,lw,60.720181405895694,False
/home/fcandia/tesis-primate/data/raw/weddells_saddleBack_tamarin__LW/E and lower/20240217_092903.wav,lw,30.998639455782314,False
/home/fcandia/tesis-primate/data/raw/weddells_saddleBack_tamarin__LW/E and lower/20240217_093120.wav,lw,55.913650793650795,False
/home/fcandia/tesis-primate/data/raw/weddells_saddleBack_tamarin__LW/E and lower/20240217_093234.wav,lw,76.27755102040817,False
/home/fcandia/tesis-primate/data/raw/weddells_saddleBack_tamarin__LW/E and lower/20240217_093354.wav,lw,65.03909297052154,False
/home/fcandia/tesis-primate/data/raw/weddells_saddleBack_tamarin__LW/E and lower/20240217_093524.wav,lw,65.66603174603175,False
/home/fcandia/tesis-primate/data/raw/weddells_saddleBack_tamarin__LW/E and lower/20240219_075409.wav,lw,83.73115646258503,False
/home/fcandia/tesis-primate/data/raw/weddells_saddleBack_tamarin__LW/E and lower/20240219_075546.wav,lw,3.8545124716553287,False
/home/fcandia/tesis-primate/data/raw/weddells_saddleBack_tamarin__LW/E and lower/20240219_075739.wav,lw,37.50022675736962,False
/home/fcandia/tesis-primate/data/raw/weddells_saddleBack_tamarin__LW/E and lower/20240219_080108.wav,lw,92.94947845804988,False
/home/fcandia/tesis-primate/data/raw/weddells_saddleBack_tamarin__LW/E and lower/20240219_080438.wav,lw,29.38485260770975,False
/home/fcandia/tesis-primate/data/raw/weddells_saddleBack_tamarin__LW/E and lower/20240219_080742.wav,lw,32.995555555555555,False
/home/fcandia/tesis-primate/data/raw/weddells_saddleBack_tamarin__LW/E and lower/20240219_080904.wav,lw,12.887074829931972,False
/home/fcandia/tesis-primate/data/raw/weddells_saddleBack_tamarin__LW/E and lower/20240219_080922.wav,lw,30.464580498866212,False
/home/fcandia/tesis-primate/data/raw/weddells_saddleBack_tamarin__LW/E and lower/20240219_081240.wav,lw,284.1193650793651,False
/home/fcandia/tesis-primate/data/raw/weddells_saddleBack_tamarin__LW/E and lower/20240219_081555.wav,lw,26.09922902494331,False
/home/fcandia/tesis-primate/data/raw/weddells_saddleBack_tamarin__LW/E and lower/20240219_081733.wav,lw,87.56244897959184,False
/home/fcandia/tesis-primate/data/raw/weddells_saddleBack_tamarin__LW/E and lower/20240219_081902.wav,lw,83.3944671201814,False
/home/fcandia/tesis-primate/data/raw/weddells_saddleBack_tamarin__LW/E and lower/20240223_165620.wav,lw,18.83138321995465,False
/home/fcandia/tesis-primate/data/raw/weddells_saddleBack_tamarin__LW/E and lower/20240223_165916.wav,lw,15.151020408163266,False
/home/fcandia/tesis-primate/data/raw/weddells_saddleBack_tamarin__LW/E and lower/20240223_165935.wav,lw,24.23002267573696,False
/home/fcandia/tesis-primate/data/raw/weddells_saddleBack_tamarin__LW/E and lower/20240223_170412.wav,lw,78.83174603174604,False
/home/fcandia/tesis-primate/data/raw/weddells_saddleBack_tamarin__LW/E and lower/20240313_163452.wav,lw,32.20607709750567,False
/home/fcandia/tesis-primate/data/raw/weddells_saddleBack_tamarin__LW/E and lower/20240313_163821.wav,lw,22.430476190476192,False
/home/fcandia/tesis-primate/data/raw/weddells_saddleBack_tamarin__LW/E and lower/20240313_170427.wav,lw,46.4863492063492,False
/home/fcandia/tesis-primate/data/raw/weddells_saddleBack_tamarin__LW/E and lower/20240404_052434.wav,lw,90.90612244897959,False
/home/fcandia/tesis-primate/data/raw/weddells_saddleBack_tamarin__LW/E and lower/20240404_052604.wav,lw,207.80698412698413,False
/home/fcandia/tesis-primate/data/raw/weddells_saddleBack_tamarin__LW/E and lower/20240404_065527.wav,lw,83.78920634920635,False
/home/fcandia/tesis-primate/data/raw/weddells_saddleBack_tamarin__LW/E and lower/20240409_072032.wav,lw,42.93369614512471,False
/home/fcandia/tesis-primate/data/raw/weddells_saddleBack_tamarin__LW/E and lower/20240409_072041.wav,lw,30.046621315192745,False
/home/fcandia/tesis-primate/data/raw/weddells_saddleBack_tamarin__LW/E and lower/20240416_100239.wav,lw,32.98394557823129,False
/home/fcandia/tesis-primate/data/raw/weddells_saddleBack_tamarin__LW/E and lower/20240416_100312.wav,lw,40.96,False
/home/fcandia/tesis-primate/data/raw/weddells_saddleBack_tamarin__LW/E and lower/20240416_100352.wav,lw,31.10312925170068,False
/home/fcandia/tesis-primate/data/raw/weddells_saddleBack_tamarin__LW/E and lower/20240423_160856.wav,lw,14.048072562358277,False
/home/fcandia/tesis-primate/data/raw/weddells_saddleBack_tamarin__LW/E and lower/20240423_161303.wav,lw,41.33151927437642,False
/home/fcandia/tesis-primate/data/raw/weddells_saddleBack_tamarin__LW/E and lower/20240425_073655.wav,lw,31.02185941043084,False
/home/fcandia/tesis-primate/data/raw/weddells_saddleBack_tamarin__LW/E and lower/20240429_104828.wav,lw,15.000090702947846,False
/home/fcandia/tesis-primate/data/raw/weddells_saddleBack_tamarin__LW/E and lower/20240429_105605.wav,lw,32.670476190476194,False
/home/fcandia/tesis-primate/data/raw/weddells_saddleBack_tamarin__LW/E and lower/20240505_061326.wav,lw,30.72,False
/home/fcandia/tesis-primate/data/raw/weddells_saddleBack_tamarin__LW/E and lower/20240514_160230.wav,lw,12.329795918367347,False
/home/fcandia/tesis-primate/data/raw/weddells_saddleBack_tamarin__LW/E and lower/20240514_160759.wav,lw,30.812879818594105,False
/home/fcandia/tesis-primate/data/raw/weddells_saddleBack_tamarin__LW/E and lower/20240516_161827.wav,lw,36.80362811791383,False
/home/fcandia/tesis-primate/data/raw/weddells_saddleBack_tamarin__LW/E and lower/20240516_161933.wav,lw,30.67356009070295,False
/home/fcandia/tesis-primate/data/raw/weddells_saddleBack_tamarin__LW/E and lower/20240518_071642.wav,lw,52.59319727891157,False
/home/fcandia/tesis-primate/data/raw/weddells_saddleBack_tamarin__LW/E and lower/20240518_071734.wav,lw,54.28825396825397,False
/home/fcandia/tesis-primate/data/raw/weddells_saddleBack_tamarin__LW/E and lower/20240610_141153.wav,lw,35.31755102040816,False
/home/fcandia/tesis-primate/data/raw/weddells_saddleBack_tamarin__LW/E and lower/20240826_155605.wav,lw,18.599183673469387,False
/home/fcandia/tesis-primate/data/raw/weddells_saddleBack_tamarin__LW/E and lower/20240826_155641.wav,lw,30.06984126984127,False
/home/fcandia/tesis-primate/data/raw/weddells_saddleBack_tamarin__LW/E and lower/20240905_080631.wav,lw,23.800453514739228,False
/home/fcandia/tesis-primate/data/raw/weddells_saddleBack_tamarin__LW/E and lower/20241116_050916.wav,lw,10.611519274376418,False
/home/fcandia/tesis-primate/data/raw/weddells_saddleBack_tamarin__LW/E and lower/240125_0026.wav,lw,59.29795918367347,False
/home/fcandia/tesis-primate/data/raw/weddells_saddleBack_tamarin__LW/E and lower/240125_0027.wav,lw,62.223673469387755,False
/home/fcandia/tesis-primate/data/raw/weddells_saddleBack_tamarin__LW/E and lower/240125_0029.wav,lw,70.21714285714286,False
/home/fcandia/tesis-primate/data/raw/weddells_saddleBack_tamarin__LW/E and lower/240125_0030.wav,lw,62.354285714285716,False
/home/fcandia/tesis-primate/data/raw/weddells_saddleBack_tamarin__LW/E and lower/240125_0031.wav,lw,60.4734693877551,False
/home/fcandia/tesis-primate/data/raw/weddells_saddleBack_tamarin__LW/E and lower/Rare sounds/20240210_120504.wav,lw,111.23519274376417,False
/home/fcandia/tesis-primate/data/raw/weddells_saddleBack_tamarin__LW/E and lower/Rare sounds/20240210_120708.wav,lw,22.070566893424036,False
/home/fcandia/tesis-primate/data/raw/weddells_saddleBack_tamarin__LW/E and lower/Rare sounds/20240210_120738.wav,lw,35.48009070294785,False
/home/fcandia/tesis-primate/data/raw/weddells_saddleBack_tamarin__LW/E and lower/Rare sounds/20240217_083921.wav,lw,17.182766439909297,False
/home/fcandia/tesis-primate/data/raw/weddells_saddleBack_tamarin__LW/E and lower/Rare sounds/20240217_084801.wav,lw,45.10476190476191,False
/home/fcandia/tesis-primate/data/raw/weddells_saddleBack_tamarin__LW/E and lower/Rare sounds/20240217_084852.wav,lw,50.59628117913832,False
/home/fcandia/tesis-primate/data/raw/weddells_saddleBack_tamarin__LW/E and lower/Rare sounds/20240217_084954.wav,lw,55.797551020408164,False
/home/fcandia/tesis-primate/data/raw/weddells_saddleBack_tamarin__LW/E and lower/Rare sounds/20240217_085057.wav,lw,20.619319727891156,False
/home/fcandia/tesis-primate/data/raw/weddells_saddleBack_tamarin__LW/E and lower/Rare sounds/20240217_085211.wav,lw,45.81297052154195,False
/home/fcandia/tesis-primate/data/raw/weddells_saddleBack_tamarin__LW/E and lower/Rare sounds/20240217_085325.wav,lw,20.154920634920636,False
/home/fcandia/tesis-primate/data/raw/weddells_saddleBack_tamarin__LW/E and lower/Rare sounds/20240217_085401.wav,lw,39.19528344671202,False
/home/fcandia/tesis-primate/data/raw/weddells_saddleBack_tamarin__LW/E and lower/Rare sounds/20240217_090032.wav,lw,92.39219954648526,False
/home/fcandia/tesis-primate/data/raw/weddells_saddleBack_tamarin__LW/E and lower/Rare sounds/20240217_090659.wav,lw,59.81460317460318,False
/home/fcandia/tesis-primate/data/raw/weddells_saddleBack_tamarin__LW/E and lower/Rare sounds/20240217_092428.wav,lw,66.339410430839,False
/home/fcandia/tesis-primate/data/raw/weddells_saddleBack_tamarin__LW/E and lower/Rare sounds/20240217_092638.wav,lw,66.40907029478458,False
/home/fcandia/tesis-primate/data/raw/weddells_saddleBack_tamarin__LW/E and lower/Rare sounds/20240219_075843.wav,lw,47.25260770975056,False
/home/fcandia/tesis-primate/data/raw/weddells_saddleBack_tamarin__LW/E and lower/Rare sounds/20240219_075937.wav,lw,47.85632653061224,False
/home/fcandia/tesis-primate/data/raw/weddells_saddleBack_tamarin__LW/E and lower/Rare sounds/20240219_080438.wav,lw,29.38485260770975,False
/home/fcandia/tesis-primate/data/raw/weddells_saddleBack_tamarin__LW/E and lower/Rare sounds/20240313_170427.wav,lw,46.4863492063492,False
/home/fcandia/tesis-primate/data/raw/weddells_saddleBack_tamarin__LW/E and lower/Rare sounds/20240404_052434.wav,lw,90.90612244897959,False
/home/fcandia/tesis-primate/data/raw/weddells_saddleBack_tamarin__LW/New calls/20240505_062015.wav,lw,30.812879818594105,False
/home/fcandia/tesis-primate/data/raw/weddells_saddleBack_tamarin__LW/New calls/20250211_085545.wav,lw,16.799637188208617,False
/home/fcandia/tesis-primate/data/raw/weddells_saddleBack_tamarin__LW/New calls/20250211_085606.wav,lw,26.749387755102042,False
/home/fcandia/tesis-primate/data/raw/weddells_saddleBack_tamarin__LW/New calls/20250211_085638.wav,lw,15.62702947845805,False
/home/fcandia/tesis-primate/data/raw/weddells_saddleBack_tamarin__LW/New calls/Rare sounds/20240219_075937.wav,lw,47.85632653061224,False
/home/fcandia/tesis-primate/data/raw/weddells_saddleBack_tamarin__LW/New calls/Rare sounds/20240404_052434.wav,lw,90.90612244897959,False
/home/fcandia/tesis-primate/data/raw/weddells_saddleBack_tamarin__LW/New calls/Rare sounds/20240404_052604.wav,lw,207.80698412698413,False
